ISO-10303-21;
HEADER;
FILE_DESCRIPTION (( 'STEP AP214' ),
    '1' );
FILE_NAME ('first-iteration-of-assem-1.STEP',
    '2026-08-06T12:18:29',
    ( '' ),
    ( '' ),
    'SwSTEP 2.0',
    'SolidWorks 2021',
    '' );
FILE_SCHEMA (( 'AUTOMOTIVE_DESIGN' ));
ENDSEC;

DATA;
#1 = LINE ( 'NONE', #4205, #6647 ) ;
#2 = B_SPLINE_CURVE_WITH_KNOTS ( 'NONE', 3,
 ( #806, #1208, #3854, #3589 ),
 .UNSPECIFIED., .F., .F.,
 ( 4, 4 ),
 ( 4.166666548825282040E-08, 1.000000000000000000 ),
 .UNSPECIFIED. ) ;
#3 = VERTEX_POINT ( 'NONE', #7575 ) ;
#4 = EDGE_CURVE ( 'NONE', #579, #6261, #5784, .T. ) ;
#5 = CARTESIAN_POINT ( 'NONE',  ( 100.0000000000032259, 59.99999999999949551, -7.216449660063517513E-13 ) ) ;
#6 = CIRCLE ( 'NONE', #7468, 13.00000000000003197 ) ;
#7 = DIRECTION ( 'NONE',  ( 0.000000000000000000, 0.000000000000000000, 1.000000000000000000 ) ) ;
#8 = VECTOR ( 'NONE', #710, 1000.000000000000000 ) ;
#9 = ORIENTED_EDGE ( 'NONE', *, *, #7157, .T. ) ;
#10 = FACE_OUTER_BOUND ( 'NONE', #1697, .T. ) ;
#11 = CIRCLE ( 'NONE', #5451, 13.00000000000001066 ) ;
#12 = DIRECTION ( 'NONE',  ( 0.000000000000000000, -4.270088556250589275E-15, -1.000000000000000000 ) ) ;
#13 = EDGE_CURVE ( 'NONE', #773, #3212, #329, .T. ) ;
#14 = CIRCLE ( 'NONE', #4698, 13.00000000000001066 ) ;
#15 = CARTESIAN_POINT ( 'NONE',  ( -164.7499999999997726, 2.000000000000000000, -26.99999999999398170 ) ) ;
#16 = LINE ( 'NONE', #6746, #4411 ) ;
#17 = ORIENTED_EDGE ( 'NONE', *, *, #980, .T. ) ;
#18 = LINE ( 'NONE', #6594, #1886 ) ;
#19 = DIRECTION ( 'NONE',  ( 0.000000000000000000, -0.000000000000000000, 1.000000000000000000 ) ) ;
#20 = ADVANCED_FACE ( 'NONE', ( #4564 ), #4602, .F. ) ;
#21 = ORIENTED_EDGE ( 'NONE', *, *, #6306, .T. ) ;
#22 = EDGE_CURVE ( 'NONE', #2929, #4356, #7293, .T. ) ;
#23 = CARTESIAN_POINT ( 'NONE',  ( -3.368496825234937653, 0.6298530038906158257, -194.2928932188135605 ) ) ;
#24 = ORIENTED_EDGE ( 'NONE', *, *, #6272, .T. ) ;
#25 = CARTESIAN_POINT ( 'NONE',  ( -1135.499999999996817, 47.43362938564096254, 0.000000000000000000 ) ) ;
#26 = ORIENTED_EDGE ( 'NONE', *, *, #7572, .T. ) ;
#27 = CARTESIAN_POINT ( 'NONE',  ( -699.9999999999985221, 430.5663706143598688, 254.4336293856407281 ) ) ;
#28 = EDGE_LOOP ( 'NONE', ( #2803, #6034 ) ) ;
#29 = DIRECTION ( 'NONE',  ( -1.000000000000000000, 0.000000000000000000, 0.000000000000000000 ) ) ;
#30 = EDGE_CURVE ( 'NONE', #1603, #7603, #1974, .T. ) ;
#31 =( NAMED_UNIT ( * ) SI_UNIT ( $, .STERADIAN. ) SOLID_ANGLE_UNIT ( ) );
#32 = DIRECTION ( 'NONE',  ( 0.000000000000000000, 0.000000000000000000, 1.000000000000000000 ) ) ;
#33 = AXIS2_PLACEMENT_3D ( 'NONE', #1684, #2350, #5931 ) ;
#34 = DIRECTION ( 'NONE',  ( -1.000000000000000000, -0.000000000000000000, -3.486207565248076192E-15 ) ) ;
#35 = ORIENTED_EDGE ( 'NONE', *, *, #7312, .T. ) ;
#36 = EDGE_LOOP ( 'NONE', ( #4453, #5759 ) ) ;
#37 = DIRECTION ( 'NONE',  ( -0.000000000000000000, 1.000000000000000000, -3.491481338843133355E-15 ) ) ;
#38 = LINE ( 'NONE', #1104, #4385 ) ;
#39 = SURFACE_STYLE_USAGE ( .BOTH. , #4872 ) ;
#40 = EDGE_LOOP ( 'NONE', ( #791, #194 ) ) ;
#41 = DIRECTION ( 'NONE',  ( 3.301778511896375126E-15, -1.000000000000000000, 0.000000000000000000 ) ) ;
#42 = DIRECTION ( 'NONE',  ( 0.000000000000000000, 1.000000000000000000, 0.000000000000000000 ) ) ;
#43 = DIRECTION ( 'NONE',  ( 1.000000000000000000, 0.000000000000000000, 0.000000000000000000 ) ) ;
#44 = VERTEX_POINT ( 'NONE', #5275 ) ;
#45 = DIRECTION ( 'NONE',  ( 0.000000000000000000, 2.581914010756178150E-16, 1.000000000000000000 ) ) ;
#46 = EDGE_CURVE ( 'NONE', #3565, #4761, #6268, .T. ) ;
#47 = DIRECTION ( 'NONE',  ( -0.000000000000000000, -1.000000000000000000, 3.491481338843133355E-15 ) ) ;
#48 = LINE ( 'NONE', #1233, #3479 ) ;
#49 = CARTESIAN_POINT ( 'NONE',  ( -20.70710678118653547, 4.009700629462289889, -204.0705284616010715 ) ) ;
#50 = ORIENTED_EDGE ( 'NONE', *, *, #836, .F. ) ;
#51 = AXIS2_PLACEMENT_3D ( 'NONE', #5764, #1721, #2348 ) ;
#52 = DIRECTION ( 'NONE',  ( -0.000000000000000000, -0.000000000000000000, 1.000000000000000000 ) ) ;
#53 = DIRECTION ( 'NONE',  ( -3.469446951953611033E-15, 0.000000000000000000, 1.000000000000000000 ) ) ;
#54 = ORIENTED_EDGE ( 'NONE', *, *, #3504, .F. ) ;
#55 = DIRECTION ( 'NONE',  ( 0.000000000000000000, -1.000000000000000000, -3.491481338843133355E-15 ) ) ;
#56 = AXIS2_PLACEMENT_3D ( 'NONE', #652, #2459, #3705 ) ;
#57 = ORIENTED_EDGE ( 'NONE', *, *, #5679, .F. ) ;
#58 = CARTESIAN_POINT ( 'NONE',  ( 74.00000000000319744, 59.99999999999949551, -7.216449660063517513E-13 ) ) ;
#59 = ADVANCED_FACE ( 'NONE', ( #6348 ), #7050, .T. ) ;
#60 = ADVANCED_FACE ( 'NONE', ( #6976 ), #1546, .F. ) ;
#61 = ORIENTED_EDGE ( 'NONE', *, *, #1749, .T. ) ;
#62 = DIRECTION ( 'NONE',  ( 0.000000000000000000, -0.9933958742919005713, 0.1147372517529970382 ) ) ;
#63 = VERTEX_POINT ( 'NONE', #2257 ) ;
#64 = AXIS2_PLACEMENT_3D ( 'NONE', #3578, #4728, #7664 ) ;
#65 = DIRECTION ( 'NONE',  ( -1.000000000000000000, -3.301778511896374732E-15, -0.000000000000000000 ) ) ;
#66 = FILL_AREA_STYLE ('',( #5495 ) ) ;
#67 = AXIS2_PLACEMENT_3D ( 'NONE', #5854, #423, #7721 ) ;
#68 = CARTESIAN_POINT ( 'NONE',  ( 0.000000000000000000, -2.793185071074506684E-14, 0.000000000000000000 ) ) ;
#69 = VECTOR ( 'NONE', #5447, 1000.000000000000000 ) ;
#70 = LINE ( 'NONE', #3760, #1772 ) ;
#71 = EDGE_CURVE ( 'NONE', #7331, #7550, #2588, .T. ) ;
#72 = DIRECTION ( 'NONE',  ( 0.000000000000000000, 0.000000000000000000, -1.000000000000000000 ) ) ;
#73 = EDGE_LOOP ( 'NONE', ( #1075, #5080 ) ) ;
#74 = EDGE_LOOP ( 'NONE', ( #6418, #2438 ) ) ;
#75 = DIRECTION ( 'NONE',  ( 1.737738517507759613E-16, 3.301703183264736560E-15, 1.000000000000000000 ) ) ;
#76 = CARTESIAN_POINT ( 'NONE',  ( -204.9999999999999432, -8.000000000000000000, 2.363280683709619247E-14 ) ) ;
#77 = CONTEXT_DEPENDENT_SHAPE_REPRESENTATION ( #2111, #1819 ) ;
#78 = VERTEX_POINT ( 'NONE', #402 ) ;
#79 = DIRECTION ( 'NONE',  ( 1.000000000000000000, 0.000000000000000000, 0.000000000000000000 ) ) ;
#80 = FACE_OUTER_BOUND ( 'NONE', #1780, .T. ) ;
#81 = CARTESIAN_POINT ( 'NONE',  ( -699.9999999999995453, 174.9999999999998863, -8.000000000000000000 ) ) ;
#82 = ORIENTED_EDGE ( 'NONE', *, *, #6004, .F. ) ;
#83 = FACE_BOUND ( 'NONE', #6362, .T. ) ;
#84 = DIRECTION ( 'NONE',  ( -0.000000000000000000, 1.000000000000000000, 3.491481338843133750E-15 ) ) ;
#85 = DIRECTION ( 'NONE',  ( -0.000000000000000000, -1.000000000000000000, 3.491481338843133355E-15 ) ) ;
#86 = DIRECTION ( 'NONE',  ( -0.000000000000000000, 1.000000000000000000, -3.491481338843133355E-15 ) ) ;
#87 = ORIENTED_EDGE ( 'NONE', *, *, #4610, .F. ) ;
#88 = CARTESIAN_POINT ( 'NONE',  ( -640.0000000000000000, 437.4336293856408702, 34.43362938564073517 ) ) ;
#89 = VECTOR ( 'NONE', #929, 1000.000000000000000 ) ;
#90 = DIRECTION ( 'NONE',  ( -1.000000000000000000, 0.000000000000000000, 0.000000000000000000 ) ) ;
#91 = VERTEX_POINT ( 'NONE', #2813 ) ;
#92 = DIRECTION ( 'NONE',  ( -0.000000000000000000, -1.000000000000000000, 3.491481338843133355E-15 ) ) ;
#93 = VECTOR ( 'NONE', #7358, 1000.000000000000000 ) ;
#94 = VECTOR ( 'NONE', #3049, 1000.000000000000000 ) ;
#95 = VERTEX_POINT ( 'NONE', #3449 ) ;
#96 = AXIS2_PLACEMENT_3D ( 'NONE', #2192, #3535, #2859 ) ;
#97 = ORIENTED_EDGE ( 'NONE', *, *, #5805, .F. ) ;
#98 = DIRECTION ( 'NONE',  ( -0.000000000000000000, -1.000000000000000000, 3.491481338843132961E-15 ) ) ;
#99 = ORIENTED_EDGE ( 'NONE', *, *, #5299, .T. ) ;
#100 = DIRECTION ( 'NONE',  ( -0.000000000000000000, 1.000000000000000000, -3.491481338843133355E-15 ) ) ;
#101 = VECTOR ( 'NONE', #5157, 1000.000000000000114 ) ;
#103 = LINE ( 'NONE', #3683, #740 ) ;
#102 = COLOUR_RGB ( '',0.7921568627450980005, 0.8196078431372548767, 0.9333333333333333481 ) ;
#104 = AXIS2_PLACEMENT_3D ( 'NONE', #4649, #3458, #2267 ) ;
#105 = EDGE_CURVE ( 'NONE', #3065, #6289, #4080, .T. ) ;
#106 = DIRECTION ( 'NONE',  ( 0.000000000000000000, -4.270088556250589275E-15, -1.000000000000000000 ) ) ;
#107 = PLANE ( 'NONE',  #5603 ) ;
#108 = FACE_OUTER_BOUND ( 'NONE', #5972, .T. ) ;
#109 = VECTOR ( 'NONE', #7355, 1000.000000000000000 ) ;
#110 = VERTEX_POINT ( 'NONE', #4682 ) ;
#111 = ORIENTED_EDGE ( 'NONE', *, *, #4766, .T. ) ;
#112 = PLANE ( 'NONE',  #5576 ) ;
#113 = FACE_OUTER_BOUND ( 'NONE', #7356, .T. ) ;
#114 = ADVANCED_FACE ( 'NONE', ( #6693 ), #3695, .F. ) ;
#115 = EDGE_CURVE ( 'NONE', #4536, #7657, #7160, .T. ) ;
#116 = CIRCLE ( 'NONE', #7458, 10.00000000000000888 ) ;
#117 = AXIS2_PLACEMENT_3D ( 'NONE', #2680, #220, #908 ) ;
#118 = EDGE_LOOP ( 'NONE', ( #409, #3356, #268, #7097 ) ) ;
#119 = CARTESIAN_POINT ( 'NONE',  ( -196.4558058261758333, -1.534823700424792214E-14, -194.2928932188135036 ) ) ;
#120 = LINE ( 'NONE', #4246, #4443 ) ;
#121 = CYLINDRICAL_SURFACE ( 'NONE', #5953, 13.00000000000003197 ) ;
#122 = VERTEX_POINT ( 'NONE', #5388 ) ;
#123 = CIRCLE ( 'NONE', #5564, 13.00000000000012257 ) ;
#124 = CARTESIAN_POINT ( 'NONE',  ( 153.9999999999999716, 370.0000000000000568, -7.216449660063517513E-13 ) ) ;
#125 = CARTESIAN_POINT ( 'NONE',  ( 207.0000000000000284, 430.0000000000000568, 207.0000000000007105 ) ) ;
#126 = EDGE_CURVE ( 'NONE', #463, #5909, #6064, .T. ) ;
#127 = CARTESIAN_POINT ( 'NONE',  ( -164.7499999999997726, -8.000000000000000000, -39.99999999999398170 ) ) ;
#128 = VECTOR ( 'NONE', #2651, 1000.000000000000000 ) ;
#129 = CARTESIAN_POINT ( 'NONE',  ( 11.99999999999988809, 0.000000000000000000, -4.163336342344337027E-14 ) ) ;
#130 = AXIS2_PLACEMENT_3D ( 'NONE', #3484, #6974, #2732 ) ;
#131 = ORIENTED_EDGE ( 'NONE', *, *, #6704, .F. ) ;
#132 = ORIENTED_EDGE ( 'NONE', *, *, #3541, .T. ) ;
#133 = AXIS2_PLACEMENT_3D ( 'NONE', #5463, #4946, #3800 ) ;
#134 = CARTESIAN_POINT ( 'NONE',  ( -814.4999999999995453, 174.9999999999998863, 2.000000000000000000 ) ) ;
#135 = VECTOR ( 'NONE', #7113, 1000.000000000000000 ) ;
#136 = CYLINDRICAL_SURFACE ( 'NONE', #5505, 12.00000000000001066 ) ;
#137 = ADVANCED_FACE ( 'NONE', ( #2964 ), #4719, .F. ) ;
#138 = CYLINDRICAL_SURFACE ( 'NONE', #7263, 12.99999999999979039 ) ;
#139 = ORIENTED_EDGE ( 'NONE', *, *, #7718, .T. ) ;
#140 = ORIENTED_EDGE ( 'NONE', *, *, #5632, .T. ) ;
#141 = CARTESIAN_POINT ( 'NONE',  ( 180.0000000000032117, 60.00000000000005684, -7.216449660063517513E-13 ) ) ;
#142 = ORIENTED_EDGE ( 'NONE', *, *, #590, .T. ) ;
#143 = LINE ( 'NONE', #3794, #1990 ) ;
#144 = EDGE_CURVE ( 'NONE', #1731, #4095, #38, .T. ) ;
#145 = CARTESIAN_POINT ( 'NONE',  ( -10.00000000000006928, -8.000000000000000000, -197.5900000000000034 ) ) ;
#146 = CYLINDRICAL_SURFACE ( 'NONE', #7613, 13.00000000000001776 ) ;
#147 = CARTESIAN_POINT ( 'NONE',  ( -144.4999999999997442, 430.5663706143591867, 72.00000000000022737 ) ) ;
#148 = CARTESIAN_POINT ( 'NONE',  ( -8.246284668078617486, 9.176961477470657158, -194.2928932188135605 ) ) ;
#149 = ORIENTED_EDGE ( 'NONE', *, *, #5394, .F. ) ;
#150 = EDGE_CURVE ( 'NONE', #7475, #4146, #3524, .T. ) ;
#151 = EDGE_LOOP ( 'NONE', ( #1489, #2106, #3003, #2689 ) ) ;
#152 = CARTESIAN_POINT ( 'NONE',  ( -1135.500000000000227, 500.0000000000002274, 59.00000000000007816 ) ) ;
#153 = AXIS2_PLACEMENT_3D ( 'NONE', #5137, #3955, #2122 ) ;
#154 = CARTESIAN_POINT ( 'NONE',  ( -214.8679174858380065, 9.705254964939939555, -206.2928927188135049 ) ) ;
#155 = VERTEX_POINT ( 'NONE', #6023 ) ;
#156 = CARTESIAN_POINT ( 'NONE',  ( -1200.000000000000000, -1.469576158976823797E-13, -8.000000000000000000 ) ) ;
#157 = DIRECTION ( 'NONE',  ( -0.000000000000000000, -1.000000000000000000, -0.000000000000000000 ) ) ;
#158 = FACE_OUTER_BOUND ( 'NONE', #2180, .T. ) ;
#159 = VERTEX_POINT ( 'NONE', #1735 ) ;
#160 = ORIENTED_EDGE ( 'NONE', *, *, #1908, .F. ) ;
#161 = EDGE_CURVE ( 'NONE', #5354, #2493, #1852, .T. ) ;
#162 = EDGE_CURVE ( 'NONE', #4572, #1423, #518, .T. ) ;
#163 = FACE_OUTER_BOUND ( 'NONE', #1112, .T. ) ;
#164 = DIRECTION ( 'NONE',  ( -0.000000000000000000, -1.000000000000000000, 3.491481338843133355E-15 ) ) ;
#165 = CARTESIAN_POINT ( 'NONE',  ( -8.000000000000000000, 0.000000000000000000, 0.000000000000000000 ) ) ;
#166 = CARTESIAN_POINT ( 'NONE',  ( -207.0000000000000853, 29.25000000000003197, -166.2928932188134752 ) ) ;
#167 = ORIENTED_EDGE ( 'NONE', *, *, #850, .T. ) ;
#168 = EDGE_LOOP ( 'NONE', ( #5474, #4043, #931, #1577 ) ) ;
#169 = EDGE_CURVE ( 'NONE', #5280, #3324, #1, .T. ) ;
#170 = DIRECTION ( 'NONE',  ( -1.000000000000000000, -3.301778511896374732E-15, -0.000000000000000000 ) ) ;
#171 = CARTESIAN_POINT ( 'NONE',  ( -1055.499999999996817, 47.43362938564094122, 0.000000000000000000 ) ) ;
#172 = DIRECTION ( 'NONE',  ( -1.000000000000000000, 0.000000000000000000, 0.000000000000000000 ) ) ;
#173 = EDGE_LOOP ( 'NONE', ( #5276, #5985, #3042, #1522 ) ) ;
#174 = ORIENTED_EDGE ( 'NONE', *, *, #105, .T. ) ;
#175 = FACE_BOUND ( 'NONE', #3364, .T. ) ;
#176 = VERTEX_POINT ( 'NONE', #5503 ) ;
#177 = LINE ( 'NONE', #1366, #93 ) ;
#178 = CARTESIAN_POINT ( 'NONE',  ( -640.0000000000000000, 429.4336293856407565, 47.43362938564074227 ) ) ;
#179 = VECTOR ( 'NONE', #6864, 1000.000000000000000 ) ;
#180 = CARTESIAN_POINT ( 'NONE',  ( 3.053113317719180486E-13, 42.25000000000073186, -31.29289321881345387 ) ) ;
#181 = DIRECTION ( 'NONE',  ( 1.224646799147353207E-16, -1.000000000000000000, 0.000000000000000000 ) ) ;
#182 = EDGE_CURVE ( 'NONE', #6991, #2793, #2365, .T. ) ;
#183 = CYLINDRICAL_SURFACE ( 'NONE', #3548, 13.00000000000001066 ) ;
#184 = AXIS2_PLACEMENT_3D ( 'NONE', #571, #4071, #3464 ) ;
#185 = ORIENTED_EDGE ( 'NONE', *, *, #5689, .F. ) ;
#186 = VERTEX_POINT ( 'NONE', #2413 ) ;
#187 = DIRECTION ( 'NONE',  ( 0.000000000000000000, -0.000000000000000000, 1.000000000000000000 ) ) ;
#188 = AXIS2_PLACEMENT_3D ( 'NONE', #2757, #305, #976 ) ;
#189 = EDGE_CURVE ( 'NONE', #4146, #5107, #1152, .T. ) ;
#190 = VERTEX_POINT ( 'NONE', #1222 ) ;
#191 = CARTESIAN_POINT ( 'NONE',  ( -64.49999999999866418, 430.5663706143603235, 382.0000000000001705 ) ) ;
#192 = DIRECTION ( 'NONE',  ( -1.850371707708594316E-16, 1.000000000000000000, 0.000000000000000000 ) ) ;
#193 = CARTESIAN_POINT ( 'NONE',  ( -1122.499999999999773, 357.4336293856409270, -8.000000000000000000 ) ) ;
#194 = ORIENTED_EDGE ( 'NONE', *, *, #3606, .F. ) ;
#195 = CARTESIAN_POINT ( 'NONE',  ( -640.0000000000000000, -3.229450135612500076E-13, 47.43362938563924303 ) ) ;
#196 = CARTESIAN_POINT ( 'NONE',  ( -1135.500000000000000, 357.4336293856409270, -8.000000000000000000 ) ) ;
#197 = FACE_OUTER_BOUND ( 'NONE', #3471, .T. ) ;
#198 = ADVANCED_FACE ( 'NONE', ( #2296 ), #7771, .F. ) ;
#199 = ADVANCED_FACE ( 'NONE', ( #5949, #7163, #1186, #1816, #2931 ), #3045, .F. ) ;
#200 = CARTESIAN_POINT ( 'NONE',  ( -215.0000000000001990, 55.25000000000004263, -31.29289321881345387 ) ) ;
#201 = DIRECTION ( 'NONE',  ( -0.000000000000000000, -0.000000000000000000, 1.000000000000000000 ) ) ;
#202 = ORIENTED_EDGE ( 'NONE', *, *, #2227, .F. ) ;
#203 = ORIENTED_EDGE ( 'NONE', *, *, #6164, .T. ) ;
#204 = AXIS2_PLACEMENT_3D ( 'NONE', #6423, #1505, #1070 ) ;
#205 = CARTESIAN_POINT ( 'NONE',  ( -712.9999999999995453, 174.9999999999998863, 0.000000000000000000 ) ) ;
#206 = CARTESIAN_POINT ( 'NONE',  ( 207.0000000000000000, 430.0000000000000568, 215.0000000000007105 ) ) ;
#207 = CYLINDRICAL_SURFACE ( 'NONE', #1572, 12.99999999999999822 ) ;
#208 = EDGE_CURVE ( 'NONE', #1840, #5846, #2848, .T. ) ;
#209 = ADVANCED_FACE ( 'NONE', ( #7283, #752, #794, #1378, #113 ), #6807, .F. ) ;
#210 = ORIENTED_EDGE ( 'NONE', *, *, #6994, .F. ) ;
#211 =( GEOMETRIC_REPRESENTATION_CONTEXT ( 3 ) GLOBAL_UNCERTAINTY_ASSIGNED_CONTEXT ( ( #4552 ) ) GLOBAL_UNIT_ASSIGNED_CONTEXT ( ( #744, #6213, #3834 ) ) REPRESENTATION_CONTEXT ( 'NONE', 'WORKASPACE' ) );
#212 = ORIENTED_EDGE ( 'NONE', *, *, #7451, .T. ) ;
#213 = CARTESIAN_POINT ( 'NONE',  ( 0.000000000000000000, 465.0000000000000000, -8.000000000000000000 ) ) ;
#214 = ORIENTED_EDGE ( 'NONE', *, *, #3189, .T. ) ;
#215 = CARTESIAN_POINT ( 'NONE',  ( -194.2928932188135889, 9.176961477470710449, -206.7537153319214269 ) ) ;
#216 = SURFACE_STYLE_FILL_AREA ( #66 ) ;
#217 = AXIS2_PLACEMENT_3D ( 'NONE', #2687, #2091, #5701 ) ;
#218 = CYLINDRICAL_SURFACE ( 'NONE', #2033, 13.00000000000001066 ) ;
#219 = AXIS2_PLACEMENT_3D ( 'NONE', #6968, #3963, #3282 ) ;
#220 = DIRECTION ( 'NONE',  ( 0.000000000000000000, 0.000000000000000000, 1.000000000000000000 ) ) ;
#221 = CARTESIAN_POINT ( 'NONE',  ( -20.70710678118653547, 9.705254955006104467, -214.8679174846906790 ) ) ;
#222 = VERTEX_POINT ( 'NONE', #154 ) ;
#223 = DIRECTION ( 'NONE',  ( 0.000000000000000000, 1.000000000000000000, -3.491481338843133355E-15 ) ) ;
#224 = CIRCLE ( 'NONE', #3650, 13.00000000000001066 ) ;
#225 = ORIENTED_EDGE ( 'NONE', *, *, #4277, .T. ) ;
#226 = CIRCLE ( 'NONE', #2252, 13.00000000000001066 ) ;
#227 = VECTOR ( 'NONE', #2696, 1000.000000000000227 ) ;
#228 = DIRECTION ( 'NONE',  ( 0.000000000000000000, -3.324886662288877240E-15, -1.000000000000000000 ) ) ;
#229 = EDGE_CURVE ( 'NONE', #3021, #3614, #2349, .T. ) ;
#230 = PRODUCT_CONTEXT ( 'NONE', #2412, 'mechanical' ) ;
#231 = ORIENTED_EDGE ( 'NONE', *, *, #405, .T. ) ;
#232 = CYLINDRICAL_SURFACE ( 'NONE', #5164, 12.99999999999998401 ) ;
#233 = AXIS2_PLACEMENT_3D ( 'NONE', #27, #4343, #6048 ) ;
#234 = DIRECTION ( 'NONE',  ( 0.000000000000000000, -0.000000000000000000, 1.000000000000000000 ) ) ;
#235 = CARTESIAN_POINT ( 'NONE',  ( -560.0000000000000000, 464.9999999999998863, 0.000000000000000000 ) ) ;
#236 = VERTEX_POINT ( 'NONE', #76 ) ;
#237 = DIRECTION ( 'NONE',  ( -0.000000000000000000, 0.000000000000000000, -1.000000000000000000 ) ) ;
#238 = VECTOR ( 'NONE', #170, 1000.000000000000000 ) ;
#239 = DIRECTION ( 'NONE',  ( 0.000000000000000000, 4.270088556250671316E-15, 1.000000000000000000 ) ) ;
#240 = ORIENTED_EDGE ( 'NONE', *, *, #396, .T. ) ;
#241 = ADVANCED_FACE ( 'NONE', ( #5069 ), #1415, .T. ) ;
#242 = CARTESIAN_POINT ( 'NONE',  ( 0.000000000000000000, 429.4336293856406996, 69.43362938564074227 ) ) ;
#243 = VECTOR ( 'NONE', #559, 1000.000000000000000 ) ;
#244 = DIRECTION ( 'NONE',  ( 3.491481338843134144E-15, -0.000000000000000000, 1.000000000000000000 ) ) ;
#245 = AXIS2_PLACEMENT_3D ( 'NONE', #5716, #3181, #3820 ) ;
#246 = EDGE_LOOP ( 'NONE', ( #4631, #6939 ) ) ;
#247 = VERTEX_POINT ( 'NONE', #3197 ) ;
#248 = ADVANCED_FACE ( 'NONE', ( #6254 ), #5585, .F. ) ;
#249 = DIRECTION ( 'NONE',  ( 1.000000000000000000, 0.000000000000000000, 0.000000000000000000 ) ) ;
#250 = VECTOR ( 'NONE', #7123, 1000.000000000000000 ) ;
#251 = FACE_OUTER_BOUND ( 'NONE', #5682, .T. ) ;
#252 = VECTOR ( 'NONE', #3659, 1000.000000000000000 ) ;
#253 = DIRECTION ( 'NONE',  ( -1.000000000000000000, 0.000000000000000000, 0.000000000000000000 ) ) ;
#254 = AXIS2_PLACEMENT_3D ( 'NONE', #387, #7486, #3351 ) ;
#255 = VERTEX_POINT ( 'NONE', #1451 ) ;
#256 = ORIENTED_EDGE ( 'NONE', *, *, #7177, .T. ) ;
#257 = ADVANCED_FACE ( 'NONE', ( #3162 ), #5656, .F. ) ;
#258 = EDGE_CURVE ( 'NONE', #3041, #463, #3898, .T. ) ;
#259 = PLANE ( 'NONE',  #7709 ) ;
#260 = VERTEX_POINT ( 'NONE', #6180 ) ;
#261 = DIRECTION ( 'NONE',  ( 0.000000000000000000, 0.000000000000000000, -1.000000000000000000 ) ) ;
#262 = DIRECTION ( 'NONE',  ( 1.000000000000000000, 0.000000000000000000, 0.000000000000000000 ) ) ;
#263 = VERTEX_POINT ( 'NONE', #6290 ) ;
#264 = AXIS2_PLACEMENT_3D ( 'NONE', #5584, #7365, #935 ) ;
#265 = FILL_AREA_STYLE_COLOUR ( '', #337 ) ;
#266 = FACE_OUTER_BOUND ( 'NONE', #3980, .T. ) ;
#267 = DIRECTION ( 'NONE',  ( 0.000000000000000000, 1.000000000000000000, 3.491481338843133355E-15 ) ) ;
#268 = ORIENTED_EDGE ( 'NONE', *, *, #4616, .T. ) ;
#269 = EDGE_CURVE ( 'NONE', #236, #340, #3877, .T. ) ;
#270 = CARTESIAN_POINT ( 'NONE',  ( -164.7499999999997726, 0.000000000000000000, -170.5857864376210102 ) ) ;
#271 = ORIENTED_EDGE ( 'NONE', *, *, #3892, .T. ) ;
#272 = CARTESIAN_POINT ( 'NONE',  ( -500.0000000000014211, 422.5663706143598688, 254.4336293856407849 ) ) ;
#273 = ORIENTED_EDGE ( 'NONE', *, *, #4527, .T. ) ;
#274 = CARTESIAN_POINT ( 'NONE',  ( -204.9789019048591001, 5.177911802334432601, -194.2928932188135036 ) ) ;
#275 = DIRECTION ( 'NONE',  ( 1.000000000000000000, 0.000000000000000000, -0.000000000000000000 ) ) ;
#276 = FACE_OUTER_BOUND ( 'NONE', #6399, .T. ) ;
#277 = ORIENTED_EDGE ( 'NONE', *, *, #2834, .F. ) ;
#278 = ADVANCED_FACE ( 'NONE', ( #3805 ), #2052, .F. ) ;
#279 = ORIENTED_EDGE ( 'NONE', *, *, #5206, .T. ) ;
#280 = DIRECTION ( 'NONE',  ( -1.000000000000000000, 3.491481338843133355E-15, 4.379057701015053347E-47 ) ) ;
#281 = DIRECTION ( 'NONE',  ( 0.000000000000000000, -0.000000000000000000, -1.000000000000000000 ) ) ;
#282 = ORIENTED_EDGE ( 'NONE', *, *, #7251, .T. ) ;
#283 = DIRECTION ( 'NONE',  ( -1.000000000000000000, 0.000000000000000000, -0.000000000000000000 ) ) ;
#284 = ADVANCED_BREP_SHAPE_REPRESENTATION ( '', ( #3554, #2120 ), #1727 ) ;
#285 = CARTESIAN_POINT ( 'NONE',  ( -213.8678171597081246, 4.936529451241444377, -194.2928932188135036 ) ) ;
#286 = ORIENTED_EDGE ( 'NONE', *, *, #1019, .T. ) ;
#287 = ORIENTED_EDGE ( 'NONE', *, *, #3476, .T. ) ;
#288 = EDGE_CURVE ( 'NONE', #6374, #7024, #6042, .T. ) ;
#289 = DIRECTION ( 'NONE',  ( 0.000000000000000000, -0.000000000000000000, 1.000000000000000000 ) ) ;
#290 = DIRECTION ( 'NONE',  ( 0.000000000000000000, 1.000000000000000000, -3.491481338843133355E-15 ) ) ;
#291 = CARTESIAN_POINT ( 'NONE',  ( -4.336808689942017736E-14, 430.0000000000000000, 19.99999999999995737 ) ) ;
#292 = EDGE_CURVE ( 'NONE', #1297, #7624, #7054, .T. ) ;
#293 = VERTEX_POINT ( 'NONE', #2600 ) ;
#294 = CARTESIAN_POINT ( 'NONE',  ( 11.99999999999995737, 430.0000000000000000, 19.99999999999995737 ) ) ;
#295 = VERTEX_POINT ( 'NONE', #6884 ) ;
#296 = CYLINDRICAL_SURFACE ( 'NONE', #6463, 10.00000000000000888 ) ;
#297 = CARTESIAN_POINT ( 'NONE',  ( -560.0000000000000000, 464.9999999999998863, -8.000000000000000000 ) ) ;
#298 = DIRECTION ( 'NONE',  ( -0.000000000000000000, 1.000000000000000000, 3.491481338843133750E-15 ) ) ;
#299 = ORIENTED_EDGE ( 'NONE', *, *, #599, .F. ) ;
#300 = EDGE_CURVE ( 'NONE', #6334, #63, #7567, .T. ) ;
#301 = EDGE_CURVE ( 'NONE', #7611, #4146, #7328, .T. ) ;
#302 = CARTESIAN_POINT ( 'NONE',  ( -700.0000000000000000, 500.0000000000013074, 402.4336293856405291 ) ) ;
#303 = DIRECTION ( 'NONE',  ( 1.000000000000000000, 1.586032892321655835E-15, -0.000000000000000000 ) ) ;
#304 = EDGE_LOOP ( 'NONE', ( #4362, #1634 ) ) ;
#305 = DIRECTION ( 'NONE',  ( -1.000000000000000000, -0.000000000000000000, -0.000000000000000000 ) ) ;
#306 = EDGE_LOOP ( 'NONE', ( #3088, #4834, #4676, #3115 ) ) ;
#307 = VECTOR ( 'NONE', #1592, 1000.000000000000000 ) ;
#308 = ORIENTED_EDGE ( 'NONE', *, *, #5361, .F. ) ;
#309 = ADVANCED_FACE ( 'NONE', ( #7441 ), #3119, .F. ) ;
#310 = DIRECTION ( 'NONE',  ( -1.586032892321655835E-15, 1.000000000000000000, -0.000000000000000000 ) ) ;
#311 = CIRCLE ( 'NONE', #4743, 13.00000000000000533 ) ;
#312 = DIRECTION ( 'NONE',  ( 0.000000000000000000, 3.491481338843133355E-15, 1.000000000000000000 ) ) ;
#313 = ORIENTED_EDGE ( 'NONE', *, *, #6004, .T. ) ;
#314 = DIRECTION ( 'NONE',  ( 0.000000000000000000, 0.000000000000000000, 1.000000000000000000 ) ) ;
#315 = EDGE_LOOP ( 'NONE', ( #1770, #6006 ) ) ;
#316 = EDGE_LOOP ( 'NONE', ( #7649, #3940 ) ) ;
#317 = CARTESIAN_POINT ( 'NONE',  ( -10.00000000000000000, -8.000000000000000000, -187.5900000000000034 ) ) ;
#318 = ORIENTED_EDGE ( 'NONE', *, *, #6586, .F. ) ;
#319 = ORIENTED_EDGE ( 'NONE', *, *, #2242, .F. ) ;
#320 = EDGE_CURVE ( 'NONE', #7528, #2103, #7366, .T. ) ;
#321 = CARTESIAN_POINT ( 'NONE',  ( 99.99999999999997158, 369.9999999999994884, 215.0000000000000000 ) ) ;
#322 = DIRECTION ( 'NONE',  ( -0.000000000000000000, 1.000000000000000000, -3.491481338843133355E-15 ) ) ;
#323 = ORIENTED_EDGE ( 'NONE', *, *, #7370, .T. ) ;
#324 = EDGE_LOOP ( 'NONE', ( #3556, #3679 ) ) ;
#325 = CARTESIAN_POINT ( 'NONE',  ( -801.4999999999995453, 174.9999999999998863, 2.000000000000000000 ) ) ;
#326 = CARTESIAN_POINT ( 'NONE',  ( -385.4999999999999432, 39.99999999999987210, 2.000000000000000000 ) ) ;
#327 = DIRECTION ( 'NONE',  ( -3.301778511896374732E-15, 1.000000000000000000, 0.000000000000000000 ) ) ;
#328 = ORIENTED_EDGE ( 'NONE', *, *, #6657, .T. ) ;
#329 = CIRCLE ( 'NONE', #1833, 12.99999999999981704 ) ;
#330 = DIRECTION ( 'NONE',  ( 0.000000000000000000, 4.270088556250598741E-15, 1.000000000000000000 ) ) ;
#331 = ORIENTED_EDGE ( 'NONE', *, *, #7501, .F. ) ;
#332 = CARTESIAN_POINT ( 'NONE',  ( -164.7499999999997726, 0.000000000000000000, -39.99999999999398170 ) ) ;
#333 = DIRECTION ( 'NONE',  ( 0.000000000000000000, 0.000000000000000000, -1.000000000000000000 ) ) ;
#334 = DIRECTION ( 'NONE',  ( -0.000000000000000000, -0.000000000000000000, -1.000000000000000000 ) ) ;
#335 = ORIENTED_EDGE ( 'NONE', *, *, #1416, .F. ) ;
#336 = EDGE_CURVE ( 'NONE', #3588, #6860, #3511, .T. ) ;
#337 = COLOUR_RGB ( '',0.7921568627450980005, 0.8196078431372548767, 0.9333333333333333481 ) ;
#338 = DIRECTION ( 'NONE',  ( 0.000000000000000000, 0.000000000000000000, -1.000000000000000000 ) ) ;
#339 = LINE ( 'NONE', #3993, #6713 ) ;
#340 = VERTEX_POINT ( 'NONE', #7525 ) ;
#341 = DIRECTION ( 'NONE',  ( 0.000000000000000000, 1.000000000000000000, 0.000000000000000000 ) ) ;
#342 = ORIENTED_EDGE ( 'NONE', *, *, #7409, .T. ) ;
#343 = EDGE_CURVE ( 'NONE', #3203, #4207, #3643, .T. ) ;
#344 = AXIS2_PLACEMENT_3D ( 'NONE', #1181, #2213, #7122 ) ;
#345 = UNCERTAINTY_MEASURE_WITH_UNIT (LENGTH_MEASURE( 1.000000000000000082E-05 ), #1180, 'distance_accuracy_value', 'NONE');
#346 = ORIENTED_EDGE ( 'NONE', *, *, #2973, .F. ) ;
#347 = DIRECTION ( 'NONE',  ( -1.000000000000000000, -3.301778511896374732E-15, 0.000000000000000000 ) ) ;
#348 = LINE ( 'NONE', #5074, #4145 ) ;
#349 = ORIENTED_EDGE ( 'NONE', *, *, #3335, .F. ) ;
#350 = AXIS2_PLACEMENT_3D ( 'NONE', #7399, #5617, #3729 ) ;
#351 = LINE ( 'NONE', #1542, #1141 ) ;
#352 = CIRCLE ( 'NONE', #3385, 13.00000000000001066 ) ;
#353 = VERTEX_POINT ( 'NONE', #6242 ) ;
#354 = CIRCLE ( 'NONE', #733, 13.00000000000001066 ) ;
#355 = ORIENTED_EDGE ( 'NONE', *, *, #6657, .F. ) ;
#356 = EDGE_CURVE ( 'NONE', #5974, #1625, #177, .T. ) ;
#357 = EDGE_CURVE ( 'NONE', #2580, #2331, #6207, .T. ) ;
#358 = FILL_AREA_STYLE ('',( #992 ) ) ;
#359 = CARTESIAN_POINT ( 'NONE',  ( 0.000000000000000000, -8.000000000000000000, -10.00000000000006928 ) ) ;
#360 = DIRECTION ( 'NONE',  ( -1.290957005378089075E-16, -3.301778511896375126E-15, -1.000000000000000000 ) ) ;
#361 = AXIS2_PLACEMENT_3D ( 'NONE', #7166, #2968, #2332 ) ;
#362 =( GEOMETRIC_REPRESENTATION_CONTEXT ( 3 ) GLOBAL_UNCERTAINTY_ASSIGNED_CONTEXT ( ( #2724 ) ) GLOBAL_UNIT_ASSIGNED_CONTEXT ( ( #3969, #880, #3932 ) ) REPRESENTATION_CONTEXT ( 'NONE', 'WORKASPACE' ) );
#363 = ORIENTED_EDGE ( 'NONE', *, *, #6593, .T. ) ;
#364 = DIRECTION ( 'NONE',  ( 0.000000000000000000, 1.000000000000000000, -2.581914010756178150E-16 ) ) ;
#365 = CARTESIAN_POINT ( 'NONE',  ( -214.5895255532022929, 7.294935795784620147, -194.2928932188135036 ) ) ;
#366 = ORIENTED_EDGE ( 'NONE', *, *, #7224, .T. ) ;
#367 = ORIENTED_EDGE ( 'NONE', *, *, #756, .T. ) ;
#368 = AXIS2_PLACEMENT_3D ( 'NONE', #3719, #6205, #2988 ) ;
#369 = DIRECTION ( 'NONE',  ( 1.000000000000000000, 0.000000000000000000, 0.000000000000000000 ) ) ;
#370 = CARTESIAN_POINT ( 'NONE',  ( -1200.000000000000000, -1.469576158976823797E-13, 0.000000000000000000 ) ) ;
#371 = CARTESIAN_POINT ( 'NONE',  ( -8.000000000000000000, 60.00000000000000000, 67.50000000000319744 ) ) ;
#372 = DIRECTION ( 'NONE',  ( -0.000000000000000000, -1.000000000000000000, 3.491481338843132961E-15 ) ) ;
#373 = VECTOR ( 'NONE', #2032, 1000.000000000000000 ) ;
#374 = ORIENTED_EDGE ( 'NONE', *, *, #6793, .F. ) ;
#375 = AXIS2_PLACEMENT_3D ( 'NONE', #5120, #1587, #1043 ) ;
#376 = EDGE_CURVE ( 'NONE', #2552, #1164, #1291, .T. ) ;
#377 = DIRECTION ( 'NONE',  ( -0.000000000000000000, -0.000000000000000000, -1.000000000000000000 ) ) ;
#378 = ORIENTED_EDGE ( 'NONE', *, *, #6745, .T. ) ;
#379 = VECTOR ( 'NONE', #1192, 1000.000000000000000 ) ;
#380 = DIRECTION ( 'NONE',  ( 3.486207565248076192E-15, 0.000000000000000000, -1.000000000000000000 ) ) ;
#381 = DIRECTION ( 'NONE',  ( -3.301778511896374732E-15, 1.000000000000000000, 6.123233995736766036E-17 ) ) ;
#382 = CYLINDRICAL_SURFACE ( 'NONE', #6760, 13.00000000000001066 ) ;
#383 = ORIENTED_EDGE ( 'NONE', *, *, #4143, .T. ) ;
#384 = AXIS2_PLACEMENT_3D ( 'NONE', #5590, #5509, #5473 ) ;
#385 = VECTOR ( 'NONE', #6179, 1000.000000000000000 ) ;
#386 = CARTESIAN_POINT ( 'NONE',  ( -1169.999999999999773, 437.4336293856406996, 69.43362938564057174 ) ) ;
#387 = CARTESIAN_POINT ( 'NONE',  ( -1200.000000000000000, 417.4336293856408133, 12.00000000000000000 ) ) ;
#388 = EDGE_LOOP ( 'NONE', ( #985, #1101, #790, #2334 ) ) ;
#389 = EDGE_CURVE ( 'NONE', #3755, #1931, #4149, .T. ) ;
#390 = CARTESIAN_POINT ( 'NONE',  ( 1.032765604302435170E-15, 67.25000000000002842, -207.0000000000001990 ) ) ;
#391 = EDGE_LOOP ( 'NONE', ( #5828, #5748, #1038, #1236 ) ) ;
#392 = AXIS2_PLACEMENT_3D ( 'NONE', #5856, #7640, #2207 ) ;
#393 = VECTOR ( 'NONE', #1889, 1000.000000000000000 ) ;
#394 = LINE ( 'NONE', #2804, #2624 ) ;
#395 = LINE ( 'NONE', #3239, #1482 ) ;
#396 = EDGE_CURVE ( 'NONE', #2325, #2893, #6131, .T. ) ;
#397 = VERTEX_POINT ( 'NONE', #6098 ) ;
#398 = CARTESIAN_POINT ( 'NONE',  ( -899.9999999999998863, 464.9999999999998863, -8.000000000000000000 ) ) ;
#399 = ORIENTED_EDGE ( 'NONE', *, *, #2748, .F. ) ;
#400 = ORIENTED_EDGE ( 'NONE', *, *, #1569, .T. ) ;
#401 = DIRECTION ( 'NONE',  ( 0.000000000000000000, 0.000000000000000000, -1.000000000000000000 ) ) ;
#402 = CARTESIAN_POINT ( 'NONE',  ( -215.0000000000000284, 11.99999999999993072, -206.2928932188134752 ) ) ;
#403 = ORIENTED_EDGE ( 'NONE', *, *, #3689, .T. ) ;
#404 = LINE ( 'NONE', #5240, #3392 ) ;
#405 = EDGE_CURVE ( 'NONE', #7837, #6675, #6796, .T. ) ;
#406 = ADVANCED_FACE ( 'NONE', ( #3682, #6758, #4975, #5573, #2593 ), #2517, .T. ) ;
#407 = DIRECTION ( 'NONE',  ( -1.290957005378089075E-16, -3.301778511896375126E-15, -1.000000000000000000 ) ) ;
#408 = ORIENTED_EDGE ( 'NONE', *, *, #2864, .T. ) ;
#409 = ORIENTED_EDGE ( 'NONE', *, *, #3874, .F. ) ;
#410 = DIRECTION ( 'NONE',  ( -0.000000000000000000, -0.000000000000000000, 1.000000000000000000 ) ) ;
#411 = DIRECTION ( 'NONE',  ( 0.000000000000000000, -1.000000000000000000, -6.123233995736766036E-17 ) ) ;
#412 = CARTESIAN_POINT ( 'NONE',  ( -1200.000000000000000, 437.4336293856424618, -430.5663706143593572 ) ) ;
#413 = CARTESIAN_POINT ( 'NONE',  ( -164.7499999999997726, 2.000000000000000000, -157.5857864376210102 ) ) ;
#414 = EDGE_CURVE ( 'NONE', #353, #4256, #1232, .T. ) ;
#415 = ORIENTED_EDGE ( 'NONE', *, *, #161, .T. ) ;
#416 = CARTESIAN_POINT ( 'NONE',  ( -215.0000000000000853, 29.25000000000000355, -31.29289321881345387 ) ) ;
#417 = VERTEX_POINT ( 'NONE', #5609 ) ;
#418 = DIRECTION ( 'NONE',  ( -0.000000000000000000, -0.000000000000000000, -1.000000000000000000 ) ) ;
#419 = DIRECTION ( 'NONE',  ( 0.000000000000000000, 1.000000000000000000, -3.301778511896373943E-15 ) ) ;
#420 = CARTESIAN_POINT ( 'NONE',  ( -195.0000000000000000, 11.99999999999999467, 2.775557561562891351E-14 ) ) ;
#421 = PLANE ( 'NONE',  #2764 ) ;
#422 = EDGE_CURVE ( 'NONE', #864, #7521, #143, .T. ) ;
#423 = DIRECTION ( 'NONE',  ( 3.486207565248076192E-15, 0.000000000000000000, -1.000000000000000000 ) ) ;
#424 = CARTESIAN_POINT ( 'NONE',  ( 167.0000000000032117, 60.00000000000005684, -7.216449660063517513E-13 ) ) ;
#425 = ORIENTED_EDGE ( 'NONE', *, *, #5064, .T. ) ;
#426 = CARTESIAN_POINT ( 'NONE',  ( 207.0000000000000000, 430.0000000000000568, 215.0000000000007105 ) ) ;
#427 = ORIENTED_EDGE ( 'NONE', *, *, #4062, .F. ) ;
#428 = COLOUR_RGB ( '',0.7921568627450980005, 0.8196078431372548767, 0.9333333333333333481 ) ;
#429 = EDGE_CURVE ( 'NONE', #1793, #7090, #4425, .T. ) ;
#430 = CARTESIAN_POINT ( 'NONE',  ( 11.99999999999995559, 430.0000000000000568, 215.0000000000000284 ) ) ;
#431 = DIRECTION ( 'NONE',  ( -4.270088556250596374E-15, 1.000000000000000000, 0.000000000000000000 ) ) ;
#432 = EDGE_LOOP ( 'NONE', ( #2260, #7807 ) ) ;
#433 = DIRECTION ( 'NONE',  ( 0.000000000000000000, 0.000000000000000000, -1.000000000000000000 ) ) ;
#434 = VERTEX_POINT ( 'NONE', #1961 ) ;
#435 = ORIENTED_EDGE ( 'NONE', *, *, #300, .F. ) ;
#436 = CARTESIAN_POINT ( 'NONE',  ( -207.0000000000001990, 67.25000000000002842, 2.632990618166809156E-14 ) ) ;
#437 = EDGE_LOOP ( 'NONE', ( #3436, #5838, #2254, #6498 ) ) ;
#438 = CIRCLE ( 'NONE', #6507, 13.00000000000003197 ) ;
#439 = ORIENTED_EDGE ( 'NONE', *, *, #5343, .T. ) ;
#440 = DIRECTION ( 'NONE',  ( -0.000000000000000000, -0.000000000000000000, 1.000000000000000000 ) ) ;
#441 = PLANE ( 'NONE',  #1888 ) ;
#442 = ORIENTED_EDGE ( 'NONE', *, *, #4577, .F. ) ;
#443 = ORIENTED_EDGE ( 'NONE', *, *, #4704, .F. ) ;
#444 = AXIS2_PLACEMENT_3D ( 'NONE', #1750, #7140, #7821 ) ;
#445 = DIRECTION ( 'NONE',  ( 1.000000000000000000, 0.000000000000000000, 0.000000000000000000 ) ) ;
#446 = DIRECTION ( 'NONE',  ( 0.000000000000000000, 0.000000000000000000, -1.000000000000000000 ) ) ;
#447 = EDGE_CURVE ( 'NONE', #2552, #6090, #4275, .T. ) ;
#448 = EDGE_CURVE ( 'NONE', #1982, #5052, #6546, .T. ) ;
#449 = DIRECTION ( 'NONE',  ( 0.000000000000000000, 0.000000000000000000, 1.000000000000000000 ) ) ;
#450 = CARTESIAN_POINT ( 'NONE',  ( 0.000000000000000000, 60.00000000000000000, 134.5000000000031832 ) ) ;
#451 = VECTOR ( 'NONE', #2466, 1000.000000000000000 ) ;
#452 = ORIENTED_EDGE ( 'NONE', *, *, #1279, .T. ) ;
#453 = DIRECTION ( 'NONE',  ( -0.000000000000000000, -1.000000000000000000, -0.000000000000000000 ) ) ;
#454 = DIRECTION ( 'NONE',  ( 0.000000000000000000, 1.000000000000000000, 0.000000000000000000 ) ) ;
#455 = EDGE_CURVE ( 'NONE', #4904, #5348, #3130, .T. ) ;
#456 = DIRECTION ( 'NONE',  ( -1.000000000000000000, 0.000000000000000000, 0.000000000000000000 ) ) ;
#457 = DIRECTION ( 'NONE',  ( 0.000000000000000000, -1.000000000000000000, -3.491481338843133355E-15 ) ) ;
#458 = EDGE_CURVE ( 'NONE', #7024, #6374, #7696, .T. ) ;
#459 = CARTESIAN_POINT ( 'NONE',  ( -206.2928932188135605, 67.25000000000000000, -215.0000000000001990 ) ) ;
#460 = CARTESIAN_POINT ( 'NONE',  ( -398.5000000000003979, 174.9999999999998863, 0.000000000000000000 ) ) ;
#461 = ORIENTED_EDGE ( 'NONE', *, *, #1280, .T. ) ;
#462 = DIRECTION ( 'NONE',  ( -0.000000000000000000, -1.000000000000000000, 3.491481338843132961E-15 ) ) ;
#463 = VERTEX_POINT ( 'NONE', #2439 ) ;
#464 = VECTOR ( 'NONE', #2448, 1000.000000000000000 ) ;
#465 = CARTESIAN_POINT ( 'NONE',  ( 87.00000000000321165, 59.99999999999949551, 7.999999999999696243 ) ) ;
#466 = DIRECTION ( 'NONE',  ( -0.000000000000000000, -0.000000000000000000, -1.000000000000000000 ) ) ;
#467 = DIRECTION ( 'NONE',  ( -0.000000000000000000, -1.000000000000000000, 3.491481338843132961E-15 ) ) ;
#468 = DIRECTION ( 'NONE',  ( 0.000000000000000000, -4.270088556250666583E-15, -1.000000000000000000 ) ) ;
#469 = VERTEX_POINT ( 'NONE', #1887 ) ;
#470 = PRODUCT_DEFINITION_FORMATION_WITH_SPECIFIED_SOURCE ( 'ANY', '', #1124, .NOT_KNOWN. ) ;
#471 = EDGE_LOOP ( 'NONE', ( #3779, #3806 ) ) ;
#472 = DIRECTION ( 'NONE',  ( 0.000000000000000000, 0.000000000000000000, -1.000000000000000000 ) ) ;
#473 = ORIENTED_EDGE ( 'NONE', *, *, #1474, .F. ) ;
#474 = ORIENTED_EDGE ( 'NONE', *, *, #1520, .T. ) ;
#475 = CYLINDRICAL_SURFACE ( 'NONE', #5799, 13.00000000000001066 ) ;
#476 = VECTOR ( 'NONE', #3188, 1000.000000000000000 ) ;
#477 = AXIS2_PLACEMENT_3D ( 'NONE', #1099, #547, #1617 ) ;
#478 = CARTESIAN_POINT ( 'NONE',  ( 207.0000000000000000, 430.0000000000000000, -7.233796894823285584E-13 ) ) ;
#479 = ORIENTED_EDGE ( 'NONE', *, *, #1026, .F. ) ;
#480 = EDGE_LOOP ( 'NONE', ( #6040, #6982 ) ) ;
#481 = CARTESIAN_POINT ( 'NONE',  ( 154.0000000000031832, 60.00000000000005684, -7.216449660063517513E-13 ) ) ;
#482 = VECTOR ( 'NONE', #7100, 1000.000000000000114 ) ;
#483 = CIRCLE ( 'NONE', #1624, 13.00000000000003197 ) ;
#484 = DIRECTION ( 'NONE',  ( 0.000000000000000000, 0.000000000000000000, 1.000000000000000000 ) ) ;
#485 = FACE_OUTER_BOUND ( 'NONE', #5001, .T. ) ;
#486 = DIRECTION ( 'NONE',  ( -1.000000000000000000, -3.301778511896374732E-15, -0.000000000000000000 ) ) ;
#487 = AXIS2_PLACEMENT_3D ( 'NONE', #1769, #3509, #6452 ) ;
#488 = ORIENTED_EDGE ( 'NONE', *, *, #71, .T. ) ;
#489 = AXIS2_PLACEMENT_3D ( 'NONE', #3634, #7272, #5975 ) ;
#490 = ADVANCED_FACE ( 'NONE', ( #4861 ), #7271, .T. ) ;
#491 = CARTESIAN_POINT ( 'NONE',  ( -500.0000000000000000, 39.99999999999987210, 0.000000000000000000 ) ) ;
#492 = APPLICATION_CONTEXT ( 'automotive_design' ) ;
#493 = FACE_OUTER_BOUND ( 'NONE', #2837, .T. ) ;
#494 = CARTESIAN_POINT ( 'NONE',  ( -195.0000000000000000, -1.561251128379126385E-14, 2.739915825713870881E-14 ) ) ;
#495 = CARTESIAN_POINT ( 'NONE',  ( -699.9999999999995453, 174.9999999999998863, 0.000000000000000000 ) ) ;
#496 = AXIS2_PLACEMENT_3D ( 'NONE', #847, #5676, #249 ) ;
#497 = DIRECTION ( 'NONE',  ( 0.000000000000000000, 0.000000000000000000, -1.000000000000000000 ) ) ;
#498 = CIRCLE ( 'NONE', #1764, 12.99999999999979039 ) ;
#499 = LINE ( 'NONE', #7149, #5757 ) ;
#500 = EDGE_CURVE ( 'NONE', #4974, #1982, #3070, .T. ) ;
#501 = EDGE_CURVE ( 'NONE', #6367, #5237, #2476, .T. ) ;
#502 = CIRCLE ( 'NONE', #5818, 13.00000000000001066 ) ;
#503 = EDGE_LOOP ( 'NONE', ( #2776, #1997, #5790, #7437, #1580, #6917 ) ) ;
#504 = DIRECTION ( 'NONE',  ( 0.000000000000000000, -0.000000000000000000, 1.000000000000000000 ) ) ;
#505 = EDGE_LOOP ( 'NONE', ( #7103, #2546 ) ) ;
#506 = VECTOR ( 'NONE', #1812, 1000.000000000000000 ) ;
#507 = CIRCLE ( 'NONE', #2027, 13.00000000000001066 ) ;
#508 = DIRECTION ( 'NONE',  ( -0.000000000000000000, -0.000000000000000000, -1.000000000000000000 ) ) ;
#509 = UNCERTAINTY_MEASURE_WITH_UNIT (LENGTH_MEASURE( 1.000000000000000082E-05 ), #3112, 'distance_accuracy_value', 'NONE');
#510 = CARTESIAN_POINT ( 'NONE',  ( -700.0000000000000000, 500.0000000000013074, 389.4336293856405291 ) ) ;
#511 = EDGE_CURVE ( 'NONE', #1573, #2572, #3225, .T. ) ;
#512 = CARTESIAN_POINT ( 'NONE',  ( -7.999999999999960032, 11.54003799752370263, -206.2928932188135605 ) ) ;
#513 = AXIS2_PLACEMENT_3D ( 'NONE', #1485, #5138, #1024 ) ;
#514 = ORIENTED_EDGE ( 'NONE', *, *, #7043, .F. ) ;
#515 = EDGE_LOOP ( 'NONE', ( #1551, #7280, #2750, #5535 ) ) ;
#516 = VECTOR ( 'NONE', #6648, 1000.000000000000000 ) ;
#517 = CARTESIAN_POINT ( 'NONE',  ( -7.774664772390813898E-13, 0.000000000000000000, 215.0000000000000000 ) ) ;
#518 = LINE ( 'NONE', #638, #589 ) ;
#519 = DIRECTION ( 'NONE',  ( -1.000000000000000000, -4.033476083262424833E-32, 3.275157922644210217E-15 ) ) ;
#520 = ORIENTED_EDGE ( 'NONE', *, *, #5911, .T. ) ;
#521 = FACE_BOUND ( 'NONE', #6929, .T. ) ;
#522 = VECTOR ( 'NONE', #486, 1000.000000000000000 ) ;
#523 = CARTESIAN_POINT ( 'NONE',  ( -197.4263430436264173, -8.000000000000014211, -194.2928932188135036 ) ) ;
#524 = ORIENTED_EDGE ( 'NONE', *, *, #4909, .T. ) ;
#525 = ORIENTED_EDGE ( 'NONE', *, *, #1857, .F. ) ;
#526 = CARTESIAN_POINT ( 'NONE',  ( -206.2928932188135889, 11.99999999999987210, -195.0000000000000000 ) ) ;
#527 = FACE_BOUND ( 'NONE', #2615, .T. ) ;
#528 = FACE_BOUND ( 'NONE', #3575, .T. ) ;
#529 = LINE ( 'NONE', #2270, #7742 ) ;
#530 = EDGE_CURVE ( 'NONE', #3747, #4848, #2676, .T. ) ;
#531 = VERTEX_POINT ( 'NONE', #6442 ) ;
#532 = DIRECTION ( 'NONE',  ( 0.000000000000000000, -0.000000000000000000, 1.000000000000000000 ) ) ;
#533 = CARTESIAN_POINT ( 'NONE',  ( -360.0000000000000568, 427.4336293856408133, 34.43362938564069964 ) ) ;
#534 = FACE_OUTER_BOUND ( 'NONE', #4281, .T. ) ;
#535 = CARTESIAN_POINT ( 'NONE',  ( -560.0000000000000000, 437.4336293856408702, 34.43362938564073517 ) ) ;
#536 = CARTESIAN_POINT ( 'NONE',  ( -500.0000000000000000, 500.0000000000013074, 389.4336293856405291 ) ) ;
#537 = CYLINDRICAL_SURFACE ( 'NONE', #3301, 13.00000000000176037 ) ;
#538 = VERTEX_POINT ( 'NONE', #855 ) ;
#539 = AXIS2_PLACEMENT_3D ( 'NONE', #706, #1331, #6101 ) ;
#540 = CARTESIAN_POINT ( 'NONE',  ( -215.0000000000000000, 0.000000000000000000, -10.00000000000004619 ) ) ;
#541 = VERTEX_POINT ( 'NONE', #4621 ) ;
#542 = CARTESIAN_POINT ( 'NONE',  ( 86.99999999999998579, 369.9999999999994884, 7.999999999999696243 ) ) ;
#543 = ADVANCED_FACE ( 'NONE', ( #7476 ), #6326, .F. ) ;
#544 = EDGE_CURVE ( 'NONE', #7363, #3971, #5793, .T. ) ;
#545 = DIRECTION ( 'NONE',  ( 0.000000000000000000, -0.000000000000000000, 1.000000000000000000 ) ) ;
#546 = FILL_AREA_STYLE_COLOUR ( '', #2612 ) ;
#547 = DIRECTION ( 'NONE',  ( 0.000000000000000000, 0.000000000000000000, -1.000000000000000000 ) ) ;
#548 = DIRECTION ( 'NONE',  ( 0.000000000000000000, 0.000000000000000000, 1.000000000000000000 ) ) ;
#549 = ORIENTED_EDGE ( 'NONE', *, *, #5049, .T. ) ;
#550 = ORIENTED_EDGE ( 'NONE', *, *, #3090, .T. ) ;
#551 = AXIS2_PLACEMENT_3D ( 'NONE', #4816, #5405, #457 ) ;
#552 = CARTESIAN_POINT ( 'NONE',  ( -20.70710678118654258, -8.000000000000000000, 0.000000000000000000 ) ) ;
#553 = CARTESIAN_POINT ( 'NONE',  ( -547.0000000000000000, 464.9999999999998863, 429.4336293856406996 ) ) ;
#554 = EDGE_CURVE ( 'NONE', #5488, #6430, #7552, .T. ) ;
#555 = DIRECTION ( 'NONE',  ( 0.000000000000000000, 0.000000000000000000, 1.000000000000000000 ) ) ;
#556 = EDGE_LOOP ( 'NONE', ( #1072, #1338, #3179, #6988 ) ) ;
#557 = PRODUCT_DEFINITION_SHAPE ( 'NONE', 'NONE',  #7848 ) ;
#558 = FACE_BOUND ( 'NONE', #6538, .T. ) ;
#559 = DIRECTION ( 'NONE',  ( 0.000000000000000000, -1.000000000000000000, 0.000000000000000000 ) ) ;
#560 = VERTEX_POINT ( 'NONE', #3310 ) ;
#561 = VERTEX_POINT ( 'NONE', #2795 ) ;
#562 = B_SPLINE_CURVE_WITH_KNOTS ( 'NONE', 3,
 ( #2316, #2871, #4738, #4110 ),
 .UNSPECIFIED., .F., .F.,
 ( 4, 4 ),
 ( 4.166666548825282040E-08, 1.000000000000000000 ),
 .UNSPECIFIED. ) ;
#563 = CARTESIAN_POINT ( 'NONE',  ( 0.000000000000000000, 0.000000000000000000, 0.000000000000000000 ) ) ;
#564 = CIRCLE ( 'NONE', #6881, 13.00000000000001066 ) ;
#565 = CARTESIAN_POINT ( 'NONE',  ( -360.0000000000000568, 437.4336293856408702, 34.43362938564073517 ) ) ;
#566 = DIRECTION ( 'NONE',  ( -0.000000000000000000, 3.491481338843133355E-15, -1.000000000000000000 ) ) ;
#567 = CARTESIAN_POINT ( 'NONE',  ( 0.000000000000000000, 430.5663706143604941, 429.4336293856406428 ) ) ;
#568 = ORIENTED_EDGE ( 'NONE', *, *, #3562, .T. ) ;
#569 = VECTOR ( 'NONE', #1723, 1000.000000000000000 ) ;
#570 = DIRECTION ( 'NONE',  ( 0.000000000000000000, 0.000000000000000000, -1.000000000000000000 ) ) ;
#571 = CARTESIAN_POINT ( 'NONE',  ( -10.00000000000000000, 0.000000000000000000, -187.5900000000000034 ) ) ;
#572 = DIRECTION ( 'NONE',  ( 0.000000000000000000, -1.000000000000000000, 4.270088556250609785E-15 ) ) ;
#573 = CARTESIAN_POINT ( 'NONE',  ( -1068.499999999996817, 47.43362938564094122, -8.000000000000000000 ) ) ;
#574 = CARTESIAN_POINT ( 'NONE',  ( -8.079249507808752284, 10.62315298492421611, -206.2928932188135605 ) ) ;
#575 = AXIS2_PLACEMENT_3D ( 'NONE', #533, #4105, #3500 ) ;
#576 = B_SPLINE_CURVE_WITH_KNOTS ( 'NONE', 3,
 ( #5371, #4189, #4142, #4661, #5406, #1799, #23, #3626, #2946, #1132 ),
 .UNSPECIFIED., .F., .F.,
 ( 4, 2, 2, 2, 4 ),
 ( 0.000000000000000000, 0.2500000000000000000, 0.5000000000000000000, 0.7500000000000000000, 1.000000000000000000 ),
 .UNSPECIFIED. ) ;
#577 = ORIENTED_EDGE ( 'NONE', *, *, #5582, .T. ) ;
#578 = FACE_OUTER_BOUND ( 'NONE', #6731, .T. ) ;
#579 = VERTEX_POINT ( 'NONE', #1563 ) ;
#580 = CARTESIAN_POINT ( 'NONE',  ( -20.70710678118654258, -8.000000000000000000, 0.000000000000000000 ) ) ;
#581 = ORIENTED_EDGE ( 'NONE', *, *, #5632, .F. ) ;
#582 = FACE_BOUND ( 'NONE', #7038, .T. ) ;
#583 = DIRECTION ( 'NONE',  ( 0.000000000000000000, -0.000000000000000000, -1.000000000000000000 ) ) ;
#584 = UNCERTAINTY_MEASURE_WITH_UNIT (LENGTH_MEASURE( 1.000000000000000082E-05 ), #6875, 'distance_accuracy_value', 'NONE');
#585 = CARTESIAN_POINT ( 'NONE',  ( 0.000000000000000000, 0.000000000000000000, 0.000000000000000000 ) ) ;
#586 = FACE_OUTER_BOUND ( 'NONE', #1107, .T. ) ;
#587 = CYLINDRICAL_SURFACE ( 'NONE', #2653, 13.00000000000176037 ) ;
#588 = ORIENTED_EDGE ( 'NONE', *, *, #7275, .T. ) ;
#589 = VECTOR ( 'NONE', #7207, 1000.000000000000000 ) ;
#590 = EDGE_CURVE ( 'NONE', #3844, #4003, #1601, .T. ) ;
#591 = EDGE_LOOP ( 'NONE', ( #5905, #7672, #5339, #514 ) ) ;
#592 = DIRECTION ( 'NONE',  ( 1.000000000000000000, 0.000000000000000000, 0.000000000000000000 ) ) ;
#593 = CARTESIAN_POINT ( 'NONE',  ( -202.2928933854802267, 10.62315297896390653, -206.9207504915028153 ) ) ;
#594 = ORIENTED_EDGE ( 'NONE', *, *, #5593, .F. ) ;
#595 = FACE_OUTER_BOUND ( 'NONE', #4046, .T. ) ;
#596 = STYLED_ITEM ( 'NONE', ( #2356 ), #6989 ) ;
#597 = DIRECTION ( 'NONE',  ( -1.290957005378089075E-16, -3.301778511896374732E-15, -1.000000000000000000 ) ) ;
#598 = VERTEX_POINT ( 'NONE', #1479 ) ;
#599 = EDGE_CURVE ( 'NONE', #5909, #5492, #7428, .T. ) ;
#600 = EDGE_CURVE ( 'NONE', #5802, #7603, #936, .T. ) ;
#601 = DIRECTION ( 'NONE',  ( 0.000000000000000000, 0.000000000000000000, -1.000000000000000000 ) ) ;
#602 = CARTESIAN_POINT ( 'NONE',  ( -852.9999999999998863, 464.9999999999998863, 0.000000000000000000 ) ) ;
#603 = CYLINDRICAL_SURFACE ( 'NONE', #6832, 13.00000000000001066 ) ;
#604 = AXIS2_PLACEMENT_3D ( 'NONE', #297, #261, #3910 ) ;
#605 = FACE_OUTER_BOUND ( 'NONE', #5160, .T. ) ;
#606 = AXIS2_PLACEMENT_3D ( 'NONE', #326, #891, #7546 ) ;
#607 = CARTESIAN_POINT ( 'NONE',  ( -8.000000000000000000, 60.00000000000000000, 80.50000000000319744 ) ) ;
#608 = ORIENTED_EDGE ( 'NONE', *, *, #7813, .F. ) ;
#609 = EDGE_CURVE ( 'NONE', #7611, #3065, #7467, .T. ) ;
#610 = CIRCLE ( 'NONE', #5033, 12.99999999999998401 ) ;
#611 = AXIS2_PLACEMENT_3D ( 'NONE', #6491, #6375, #947 ) ;
#612 = CIRCLE ( 'NONE', #6053, 12.99999999999979039 ) ;
#613 = CARTESIAN_POINT ( 'NONE',  ( -51.49999999999998579, 357.4336293856408133, 69.43362938564074227 ) ) ;
#614 = DIRECTION ( 'NONE',  ( 0.000000000000000000, 0.000000000000000000, 1.000000000000000000 ) ) ;
#615 = DIRECTION ( 'NONE',  ( 0.000000000000000000, 0.000000000000000000, 1.000000000000000000 ) ) ;
#616 = VERTEX_POINT ( 'NONE', #2630 ) ;
#617 = FACE_BOUND ( 'NONE', #3837, .T. ) ;
#618 = CIRCLE ( 'NONE', #4663, 13.00000000000000533 ) ;
#619 = EDGE_LOOP ( 'NONE', ( #1529, #5303, #3691, #7459 ) ) ;
#620 = DIRECTION ( 'NONE',  ( -1.000000000000000000, 0.000000000000000000, 0.000000000000000000 ) ) ;
#621 = ORIENTED_EDGE ( 'NONE', *, *, #5721, .F. ) ;
#622 = CARTESIAN_POINT ( 'NONE',  ( -12.70710711451985020, 10.62315297896398292, -206.9207504915028153 ) ) ;
#623 = VERTEX_POINT ( 'NONE', #5134 ) ;
#624 = AXIS2_PLACEMENT_3D ( 'NONE', #4070, #2344, #1053 ) ;
#625 = PRODUCT ( 'C-Channel', 'C-Channel', '', ( #230 ) ) ;
#626 = DIRECTION ( 'NONE',  ( 0.000000000000000000, 1.000000000000000000, 0.000000000000000000 ) ) ;
#627 = AXIS2_PLACEMENT_3D ( 'NONE', #6674, #4264, #1248 ) ;
#628 = CARTESIAN_POINT ( 'NONE',  ( -19.99999999999995737, 11.99999999999999822, 0.000000000000000000 ) ) ;
#629 = AXIS2_PLACEMENT_3D ( 'NONE', #5445, #691, #7259 ) ;
#630 = SURFACE_STYLE_FILL_AREA ( #1965 ) ;
#631 = DIRECTION ( 'NONE',  ( -1.000000000000000000, 0.000000000000000000, 0.000000000000000000 ) ) ;
#632 = EDGE_CURVE ( 'NONE', #7624, #531, #6401, .T. ) ;
#633 = VERTEX_POINT ( 'NONE', #5219 ) ;
#634 = ORIENTED_EDGE ( 'NONE', *, *, #22, .F. ) ;
#635 = AXIS2_PLACEMENT_3D ( 'NONE', #4482, #7648, #7044 ) ;
#636 = CARTESIAN_POINT ( 'NONE',  ( 207.0000000000000284, 430.0000000000000000, 7.999999999999277023 ) ) ;
#637 = AXIS2_PLACEMENT_3D ( 'NONE', #3533, #1590, #4014 ) ;
#638 = CARTESIAN_POINT ( 'NONE',  ( -300.0000000000000000, 464.9999999999999432, -8.000000000000000000 ) ) ;
#639 = DIRECTION ( 'NONE',  ( 1.000000000000000000, 0.000000000000000000, 0.000000000000000000 ) ) ;
#640 = PRODUCT_DEFINITION ( 'UNKNOWN', '', #5284, #2174 ) ;
#641 = ORIENTED_EDGE ( 'NONE', *, *, #3461, .F. ) ;
#642 = CARTESIAN_POINT ( 'NONE',  ( 86.99999999999998579, 369.9999999999994884, -7.216449660063517513E-13 ) ) ;
#643 = VECTOR ( 'NONE', #2605, 1000.000000000000000 ) ;
#644 = DIRECTION ( 'NONE',  ( -1.000000000000000000, -1.850371707708594316E-16, 0.000000000000000000 ) ) ;
#645 = LINE ( 'NONE', #4722, #243 ) ;
#646 = CIRCLE ( 'NONE', #3804, 12.99999999999979039 ) ;
#647 = ORIENTED_EDGE ( 'NONE', *, *, #3504, .T. ) ;
#648 = FACE_OUTER_BOUND ( 'NONE', #2082, .T. ) ;
#649 = AXIS2_PLACEMENT_3D ( 'NONE', #1268, #6111, #3733 ) ;
#650 = CARTESIAN_POINT ( 'NONE',  ( -215.0000000000000284, 11.99999999999992895, -214.9999999999999716 ) ) ;
#651 = AXIS2_PLACEMENT_3D ( 'NONE', #2355, #7728, #2320 ) ;
#652 = CARTESIAN_POINT ( 'NONE',  ( -700.0000000000000000, 39.99999999999987210, 0.000000000000000000 ) ) ;
#653 = EDGE_CURVE ( 'NONE', #4180, #255, #2117, .T. ) ;
#654 = EDGE_CURVE ( 'NONE', #1793, #667, #3381, .T. ) ;
#655 = CARTESIAN_POINT ( 'NONE',  ( -20.70710678118653547, 9.176961477470783279, -206.7537153319213701 ) ) ;
#656 =( REPRESENTATION_RELATIONSHIP ('NONE','NONE', #1641, #4837 ) REPRESENTATION_RELATIONSHIP_WITH_TRANSFORMATION ( #4440 )SHAPE_REPRESENTATION_RELATIONSHIP( ) );
#657 = ORIENTED_EDGE ( 'NONE', *, *, #609, .T. ) ;
#658 = CYLINDRICAL_SURFACE ( 'NONE', #7080, 13.00000000000000533 ) ;
#659 = CARTESIAN_POINT ( 'NONE',  ( 11.99999999999995559, 0.000000000000000000, 195.0000000000000000 ) ) ;
#660 = EDGE_LOOP ( 'NONE', ( #991, #1244 ) ) ;
#661 = LINE ( 'NONE', #1245, #7391 ) ;
#662 = EDGE_CURVE ( 'NONE', #7081, #6789, #224, .T. ) ;
#663 = ORIENTED_EDGE ( 'NONE', *, *, #1553, .F. ) ;
#664 = DIRECTION ( 'NONE',  ( 1.000000000000000000, 0.000000000000000000, 0.000000000000000000 ) ) ;
#665 = ORIENTED_EDGE ( 'NONE', *, *, #71, .F. ) ;
#666 = DIRECTION ( 'NONE',  ( -1.000000000000000000, -1.850371707708594316E-16, 0.000000000000000000 ) ) ;
#667 = VERTEX_POINT ( 'NONE', #1438 ) ;
#668 = CARTESIAN_POINT ( 'NONE',  ( -699.9999999999995453, 174.9999999999998863, -8.000000000000000000 ) ) ;
#669 = CARTESIAN_POINT ( 'NONE',  ( -814.5000000000000000, 422.5663706143603804, 402.4336293856400175 ) ) ;
#670 = EDGE_CURVE ( 'NONE', #6126, #1765, #1527, .T. ) ;
#671 = DIRECTION ( 'NONE',  ( -0.000000000000000000, 1.000000000000000000, -0.000000000000000000 ) ) ;
#672 = SHAPE_REPRESENTATION_RELATIONSHIP ( 'NONE' , 'NONE' ,  #3206, #6989 ) ;
#673 = DIRECTION ( 'NONE',  ( 1.000000000000000000, 0.000000000000000000, 0.000000000000000000 ) ) ;
#674 = CARTESIAN_POINT ( 'NONE',  ( -13.10319707858223381, 2.072589458139073582, -194.2928932188135605 ) ) ;
#675 = VERTEX_POINT ( 'NONE', #3546 ) ;
#676 = VERTEX_POINT ( 'NONE', #5293 ) ;
#677 = DIRECTION ( 'NONE',  ( 0.000000000000000000, 0.000000000000000000, -1.000000000000000000 ) ) ;
#678 = DIRECTION ( 'NONE',  ( -0.000000000000000000, -1.000000000000000000, 3.491481338843132961E-15 ) ) ;
#679 = ORIENTED_EDGE ( 'NONE', *, *, #2194, .F. ) ;
#680 = DIRECTION ( 'NONE',  ( 0.000000000000000000, 0.000000000000000000, -1.000000000000000000 ) ) ;
#681 = DIRECTION ( 'NONE',  ( 1.000000000000000000, 0.000000000000000000, 0.000000000000000000 ) ) ;
#682 = LINE ( 'NONE', #716, #5194 ) ;
#683 = ORIENTED_EDGE ( 'NONE', *, *, #5309, .T. ) ;
#684 = CARTESIAN_POINT ( 'NONE',  ( -398.4999999999999432, 39.99999999999987210, 2.000000000000000000 ) ) ;
#685 = FACE_BOUND ( 'NONE', #717, .T. ) ;
#686 = DIRECTION ( 'NONE',  ( -1.000000000000000000, 0.000000000000000000, 0.000000000000000000 ) ) ;
#687 = DIRECTION ( 'NONE',  ( -1.000000000000000000, 0.000000000000000000, 0.000000000000000000 ) ) ;
#688 = ORIENTED_EDGE ( 'NONE', *, *, #3788, .T. ) ;
#689 = VECTOR ( 'NONE', #5797, 1000.000000000000000 ) ;
#690 = EDGE_CURVE ( 'NONE', #7503, #2781, #610, .T. ) ;
#691 = DIRECTION ( 'NONE',  ( -0.000000000000000000, -1.000000000000000000, 0.000000000000000000 ) ) ;
#692 = CARTESIAN_POINT ( 'NONE',  ( -164.7499999999997726, 0.000000000000000000, -52.99999999999398881 ) ) ;
#693 = ORIENTED_EDGE ( 'NONE', *, *, #769, .F. ) ;
#694 = DIRECTION ( 'NONE',  ( 0.1147372517530027558, -0.9933958742918999052, 0.000000000000000000 ) ) ;
#695 = CIRCLE ( 'NONE', #184, 10.00000000000000888 ) ;
#696 = ORIENTED_EDGE ( 'NONE', *, *, #1803, .T. ) ;
#697 = ORIENTED_EDGE ( 'NONE', *, *, #4164, .T. ) ;
#698 = EDGE_CURVE ( 'NONE', #919, #2733, #1619, .T. ) ;
#699 = EDGE_CURVE ( 'NONE', #5598, #854, #7820, .T. ) ;
#700 = DIRECTION ( 'NONE',  ( 0.9933958742918999052, 0.1147372517530027558, -0.000000000000000000 ) ) ;
#701 = EDGE_LOOP ( 'NONE', ( #7650, #7083, #1251, #5579 ) ) ;
#702 = CIRCLE ( 'NONE', #2469, 13.00000000000012257 ) ;
#703 = CARTESIAN_POINT ( 'NONE',  ( -2.793185071074506684E-14, 0.000000000000000000, 0.000000000000000000 ) ) ;
#704 = CARTESIAN_POINT ( 'NONE',  ( 0.000000000000000000, 0.000000000000000000, -8.000000000000000000 ) ) ;
#705 = AXIS2_PLACEMENT_3D ( 'NONE', #6604, #2838, #5858 ) ;
#706 = CARTESIAN_POINT ( 'NONE',  ( -814.5000000000000000, 500.0000000000013074, 389.4336293856397333 ) ) ;
#707 = FACE_OUTER_BOUND ( 'NONE', #388, .T. ) ;
#708 = ORIENTED_EDGE ( 'NONE', *, *, #1373, .F. ) ;
#709 = ORIENTED_EDGE ( 'NONE', *, *, #2671, .T. ) ;
#710 = DIRECTION ( 'NONE',  ( -1.000000000000000000, 0.000000000000000000, 1.290957005378089075E-16 ) ) ;
#711 = CARTESIAN_POINT ( 'NONE',  ( 3.053113317719180486E-13, 42.25000000000071765, -166.2928932188134752 ) ) ;
#712 = SHAPE_DEFINITION_REPRESENTATION ( #7841, #4837 ) ;
#713 = EDGE_LOOP ( 'NONE', ( #2272, #5122 ) ) ;
#714 = DIRECTION ( 'NONE',  ( 0.000000000000000000, 1.000000000000000000, 0.000000000000000000 ) ) ;
#715 = CARTESIAN_POINT ( 'NONE',  ( -385.4999999999999432, 39.99999999999987210, 0.000000000000000000 ) ) ;
#716 = CARTESIAN_POINT ( 'NONE',  ( -699.9999999999985221, 500.0000000000009095, 241.4336293856404723 ) ) ;
#717 = EDGE_LOOP ( 'NONE', ( #728, #2514 ) ) ;
#718 = DIRECTION ( 'NONE',  ( -0.000000000000000000, -1.000000000000000000, -0.000000000000000000 ) ) ;
#719 = FACE_BOUND ( 'NONE', #28, .T. ) ;
#720 = DIRECTION ( 'NONE',  ( -0.000000000000000000, -0.000000000000000000, -1.000000000000000000 ) ) ;
#721 = CARTESIAN_POINT ( 'NONE',  ( -385.4999999999997158, 422.5663706143598688, 254.4336293856395628 ) ) ;
#722 = ORIENTED_EDGE ( 'NONE', *, *, #1929, .T. ) ;
#723 = ORIENTED_EDGE ( 'NONE', *, *, #4097, .T. ) ;
#724 = EDGE_CURVE ( 'NONE', #6339, #3, #1986, .T. ) ;
#725 = CYLINDRICAL_SURFACE ( 'NONE', #5940, 12.99999999999984546 ) ;
#726 = CIRCLE ( 'NONE', #344, 13.00000000000001066 ) ;
#727 = DIRECTION ( 'NONE',  ( -0.000000000000000000, -1.000000000000000000, -0.000000000000000000 ) ) ;
#728 = ORIENTED_EDGE ( 'NONE', *, *, #3945, .F. ) ;
#729 = PLANE ( 'NONE',  #4109 ) ;
#730 = ADVANCED_FACE ( 'NONE', ( #6597 ), #4702, .T. ) ;
#731 = AXIS2_PLACEMENT_3D ( 'NONE', #272, #5106, #1998 ) ;
#732 = ORIENTED_EDGE ( 'NONE', *, *, #1064, .F. ) ;
#733 = AXIS2_PLACEMENT_3D ( 'NONE', #1675, #4099, #484 ) ;
#734 = EDGE_LOOP ( 'NONE', ( #4166, #7632, #1511, #6905 ) ) ;
#735 = CARTESIAN_POINT ( 'NONE',  ( 0.000000000000000000, 422.5663706143604941, 429.4336293856406996 ) ) ;
#736 = ORIENTED_EDGE ( 'NONE', *, *, #2603, .T. ) ;
#737 = DIRECTION ( 'NONE',  ( 0.000000000000000000, -0.000000000000000000, -1.000000000000000000 ) ) ;
#738 = AXIS2_PLACEMENT_3D ( 'NONE', #6193, #6267, #4407 ) ;
#739 = DIRECTION ( 'NONE',  ( 0.000000000000000000, 0.000000000000000000, -1.000000000000000000 ) ) ;
#740 = VECTOR ( 'NONE', #2518, 1000.000000000000000 ) ;
#741 = CARTESIAN_POINT ( 'NONE',  ( -164.7499999999997726, -8.000000000000000000, -144.5857864376209818 ) ) ;
#742 = EDGE_CURVE ( 'NONE', #4378, #3285, #1130, .T. ) ;
#743 = EDGE_CURVE ( 'NONE', #5139, #6831, #4977, .T. ) ;
#744 =( LENGTH_UNIT ( ) NAMED_UNIT ( * ) SI_UNIT ( .MILLI., .METRE. ) );
#745 = CARTESIAN_POINT ( 'NONE',  ( 180.0000000000000000, 370.0000000000000568, -7.216449660063517513E-13 ) ) ;
#746 = DIRECTION ( 'NONE',  ( 1.000000000000000000, 0.000000000000000000, 0.000000000000000000 ) ) ;
#747 = CIRCLE ( 'NONE', #4794, 12.99999999999998401 ) ;
#748 = EDGE_LOOP ( 'NONE', ( #6723, #7735, #7210, #331 ) ) ;
#749 = CIRCLE ( 'NONE', #7585, 13.00000000000001066 ) ;
#750 = ORIENTED_EDGE ( 'NONE', *, *, #600, .T. ) ;
#751 = CARTESIAN_POINT ( 'NONE',  ( -8.707106781186512379, 67.25000000000002842, -207.0000000000001990 ) ) ;
#752 = FACE_BOUND ( 'NONE', #7215, .T. ) ;
#753 = CIRCLE ( 'NONE', #1252, 13.00000000000001066 ) ;
#754 = PRODUCT_CONTEXT ( 'NONE', #1599, 'mechanical' ) ;
#755 = ORIENTED_EDGE ( 'NONE', *, *, #5191, .T. ) ;
#756 = EDGE_CURVE ( 'NONE', #5761, #6592, #2912, .T. ) ;
#757 = DIRECTION ( 'NONE',  ( -0.000000000000000000, -1.000000000000000000, 3.491481338843132961E-15 ) ) ;
#758 = DIRECTION ( 'NONE',  ( 0.000000000000000000, -1.000000000000000000, -3.491481338843133355E-15 ) ) ;
#759 = CARTESIAN_POINT ( 'NONE',  ( -50.24999999999891287, 2.000000000000000000, -52.99999999999494094 ) ) ;
#760 = AXIS2_PLACEMENT_3D ( 'NONE', #844, #1766, #3211 ) ;
#761 = ORIENTED_EDGE ( 'NONE', *, *, #2770, .F. ) ;
#762 = ORIENTED_EDGE ( 'NONE', *, *, #3991, .F. ) ;
#763 = AXIS2_PLACEMENT_3D ( 'NONE', #4059, #5876, #445 ) ;
#764 = DIRECTION ( 'NONE',  ( -0.000000000000000000, -1.000000000000000000, 3.491481338843133355E-15 ) ) ;
#765 = FACE_BOUND ( 'NONE', #2445, .T. ) ;
#766 = B_SPLINE_CURVE_WITH_KNOTS ( 'NONE', 3,
 ( #2916, #1092, #4076, #1058 ),
 .UNSPECIFIED., .F., .F.,
 ( 4, 4 ),
 ( 4.166666548825282040E-08, 1.000000000000000000 ),
 .UNSPECIFIED. ) ;
#767 = DIRECTION ( 'NONE',  ( -1.000000000000000000, 0.000000000000000000, 0.000000000000000000 ) ) ;
#768 = AXIS2_PLACEMENT_3D ( 'NONE', #5346, #4749, #5383 ) ;
#769 = EDGE_CURVE ( 'NONE', #1466, #6804, #1089, .T. ) ;
#770 = DIRECTION ( 'NONE',  ( 0.000000000000000000, -1.000000000000000000, 3.491481338843133355E-15 ) ) ;
#771 = CIRCLE ( 'NONE', #2282, 10.00000000000000888 ) ;
#772 = VERTEX_POINT ( 'NONE', #3503 ) ;
#773 = VERTEX_POINT ( 'NONE', #2347 ) ;
#774 = VECTOR ( 'NONE', #5534, 1000.000000000000000 ) ;
#775 = CARTESIAN_POINT ( 'NONE',  ( -206.2928932188135889, 11.08007733455483468, -206.9735252675777701 ) ) ;
#776 = AXIS2_PLACEMENT_3D ( 'NONE', #628, #32, #6840 ) ;
#777 = CARTESIAN_POINT ( 'NONE',  ( -10.00000000000007105, -8.000000000000000000, -197.5900000000000034 ) ) ;
#778 = DIRECTION ( 'NONE',  ( 0.000000000000000000, -4.270088556250598741E-15, -1.000000000000000000 ) ) ;
#779 = EDGE_CURVE ( 'NONE', #780, #260, #3724, .T. ) ;
#780 = VERTEX_POINT ( 'NONE', #573 ) ;
#781 = ORIENTED_EDGE ( 'NONE', *, *, #3633, .T. ) ;
#782 = DIRECTION ( 'NONE',  ( -1.000000000000000000, 3.491481338843133355E-15, 0.000000000000000000 ) ) ;
#783 = EDGE_LOOP ( 'NONE', ( #3789, #1914, #2598, #4826 ) ) ;
#784 = ADVANCED_FACE ( 'NONE', ( #5926 ), #7229, .F. ) ;
#785 = CARTESIAN_POINT ( 'NONE',  ( -801.5000000000000000, 39.99999999999987210, 2.000000000000000000 ) ) ;
#786 = DIRECTION ( 'NONE',  ( 0.000000000000000000, -1.000000000000000000, 3.301778511896374732E-15 ) ) ;
#787 = CARTESIAN_POINT ( 'NONE',  ( -50.24999999999972289, -8.000000000000000000, -170.5857864376219766 ) ) ;
#788 = CARTESIAN_POINT ( 'NONE',  ( -8.707107281186509340, 9.705254964940063900, -214.8679174858380634 ) ) ;
#789 = PLANE ( 'NONE',  #254 ) ;
#790 = ORIENTED_EDGE ( 'NONE', *, *, #2227, .T. ) ;
#791 = ORIENTED_EDGE ( 'NONE', *, *, #5659, .F. ) ;
#792 = ADVANCED_FACE ( 'NONE', ( #4735 ), #2982, .F. ) ;
#793 = ADVANCED_FACE ( 'NONE', ( #1720 ), #2390, .T. ) ;
#794 = FACE_BOUND ( 'NONE', #1147, .T. ) ;
#795 = ORIENTED_EDGE ( 'NONE', *, *, #458, .T. ) ;
#796 = DIRECTION ( 'NONE',  ( -0.000000000000000000, -1.000000000000000000, 3.491481338843133355E-15 ) ) ;
#797 = DIRECTION ( 'NONE',  ( 4.270088556250596374E-15, -1.000000000000000000, 0.000000000000000000 ) ) ;
#798 = DIRECTION ( 'NONE',  ( 0.000000000000000000, -4.270088556250591641E-15, 1.000000000000000000 ) ) ;
#799 = EDGE_LOOP ( 'NONE', ( #2220, #7578, #1885, #319 ) ) ;
#800 = EDGE_CURVE ( 'NONE', #5846, #1840, #2570, .T. ) ;
#801 = ADVANCED_FACE ( 'NONE', ( #4772 ), #4221, .F. ) ;
#802 = CARTESIAN_POINT ( 'NONE',  ( -144.4999999999997442, 430.5663706143591298, 59.00000000000040501 ) ) ;
#803 = DIRECTION ( 'NONE',  ( -0.000000000000000000, 1.000000000000000000, 3.491481338843133355E-15 ) ) ;
#804 = DIRECTION ( 'NONE',  ( 3.486207565248076192E-15, 0.000000000000000000, -1.000000000000000000 ) ) ;
#805 = CARTESIAN_POINT ( 'NONE',  ( -144.5000000000032401, 47.43362938564082754, 0.000000000000000000 ) ) ;
#806 = CARTESIAN_POINT ( 'NONE',  ( -194.2928937188135592, 9.705254964939930673, -214.8679174858380350 ) ) ;
#807 = EDGE_LOOP ( 'NONE', ( #1333, #5063, #6160, #3839 ) ) ;
#808 = ORIENTED_EDGE ( 'NONE', *, *, #6316, .F. ) ;
#809 = LINE ( 'NONE', #2068, #2773 ) ;
#810 = DIRECTION ( 'NONE',  ( -1.000000000000000000, 0.000000000000000000, 0.000000000000000000 ) ) ;
#811 = CARTESIAN_POINT ( 'NONE',  ( 0.000000000000000000, 417.4336293856408133, 12.00000000000000000 ) ) ;
#812 = ORIENTED_EDGE ( 'NONE', *, *, #4884, .T. ) ;
#813 = ORIENTED_EDGE ( 'NONE', *, *, #2479, .T. ) ;
#814 = ADVANCED_FACE ( 'NONE', ( #4073 ), #6484, .F. ) ;
#815 = FACE_OUTER_BOUND ( 'NONE', #1940, .T. ) ;
#816 = ORIENTED_EDGE ( 'NONE', *, *, #932, .T. ) ;
#817 = DIRECTION ( 'NONE',  ( 0.000000000000000000, -1.000000000000000000, 0.000000000000000000 ) ) ;
#818 = MANIFOLD_SOLID_BREP ( 'Cut-Extrude1', #829 ) ;
#819 = CARTESIAN_POINT ( 'NONE',  ( -215.0000000000000000, -2.641422809517102310E-14, -206.2928932188134468 ) ) ;
#820 = AXIS2_PLACEMENT_3D ( 'NONE', #1057, #6518, #1090 ) ;
#821 = DIRECTION ( 'NONE',  ( 0.000000000000000000, 0.000000000000000000, -1.000000000000000000 ) ) ;
#822 = DIRECTION ( 'NONE',  ( 1.000000000000000000, 1.224646799147353207E-16, 0.000000000000000000 ) ) ;
#823 = FACE_OUTER_BOUND ( 'NONE', #7593, .T. ) ;
#824 = CIRCLE ( 'NONE', #6643, 13.00000000000001066 ) ;
#825 = VERTEX_POINT ( 'NONE', #4864 ) ;
#826 = ADVANCED_FACE ( 'NONE', ( #7277 ), #107, .T. ) ;
#827 = CARTESIAN_POINT ( 'NONE',  ( -700.0000000000000000, 430.5663706143603235, 389.4336293856407565 ) ) ;
#828 = ORIENTED_EDGE ( 'NONE', *, *, #4183, .F. ) ;
#829 = CLOSED_SHELL ( 'NONE', ( #6924, #4477, #7689, #1006, #2158, #1426, #6405, #826, #7176, #241, #5796, #1346, #406, #5814, #2657, #543, #801, #7304 ) ) ;
#830 = DIRECTION ( 'NONE',  ( 1.000000000000000000, 0.000000000000000000, 0.000000000000000000 ) ) ;
#831 = CONTEXT_DEPENDENT_SHAPE_REPRESENTATION ( #6616, #557 ) ;
#832 = CIRCLE ( 'NONE', #4746, 12.99999999999979039 ) ;
#833 = EDGE_LOOP ( 'NONE', ( #3540, #5066 ) ) ;
#834 = CARTESIAN_POINT ( 'NONE',  ( -1055.499999999999773, 357.4336293856409270, 0.000000000000000000 ) ) ;
#835 = FACE_OUTER_BOUND ( 'NONE', #1477, .T. ) ;
#836 = EDGE_CURVE ( 'NONE', #1158, #1896, #5724, .T. ) ;
#837 = CARTESIAN_POINT ( 'NONE',  ( 207.0000000000000284, 0.000000000000000000, 207.0000000000007105 ) ) ;
#838 = VERTEX_POINT ( 'NONE', #4831 ) ;
#839 = DIRECTION ( 'NONE',  ( -0.000000000000000000, 1.000000000000000000, 3.491481338843133750E-15 ) ) ;
#840 = DIRECTION ( 'NONE',  ( -0.000000000000000000, -0.000000000000000000, -1.000000000000000000 ) ) ;
#841 = CARTESIAN_POINT ( 'NONE',  ( -166.2928932188135320, 42.25000000000071054, 1.665334536937734811E-13 ) ) ;
#842 = EDGE_CURVE ( 'NONE', #5853, #6287, #4387, .T. ) ;
#843 = ADVANCED_FACE ( 'NONE', ( #4978 ), #7240, .F. ) ;
#844 = CARTESIAN_POINT ( 'NONE',  ( -385.5000000000003979, 174.9999999999998863, 0.000000000000000000 ) ) ;
#845 = ORIENTED_EDGE ( 'NONE', *, *, #6593, .F. ) ;
#846 = EDGE_LOOP ( 'NONE', ( #4239, #6522, #3863, #3964 ) ) ;
#847 = CARTESIAN_POINT ( 'NONE',  ( 166.9999999999999716, 370.0000000000000568, -7.216449660063517513E-13 ) ) ;
#848 = DIRECTION ( 'NONE',  ( 0.000000000000000000, 0.000000000000000000, 1.000000000000000000 ) ) ;
#849 = CARTESIAN_POINT ( 'NONE',  ( -487.0000000000004547, 174.9999999999998863, 2.000000000000000000 ) ) ;
#850 = EDGE_CURVE ( 'NONE', #623, #1454, #3714, .T. ) ;
#851 = EDGE_LOOP ( 'NONE', ( #2483, #2231 ) ) ;
#852 = ORIENTED_EDGE ( 'NONE', *, *, #4967, .F. ) ;
#853 = FACE_BOUND ( 'NONE', #1281, .T. ) ;
#854 = VERTEX_POINT ( 'NONE', #4945 ) ;
#855 = CARTESIAN_POINT ( 'NONE',  ( 11.99999999999991296, 430.0000000000000568, 207.0000000000000284 ) ) ;
#856 = CARTESIAN_POINT ( 'NONE',  ( -1135.499999999996817, 47.43362938564096254, -8.000000000000000000 ) ) ;
#857 = ORIENTED_EDGE ( 'NONE', *, *, #7824, .F. ) ;
#858 = AXIS2_PLACEMENT_3D ( 'NONE', #1925, #4895, #3756 ) ;
#859 = CARTESIAN_POINT ( 'NONE',  ( -1055.500000000000000, 422.5663706143592435, 72.00000000000014211 ) ) ;
#860 = AXIS2_PLACEMENT_3D ( 'NONE', #206, #7587, #5043 ) ;
#861 = EDGE_CURVE ( 'NONE', #5097, #4888, #5351, .T. ) ;
#862 = DIRECTION ( 'NONE',  ( -0.000000000000000000, -1.000000000000000000, -0.000000000000000000 ) ) ;
#863 = CARTESIAN_POINT ( 'NONE',  ( -8.707106781186514155, -2.641422809517101679E-14, -215.0000000000000000 ) ) ;
#864 = VERTEX_POINT ( 'NONE', #3074 ) ;
#865 = CARTESIAN_POINT ( 'NONE',  ( -500.0000000000014211, 430.5663706143598688, 254.4336293856407281 ) ) ;
#866 = VERTEX_POINT ( 'NONE', #7361 ) ;
#867 = AXIS2_PLACEMENT_3D ( 'NONE', #3936, #6782, #2104 ) ;
#868 = VECTOR ( 'NONE', #7706, 1000.000000000000000 ) ;
#869 = DIRECTION ( 'NONE',  ( -0.000000000000000000, -0.000000000000000000, 1.000000000000000000 ) ) ;
#870 = ORIENTED_EDGE ( 'NONE', *, *, #7164, .F. ) ;
#871 = ADVANCED_FACE ( 'NONE', ( #586 ), #2481, .F. ) ;
#872 = DIRECTION ( 'NONE',  ( 0.000000000000000000, -0.000000000000000000, 1.000000000000000000 ) ) ;
#873 = AXIS2_PLACEMENT_3D ( 'NONE', #3473, #2352, #2244 ) ;
#874 = AXIS2_PLACEMENT_3D ( 'NONE', #196, #7574, #3852 ) ;
#875 = DIRECTION ( 'NONE',  ( -0.000000000000000000, -0.000000000000000000, -1.000000000000000000 ) ) ;
#876 = DIRECTION ( 'NONE',  ( -0.000000000000000000, -0.000000000000000000, 1.000000000000000000 ) ) ;
#877 = ORIENTED_EDGE ( 'NONE', *, *, #4418, .F. ) ;
#878 = LINE ( 'NONE', #1424, #3155 ) ;
#879 = VECTOR ( 'NONE', #928, 1000.000000000000000 ) ;
#880 =( NAMED_UNIT ( * ) PLANE_ANGLE_UNIT ( ) SI_UNIT ( $, .RADIAN. ) );
#881 = VERTEX_POINT ( 'NONE', #5497 ) ;
#882 = EDGE_CURVE ( 'NONE', #44, #6963, #70, .T. ) ;
#883 = PLANE ( 'NONE',  #3518 ) ;
#884 = VECTOR ( 'NONE', #4822, 1000.000000000000000 ) ;
#885 = CARTESIAN_POINT ( 'NONE',  ( -215.0000000000000000, -8.000000000000000000, -10.00000000000004619 ) ) ;
#886 = CIRCLE ( 'NONE', #1510, 12.99999999999984546 ) ;
#887 = ORIENTED_EDGE ( 'NONE', *, *, #5556, .T. ) ;
#888 = ORIENTED_EDGE ( 'NONE', *, *, #3633, .F. ) ;
#889 = LINE ( 'NONE', #6197, #373 ) ;
#890 = CIRCLE ( 'NONE', #7357, 12.99999999999981704 ) ;
#891 = DIRECTION ( 'NONE',  ( -0.000000000000000000, -0.000000000000000000, -1.000000000000000000 ) ) ;
#892 = EDGE_CURVE ( 'NONE', #561, #2758, #6173, .T. ) ;
#893 = EDGE_CURVE ( 'NONE', #838, #5988, #890, .T. ) ;
#894 = CARTESIAN_POINT ( 'NONE',  ( 3.442866411902581229E-43, 0.000000000000000000, 8.000000000000000000 ) ) ;
#895 = AXIS2_PLACEMENT_3D ( 'NONE', #7520, #6369, #2085 ) ;
#896 = ORIENTED_EDGE ( 'NONE', *, *, #5772, .F. ) ;
#897 = VECTOR ( 'NONE', #7714, 1000.000000000000000 ) ;
#898 = ORIENTED_EDGE ( 'NONE', *, *, #1649, .F. ) ;
#899 = CYLINDRICAL_SURFACE ( 'NONE', #2132, 13.00000000000003908 ) ;
#900 = ORIENTED_EDGE ( 'NONE', *, *, #5970, .T. ) ;
#901 = LINE ( 'NONE', #4502, #2786 ) ;
#902 = CARTESIAN_POINT ( 'NONE',  ( -194.2928932188135889, 0.2678070468294139195, -197.9111886083016998 ) ) ;
#903 = EDGE_CURVE ( 'NONE', #3296, #3961, #2559, .T. ) ;
#904 = PLANE ( 'NONE',  #4359 ) ;
#905 = ORIENTED_EDGE ( 'NONE', *, *, #4333, .T. ) ;
#906 = VECTOR ( 'NONE', #6478, 1000.000000000000000 ) ;
#907 = AXIS2_PLACEMENT_3D ( 'NONE', #7116, #3506, #5223 ) ;
#908 = DIRECTION ( 'NONE',  ( 1.000000000000000000, 0.000000000000000000, 0.000000000000000000 ) ) ;
#909 = DIRECTION ( 'NONE',  ( -0.000000000000000000, -0.000000000000000000, 1.000000000000000000 ) ) ;
#910 = ORIENTED_EDGE ( 'NONE', *, *, #5337, .T. ) ;
#911 = LINE ( 'NONE', #2088, #4250 ) ;
#912 = EDGE_LOOP ( 'NONE', ( #3735, #313, #2152, #1806 ) ) ;
#913 = EDGE_CURVE ( 'NONE', #4966, #7124, #1514, .T. ) ;
#914 = VERTEX_POINT ( 'NONE', #939 ) ;
#915 = LINE ( 'NONE', #5820, #1873 ) ;
#916 = DIRECTION ( 'NONE',  ( -0.000000000000000000, -1.000000000000000000, 3.491481338843132961E-15 ) ) ;
#917 = CARTESIAN_POINT ( 'NONE',  ( -19.99999999999995737, 11.99999999999999822, 0.000000000000000000 ) ) ;
#918 = ORIENTED_EDGE ( 'NONE', *, *, #4817, .T. ) ;
#919 = VERTEX_POINT ( 'NONE', #5101 ) ;
#920 = CARTESIAN_POINT ( 'NONE',  ( -1042.499999999996589, 47.43362938564094122, 0.000000000000000000 ) ) ;
#921 = DIRECTION ( 'NONE',  ( 0.000000000000000000, 0.000000000000000000, -1.000000000000000000 ) ) ;
#922 = CARTESIAN_POINT ( 'NONE',  ( -195.0000000000000000, 11.99999999999999467, -194.2928932188135036 ) ) ;
#923 = ORIENTED_EDGE ( 'NONE', *, *, #2426, .T. ) ;
#924 = DIRECTION ( 'NONE',  ( 3.491481338843132961E-15, 1.000000000000000000, 6.123233995736766036E-17 ) ) ;
#925 = DIRECTION ( 'NONE',  ( -0.000000000000000000, -1.000000000000000000, 3.491481338843133355E-15 ) ) ;
#926 = EDGE_LOOP ( 'NONE', ( #3482, #3873, #2827, #4417 ) ) ;
#927 = VERTEX_POINT ( 'NONE', #1410 ) ;
#928 = DIRECTION ( 'NONE',  ( -1.000000000000000000, -0.000000000000000000, -0.000000000000000000 ) ) ;
#929 = DIRECTION ( 'NONE',  ( 3.491481338843133355E-15, 0.000000000000000000, -1.000000000000000000 ) ) ;
#930 = DIRECTION ( 'NONE',  ( 0.000000000000000000, -1.000000000000000000, 0.000000000000000000 ) ) ;
#931 = ORIENTED_EDGE ( 'NONE', *, *, #2620, .T. ) ;
#932 = EDGE_CURVE ( 'NONE', #2701, #7002, #3275, .T. ) ;
#933 = DIRECTION ( 'NONE',  ( 1.000000000000000000, 0.000000000000000000, 0.000000000000000000 ) ) ;
#934 = ORIENTED_EDGE ( 'NONE', *, *, #500, .T. ) ;
#935 = DIRECTION ( 'NONE',  ( 0.000000000000000000, 1.000000000000000000, -4.270088556250600319E-15 ) ) ;
#936 = LINE ( 'NONE', #2041, #4662 ) ;
#937 = DIRECTION ( 'NONE',  ( 0.000000000000000000, -3.491481338843134933E-15, 1.000000000000000000 ) ) ;
#938 = VERTEX_POINT ( 'NONE', #2005 ) ;
#939 = CARTESIAN_POINT ( 'NONE',  ( -1169.999999999999773, 437.4336293856406996, 69.43362938564057174 ) ) ;
#940 = ADVANCED_FACE ( 'NONE', ( #266 ), #4430, .F. ) ;
#941 = EDGE_CURVE ( 'NONE', #5097, #1840, #2637, .T. ) ;
#942 = CARTESIAN_POINT ( 'NONE',  ( 87.00000000000321165, 59.99999999999949551, 7.999999999999696243 ) ) ;
#943 = VERTEX_POINT ( 'NONE', #7519 ) ;
#944 = DIRECTION ( 'NONE',  ( -1.000000000000000000, -0.000000000000000000, -0.000000000000000000 ) ) ;
#945 = ORIENTED_EDGE ( 'NONE', *, *, #7417, .T. ) ;
#946 = EDGE_LOOP ( 'NONE', ( #50, #4170 ) ) ;
#947 = DIRECTION ( 'NONE',  ( -1.000000000000000000, 0.000000000000000000, 0.000000000000000000 ) ) ;
#948 = CIRCLE ( 'NONE', #5260, 13.00000000000003197 ) ;
#949 = DIRECTION ( 'NONE',  ( 1.000000000000000000, 0.000000000000000000, 0.000000000000000000 ) ) ;
#950 = ORIENTED_EDGE ( 'NONE', *, *, #1811, .F. ) ;
#951 = DIRECTION ( 'NONE',  ( -1.000000000000000000, -0.000000000000000000, 0.000000000000000000 ) ) ;
#952 = ORIENTED_EDGE ( 'NONE', *, *, #3104, .F. ) ;
#953 = ORIENTED_EDGE ( 'NONE', *, *, #1484, .F. ) ;
#954 = CIRCLE ( 'NONE', #1205, 13.00000000000003197 ) ;
#955 = ORIENTED_EDGE ( 'NONE', *, *, #5098, .F. ) ;
#956 = ORIENTED_EDGE ( 'NONE', *, *, #5532, .F. ) ;
#957 = CARTESIAN_POINT ( 'NONE',  ( -10.00000000000007105, 0.000000000000000000, -197.5900000000000034 ) ) ;
#958 = DIRECTION ( 'NONE',  ( 0.000000000000000000, 0.000000000000000000, 1.000000000000000000 ) ) ;
#959 = VERTEX_POINT ( 'NONE', #2596 ) ;
#960 = ORIENTED_EDGE ( 'NONE', *, *, #2288, .T. ) ;
#961 = CARTESIAN_POINT ( 'NONE',  ( -839.9999999999998863, 464.9999999999998863, 0.000000000000000000 ) ) ;
#962 = DIRECTION ( 'NONE',  ( -0.000000000000000000, -0.000000000000000000, -1.000000000000000000 ) ) ;
#963 = DIRECTION ( 'NONE',  ( 1.000000000000000000, 3.301778511896374732E-15, -0.000000000000000000 ) ) ;
#964 = EDGE_CURVE ( 'NONE', #3462, #5974, #6248, .T. ) ;
#965 = ORIENTED_EDGE ( 'NONE', *, *, #162, .F. ) ;
#966 = CARTESIAN_POINT ( 'NONE',  ( -20.70710678118653547, 7.294935795784723176, -214.5895255532023498 ) ) ;
#967 = ORIENTED_EDGE ( 'NONE', *, *, #544, .F. ) ;
#968 = CARTESIAN_POINT ( 'NONE',  ( -1200.000000000000000, 430.5663706143604941, 429.4336293856406428 ) ) ;
#969 = DIRECTION ( 'NONE',  ( -1.000000000000000000, -3.301778511896374732E-15, -0.000000000000000000 ) ) ;
#970 = CARTESIAN_POINT ( 'NONE',  ( -700.0000000000000000, 39.99999999999987210, 0.000000000000000000 ) ) ;
#971 = ORIENTED_EDGE ( 'NONE', *, *, #126, .T. ) ;
#972 = EDGE_CURVE ( 'NONE', #255, #1598, #7661, .T. ) ;
#973 = FACE_OUTER_BOUND ( 'NONE', #6658, .T. ) ;
#974 = DIRECTION ( 'NONE',  ( -0.000000000000000000, -1.000000000000000000, -0.000000000000000000 ) ) ;
#975 = ORIENTED_EDGE ( 'NONE', *, *, #4183, .T. ) ;
#976 = DIRECTION ( 'NONE',  ( 0.000000000000000000, 0.000000000000000000, -1.000000000000000000 ) ) ;
#977 = ORIENTED_EDGE ( 'NONE', *, *, #150, .T. ) ;
#978 = VECTOR ( 'NONE', #4494, 1000.000000000000000 ) ;
#979 = ADVANCED_FACE ( 'NONE', ( #2047 ), #1483, .T. ) ;
#980 = EDGE_CURVE ( 'NONE', #2781, #7503, #6772, .T. ) ;
#981 = UNCERTAINTY_MEASURE_WITH_UNIT (LENGTH_MEASURE( 1.000000000000000082E-05 ), #1031, 'distance_accuracy_value', 'NONE');
#982 = ORIENTED_EDGE ( 'NONE', *, *, #4884, .F. ) ;
#983 = DIRECTION ( 'NONE',  ( 0.000000000000000000, 6.982962677686267499E-15, -1.000000000000000000 ) ) ;
#984 = DIRECTION ( 'NONE',  ( 0.000000000000000000, -0.000000000000000000, 1.000000000000000000 ) ) ;
#985 = ORIENTED_EDGE ( 'NONE', *, *, #126, .F. ) ;
#986 = AXIS2_PLACEMENT_3D ( 'NONE', #4952, #869, #1337 ) ;
#987 = DIRECTION ( 'NONE',  ( 0.000000000000000000, 0.000000000000000000, 1.000000000000000000 ) ) ;
#988 = VECTOR ( 'NONE', #796, 1000.000000000000000 ) ;
#989 = EDGE_LOOP ( 'NONE', ( #4371, #2087, #6671, #1924 ) ) ;
#990 = AXIS2_PLACEMENT_3D ( 'NONE', #5115, #5079, #5595 ) ;
#991 = ORIENTED_EDGE ( 'NONE', *, *, #980, .F. ) ;
#992 = FILL_AREA_STYLE_COLOUR ( '', #3286 ) ;
#993 = CARTESIAN_POINT ( 'NONE',  ( -64.50000000000000000, 357.4336293856408133, 69.43362938564074227 ) ) ;
#994 = EDGE_LOOP ( 'NONE', ( #3908, #6010, #1688, #1838 ) ) ;
#995 = EDGE_CURVE ( 'NONE', #5492, #5909, #1609, .T. ) ;
#996 = VECTOR ( 'NONE', #687, 1000.000000000000000 ) ;
#997 =( GEOMETRIC_REPRESENTATION_CONTEXT ( 3 ) GLOBAL_UNCERTAINTY_ASSIGNED_CONTEXT ( ( #7801 ) ) GLOBAL_UNIT_ASSIGNED_CONTEXT ( ( #3110, #2594, #7427 ) ) REPRESENTATION_CONTEXT ( 'NONE', 'WORKASPACE' ) );
#998 = ORIENTED_EDGE ( 'NONE', *, *, #292, .F. ) ;
#999 = DIRECTION ( 'NONE',  ( -1.000000000000000000, 0.000000000000000000, 0.000000000000000000 ) ) ;
#1000 = CARTESIAN_POINT ( 'NONE',  ( -48.70710678118651771, 55.25000000000003553, -207.0000000000001705 ) ) ;
#1001 = ORIENTED_EDGE ( 'NONE', *, *, #6020, .T. ) ;
#1002 = VERTEX_POINT ( 'NONE', #3871 ) ;
#1003 = AXIS2_PLACEMENT_3D ( 'NONE', #1923, #1436, #330 ) ;
#1004 = DIRECTION ( 'NONE',  ( -0.000000000000000000, 0.000000000000000000, -1.000000000000000000 ) ) ;
#1005 = DIRECTION ( 'NONE',  ( 0.000000000000000000, 0.000000000000000000, -1.000000000000000000 ) ) ;
#1006 = ADVANCED_FACE ( 'NONE', ( #5694 ), #7432, .F. ) ;
#1007 = DIRECTION ( 'NONE',  ( -0.000000000000000000, -0.000000000000000000, -1.000000000000000000 ) ) ;
#1008 = VECTOR ( 'NONE', #6536, 1000.000000000000000 ) ;
#1009 = CARTESIAN_POINT ( 'NONE',  ( -19.99999999999995737, 11.99999999999999822, -206.2928932188135605 ) ) ;
#1010 = AXIS2_PLACEMENT_3D ( 'NONE', #7746, #2191, #4611 ) ;
#1011 = ORIENTED_EDGE ( 'NONE', *, *, #3840, .F. ) ;
#1012 = CIRCLE ( 'NONE', #1897, 13.00000000000001066 ) ;
#1013 = CARTESIAN_POINT ( 'NONE',  ( 0.000000000000000000, -8.000000000000000000, -10.00000000000006928 ) ) ;
#1014 = ORIENTED_EDGE ( 'NONE', *, *, #3944, .T. ) ;
#1015 = AXIS2_PLACEMENT_3D ( 'NONE', #4762, #5435, #7779 ) ;
#1016 = CARTESIAN_POINT ( 'NONE',  ( -1055.499999999996817, 47.43362938564094122, 0.000000000000000000 ) ) ;
#1017 = DIRECTION ( 'NONE',  ( 0.000000000000000000, -0.000000000000000000, -1.000000000000000000 ) ) ;
#1018 = DIRECTION ( 'NONE',  ( 0.000000000000000000, -0.000000000000000000, 1.000000000000000000 ) ) ;
#1019 = EDGE_CURVE ( 'NONE', #95, #6940, #7303, .T. ) ;
#1020 = PLANE ( 'NONE',  #7196 ) ;
#1021 = EDGE_LOOP ( 'NONE', ( #7725, #2059 ) ) ;
#1022 = CIRCLE ( 'NONE', #2025, 13.00000000000001066 ) ;
#1023 = PLANE ( 'NONE',  #33 ) ;
#1024 = DIRECTION ( 'NONE',  ( 0.000000000000000000, -3.491481338843134933E-15, 1.000000000000000000 ) ) ;
#1025 = ORIENTED_EDGE ( 'NONE', *, *, #5855, .F. ) ;
#1026 = EDGE_CURVE ( 'NONE', #3844, #3747, #6332, .T. ) ;
#1027 = CYLINDRICAL_SURFACE ( 'NONE', #705, 12.99999999999999822 ) ;
#1028 = ORIENTED_EDGE ( 'NONE', *, *, #7660, .T. ) ;
#1029 = CIRCLE ( 'NONE', #649, 12.99999999999999822 ) ;
#1030 = AXIS2_PLACEMENT_3D ( 'NONE', #2441, #545, #1775 ) ;
#1031 =( LENGTH_UNIT ( ) NAMED_UNIT ( * ) SI_UNIT ( .MILLI., .METRE. ) );
#1032 = DIRECTION ( 'NONE',  ( -0.000000000000000000, -1.000000000000000000, 0.000000000000000000 ) ) ;
#1033 = ORIENTED_EDGE ( 'NONE', *, *, #6793, .T. ) ;
#1034 = CARTESIAN_POINT ( 'NONE',  ( -144.4999999999997442, 500.0000000000002274, 72.00000000000000000 ) ) ;
#1035 = VERTEX_POINT ( 'NONE', #5179 ) ;
#1036 = EDGE_CURVE ( 'NONE', #6420, #5384, #2169, .T. ) ;
#1037 = ADVANCED_FACE ( 'NONE', ( #6214 ), #2716, .F. ) ;
#1038 = ORIENTED_EDGE ( 'NONE', *, *, #3442, .F. ) ;
#1039 = DIRECTION ( 'NONE',  ( 1.000000000000000000, 0.000000000000000000, -1.224646799147353207E-16 ) ) ;
#1040 = DIRECTION ( 'NONE',  ( -0.000000000000000000, 1.000000000000000000, -3.491481338843133355E-15 ) ) ;
#1041 = EDGE_LOOP ( 'NONE', ( #6130, #3702, #1959, #7678 ) ) ;
#1042 = DIRECTION ( 'NONE',  ( -0.000000000000000000, -0.000000000000000000, 1.000000000000000000 ) ) ;
#1043 = DIRECTION ( 'NONE',  ( -0.000000000000000000, 0.000000000000000000, -1.000000000000000000 ) ) ;
#1044 = EDGE_LOOP ( 'NONE', ( #4858, #4580 ) ) ;
#1045 = ORIENTED_EDGE ( 'NONE', *, *, #7660, .F. ) ;
#1046 = EDGE_CURVE ( 'NONE', #4003, #5870, #3976, .T. ) ;
#1047 = EDGE_CURVE ( 'NONE', #5209, #122, #3574, .T. ) ;
#1048 = CARTESIAN_POINT ( 'NONE',  ( 167.0000000000032117, 60.00000000000005684, -7.216449660063517513E-13 ) ) ;
#1049 = CARTESIAN_POINT ( 'NONE',  ( 86.99999999999998579, 369.9999999999994884, 215.0000000000000000 ) ) ;
#1050 = FACE_BOUND ( 'NONE', #1894, .T. ) ;
#1051 = DIRECTION ( 'NONE',  ( 0.000000000000000000, 1.000000000000000000, 0.000000000000000000 ) ) ;
#1052 = ORIENTED_EDGE ( 'NONE', *, *, #2973, .T. ) ;
#1053 = DIRECTION ( 'NONE',  ( 1.000000000000000000, 0.000000000000000000, 0.000000000000000000 ) ) ;
#1054 = DIRECTION ( 'NONE',  ( 0.000000000000000000, -0.000000000000000000, 1.000000000000000000 ) ) ;
#1055 = CARTESIAN_POINT ( 'NONE',  ( -839.9999999999998863, 464.9999999999998863, -8.000000000000000000 ) ) ;
#1056 = CARTESIAN_POINT ( 'NONE',  ( -0.1320825141619859366, 9.705254964939722839, -194.2928937188135592 ) ) ;
#1057 = CARTESIAN_POINT ( 'NONE',  ( 11.99999999999995737, 0.000000000000000000, 19.99999999999995737 ) ) ;
#1058 = CARTESIAN_POINT ( 'NONE',  ( -206.9207504908144131, 10.62315297300359163, -194.2928932188135036 ) ) ;
#1059 = EDGE_LOOP ( 'NONE', ( #7344, #2335 ) ) ;
#1060 = LINE ( 'NONE', #1687, #1714 ) ;
#1061 = EDGE_LOOP ( 'NONE', ( #762, #3865, #568, #5997 ) ) ;
#1062 = CARTESIAN_POINT ( 'NONE',  ( -1200.000000000000000, 437.4336293856424618, -430.5663706143593572 ) ) ;
#1063 = DIRECTION ( 'NONE',  ( 0.000000000000000000, 0.000000000000000000, -1.000000000000000000 ) ) ;
#1064 = EDGE_CURVE ( 'NONE', #5386, #1183, #7677, .T. ) ;
#1065 = CARTESIAN_POINT ( 'NONE',  ( -0.1320825130146120741, 9.705254974873684048, -206.2928932188135605 ) ) ;
#1066 = VECTOR ( 'NONE', #6752, 1000.000000000000000 ) ;
#1067 = VERTEX_POINT ( 'NONE', #3387 ) ;
#1068 = ORIENTED_EDGE ( 'NONE', *, *, #6957, .F. ) ;
#1069 = DIRECTION ( 'NONE',  ( 0.000000000000000000, 0.000000000000000000, 1.000000000000000000 ) ) ;
#1070 = DIRECTION ( 'NONE',  ( 0.000000000000000000, 4.270088556250591641E-15, -1.000000000000000000 ) ) ;
#1071 = EDGE_CURVE ( 'NONE', #3173, #914, #4144, .T. ) ;
#1072 = ORIENTED_EDGE ( 'NONE', *, *, #2621, .T. ) ;
#1073 = CARTESIAN_POINT ( 'NONE',  ( -8.000000000000055067, 0.000000000000000000, 195.0000000000000000 ) ) ;
#1074 = LINE ( 'NONE', #7698, #2902 ) ;
#1075 = ORIENTED_EDGE ( 'NONE', *, *, #3335, .T. ) ;
#1076 = ORIENTED_EDGE ( 'NONE', *, *, #1219, .T. ) ;
#1077 = AXIS2_PLACEMENT_3D ( 'NONE', #3746, #3141, #5563 ) ;
#1078 = CARTESIAN_POINT ( 'NONE',  ( -20.70710678118653902, -8.000000000000069278, -195.0000000000000000 ) ) ;
#1079 = CARTESIAN_POINT ( 'NONE',  ( -2.793185071074506684E-14, 0.000000000000000000, 0.000000000000000000 ) ) ;
#1080 = PLANE ( 'NONE',  #5889 ) ;
#1081 = ADVANCED_FACE ( 'NONE', ( #5298 ), #537, .F. ) ;
#1082 = ADVANCED_FACE ( 'NONE', ( #3434 ), #3470, .F. ) ;
#1083 = CARTESIAN_POINT ( 'NONE',  ( -639.9999999999998863, 464.9999999999998863, 0.000000000000000000 ) ) ;
#1084 = AXIS2_PLACEMENT_3D ( 'NONE', #1243, #5483, #6715 ) ;
#1085 = EDGE_LOOP ( 'NONE', ( #6911, #7492, #697, #17 ) ) ;
#1086 = CARTESIAN_POINT ( 'NONE',  ( 0.000000000000000000, 422.5663706143590161, 12.00000000000006573 ) ) ;
#1087 = DIRECTION ( 'NONE',  ( 0.000000000000000000, -0.000000000000000000, 1.000000000000000000 ) ) ;
#1088 = CARTESIAN_POINT ( 'NONE',  ( -164.7499999999997726, 2.000000000000000000, -170.5857864376210102 ) ) ;
#1089 = LINE ( 'NONE', #5335, #7382 ) ;
#1090 = DIRECTION ( 'NONE',  ( 8.673617379884035472E-16, 0.000000000000000000, 1.000000000000000000 ) ) ;
#1091 = ADVANCED_FACE ( 'NONE', ( #2835, #5810, #2206 ), #1023, .F. ) ;
#1092 = CARTESIAN_POINT ( 'NONE',  ( -206.9207504915028153, 10.62315297896395627, -202.2928928854801711 ) ) ;
#1093 = ORIENTED_EDGE ( 'NONE', *, *, #2326, .T. ) ;
#1094 = DIRECTION ( 'NONE',  ( 0.000000000000000000, 1.000000000000000000, 0.000000000000000000 ) ) ;
#1095 = ORIENTED_EDGE ( 'NONE', *, *, #1096, .T. ) ;
#1096 = EDGE_CURVE ( 'NONE', #3971, #7363, #4089, .T. ) ;
#1097 =( GEOMETRIC_REPRESENTATION_CONTEXT ( 3 ) GLOBAL_UNCERTAINTY_ASSIGNED_CONTEXT ( ( #2879 ) ) GLOBAL_UNIT_ASSIGNED_CONTEXT ( ( #6577, #7284, #3608 ) ) REPRESENTATION_CONTEXT ( 'NONE', 'WORKASPACE' ) );
#1098 = FACE_BOUND ( 'NONE', #5150, .T. ) ;
#1099 = CARTESIAN_POINT ( 'NONE',  ( -64.50000000000000000, 357.4336293856408133, -8.000000000000000000 ) ) ;
#1100 = CARTESIAN_POINT ( 'NONE',  ( -8.026474732422236968, 11.08007733455478494, -206.2928932188135605 ) ) ;
#1101 = ORIENTED_EDGE ( 'NONE', *, *, #1895, .T. ) ;
#1102 = VERTEX_POINT ( 'NONE', #7757 ) ;
#1103 = LINE ( 'NONE', #1734, #5197 ) ;
#1104 = CARTESIAN_POINT ( 'NONE',  ( -899.9999999999998863, 464.9999999999998863, -8.000000000000000000 ) ) ;
#1105 = EDGE_CURVE ( 'NONE', #6140, #1306, #766, .T. ) ;
#1106 = CARTESIAN_POINT ( 'NONE',  ( -7.746820855162981119E-14, -6.618252045095815674E-16, 8.000000000000014211 ) ) ;
#1107 = EDGE_LOOP ( 'NONE', ( #594, #7479, #6095, #2286 ) ) ;
#1108 = LINE ( 'NONE', #4127, #101 ) ;
#1109 = AXIS2_PLACEMENT_3D ( 'NONE', #2094, #7402, #872 ) ;
#1110 = VECTOR ( 'NONE', #4693, 1000.000000000000000 ) ;
#1111 = DIRECTION ( 'NONE',  ( 3.491481338843134144E-15, -0.000000000000000000, 1.000000000000000000 ) ) ;
#1112 = EDGE_LOOP ( 'NONE', ( #427, #4130, #5769, #435 ) ) ;
#1113 = ORIENTED_EDGE ( 'NONE', *, *, #1407, .F. ) ;
#1114 = EDGE_CURVE ( 'NONE', #561, #927, #2464, .T. ) ;
#1115 = LINE ( 'NONE', #5324, #2515 ) ;
#1116 = AXIS2_PLACEMENT_3D ( 'NONE', #6591, #2382, #6709 ) ;
#1117 = VECTOR ( 'NONE', #1962, 1000.000000000000000 ) ;
#1118 = CARTESIAN_POINT ( 'NONE',  ( -385.4999999999999432, 430.5663706143603235, 389.4336293856399607 ) ) ;
#1119 = FACE_BOUND ( 'NONE', #5506, .T. ) ;
#1120 = CARTESIAN_POINT ( 'NONE',  ( -360.0000000000000568, 429.4336293856408702, 21.43362938564067477 ) ) ;
#1121 = CIRCLE ( 'NONE', #5936, 12.99999999999999822 ) ;
#1122 = ORIENTED_EDGE ( 'NONE', *, *, #356, .F. ) ;
#1123 = CIRCLE ( 'NONE', #5169, 13.00000000000173195 ) ;
#1124 = PRODUCT ( 'middle-part1', 'middle-part1', '', ( #754 ) ) ;
#1125 = ADVANCED_FACE ( 'NONE', ( #7639 ), #4775, .T. ) ;
#1126 = EDGE_CURVE ( 'NONE', #6126, #6140, #5295, .T. ) ;
#1127 = CARTESIAN_POINT ( 'NONE',  ( -144.4999999999997442, 500.0000000000002274, 84.99999999999982947 ) ) ;
#1128 = DIRECTION ( 'NONE',  ( 0.000000000000000000, 0.000000000000000000, -1.000000000000000000 ) ) ;
#1129 = PLANE ( 'NONE',  #3171 ) ;
#1130 = LINE ( 'NONE', #1056, #4101 ) ;
#1131 = VECTOR ( 'NONE', #5847, 1000.000000000000000 ) ;
#1132 = CARTESIAN_POINT ( 'NONE',  ( -0.1320825141619859366, 9.705254964939722839, -194.2928937188135592 ) ) ;
#1133 = CIRCLE ( 'NONE', #3023, 13.00000000000034461 ) ;
#1134 = CARTESIAN_POINT ( 'NONE',  ( -814.4999999999995453, 174.9999999999998863, 2.000000000000000000 ) ) ;
#1135 = VECTOR ( 'NONE', #1941, 1000.000000000000000 ) ;
#1136 = VERTEX_POINT ( 'NONE', #3990 ) ;
#1137 = EDGE_CURVE ( 'NONE', #5870, #2361, #562, .T. ) ;
#1138 = CARTESIAN_POINT ( 'NONE',  ( 11.99999999999995559, 430.0000000000000568, 195.0000000000000000 ) ) ;
#1139 = VERTEX_POINT ( 'NONE', #460 ) ;
#1140 = CARTESIAN_POINT ( 'NONE',  ( 0.000000000000000000, 430.5663706143604941, 429.4336293856406428 ) ) ;
#1141 = VECTOR ( 'NONE', #876, 1000.000000000000000 ) ;
#1142 = VECTOR ( 'NONE', #6105, 1000.000000000000114 ) ;
#1143 = CARTESIAN_POINT ( 'NONE',  ( -8.707106781186512379, 67.25000000000002842, -207.0000000000001990 ) ) ;
#1144 = DIRECTION ( 'NONE',  ( 0.000000000000000000, 0.000000000000000000, -1.000000000000000000 ) ) ;
#1145 = LINE ( 'NONE', #4787, #250 ) ;
#1146 = AXIS2_PLACEMENT_3D ( 'NONE', #1966, #2444, #3040 ) ;
#1147 = EDGE_LOOP ( 'NONE', ( #2989, #1441 ) ) ;
#1148 = ADVANCED_FACE ( 'NONE', ( #6406 ), #4705, .F. ) ;
#1149 = ORIENTED_EDGE ( 'NONE', *, *, #4334, .T. ) ;
#1150 = AXIS2_PLACEMENT_3D ( 'NONE', #3686, #3723, #106 ) ;
#1151 = DIRECTION ( 'NONE',  ( 0.000000000000000000, 1.000000000000000000, -4.270088556250609785E-15 ) ) ;
#1152 = LINE ( 'NONE', #4836, #464 ) ;
#1153 = ORIENTED_EDGE ( 'NONE', *, *, #6315, .F. ) ;
#1154 = CARTESIAN_POINT ( 'NONE',  ( 0.000000000000000000, 370.0000000000000000, 147.4999999999999716 ) ) ;
#1155 = VECTOR ( 'NONE', #1051, 1000.000000000000000 ) ;
#1156 = LINE ( 'NONE', #1227, #5809 ) ;
#1157 = ORIENTED_EDGE ( 'NONE', *, *, #269, .F. ) ;
#1158 = VERTEX_POINT ( 'NONE', #6521 ) ;
#1159 = EDGE_CURVE ( 'NONE', #7528, #5488, #499, .T. ) ;
#1160 = FACE_BOUND ( 'NONE', #2162, .T. ) ;
#1161 = FACE_OUTER_BOUND ( 'NONE', #1041, .T. ) ;
#1162 = FACE_OUTER_BOUND ( 'NONE', #6049, .T. ) ;
#1163 = FACE_BOUND ( 'NONE', #1579, .T. ) ;
#1164 = VERTEX_POINT ( 'NONE', #7032 ) ;
#1165 = DIRECTION ( 'NONE',  ( 0.000000000000000000, 0.000000000000000000, 1.000000000000000000 ) ) ;
#1166 = CARTESIAN_POINT ( 'NONE',  ( -385.5000000000003979, 174.9999999999998863, -8.000000000000000000 ) ) ;
#1167 = CARTESIAN_POINT ( 'NONE',  ( -1135.499999999996817, 47.43362938564096254, 0.000000000000000000 ) ) ;
#1168 = CARTESIAN_POINT ( 'NONE',  ( -1055.499999999996817, 47.43362938564094122, -8.000000000000000000 ) ) ;
#1169 = FACE_OUTER_BOUND ( 'NONE', #2648, .T. ) ;
#1170 = ADVANCED_FACE ( 'NONE', ( #973 ), #1606, .F. ) ;
#1171 = ORIENTED_EDGE ( 'NONE', *, *, #7326, .T. ) ;
#1172 = CARTESIAN_POINT ( 'NONE',  ( -1068.499999999996817, 47.43362938564094122, 69.43362938564074227 ) ) ;
#1173 = ORIENTED_EDGE ( 'NONE', *, *, #2603, .F. ) ;
#1174 = DIRECTION ( 'NONE',  ( 1.737738517507759613E-16, 3.301703183264736560E-15, 1.000000000000000000 ) ) ;
#1175 = ORIENTED_EDGE ( 'NONE', *, *, #1921, .F. ) ;
#1176 = DIRECTION ( 'NONE',  ( 1.000000000000000000, -3.469446951953614189E-15, 0.000000000000000000 ) ) ;
#1177 = FACE_BOUND ( 'NONE', #4148, .T. ) ;
#1178 = ADVANCED_FACE ( 'NONE', ( #6859 ), #5453, .F. ) ;
#1179 = EDGE_CURVE ( 'NONE', #434, #938, #2, .T. ) ;
#1180 =( LENGTH_UNIT ( ) NAMED_UNIT ( * ) SI_UNIT ( .MILLI., .METRE. ) );
#1181 = CARTESIAN_POINT ( 'NONE',  ( -164.7499999999997726, 0.000000000000000000, -157.5857864376210102 ) ) ;
#1182 = CARTESIAN_POINT ( 'NONE',  ( 207.0000000000000284, 370.0000000000000000, 147.4999999999999716 ) ) ;
#1183 = VERTEX_POINT ( 'NONE', #2614 ) ;
#1184 = ORIENTED_EDGE ( 'NONE', *, *, #1908, .T. ) ;
#1185 = DIRECTION ( 'NONE',  ( -0.000000000000000000, 0.000000000000000000, -1.000000000000000000 ) ) ;
#1186 = FACE_BOUND ( 'NONE', #1059, .T. ) ;
#1187 = DIRECTION ( 'NONE',  ( 3.330669073875469621E-15, -1.000000000000000222, 5.975107548857166186E-16 ) ) ;
#1188 = ORIENTED_EDGE ( 'NONE', *, *, #1159, .T. ) ;
#1189 = FACE_BOUND ( 'NONE', #7379, .T. ) ;
#1190 = CARTESIAN_POINT ( 'NONE',  ( -19.99999999999995737, 11.99999999999999822, 0.000000000000000000 ) ) ;
#1191 = ORIENTED_EDGE ( 'NONE', *, *, #7135, .T. ) ;
#1192 = DIRECTION ( 'NONE',  ( -1.000000000000000000, 0.000000000000000000, 0.000000000000000000 ) ) ;
#1193 = AXIS2_PLACEMENT_3D ( 'NONE', #6910, #298, #937 ) ;
#1194 = DIRECTION ( 'NONE',  ( 0.000000000000000000, 1.000000000000000000, 3.491481338843133355E-15 ) ) ;
#1195 = FACE_BOUND ( 'NONE', #4210, .T. ) ;
#1196 = CARTESIAN_POINT ( 'NONE',  ( -899.9999999999998863, 499.9999999999998863, -8.000000000000000000 ) ) ;
#1197 = VERTEX_POINT ( 'NONE', #2396 ) ;
#1198 = VECTOR ( 'NONE', #418, 1000.000000000000000 ) ;
#1199 = DIRECTION ( 'NONE',  ( 0.000000000000000000, 0.000000000000000000, -1.000000000000000000 ) ) ;
#1200 = AXIS2_PLACEMENT_3D ( 'NONE', #3605, #5350, #2329 ) ;
#1201 = CYLINDRICAL_SURFACE ( 'NONE', #6519, 12.99999999999998401 ) ;
#1202 = LINE ( 'NONE', #3025, #2915 ) ;
#1203 = EDGE_LOOP ( 'NONE', ( #3030, #57 ) ) ;
#1204 = FACE_BOUND ( 'NONE', #6869, .T. ) ;
#1205 = AXIS2_PLACEMENT_3D ( 'NONE', #6199, #2583, #1952 ) ;
#1206 = EDGE_CURVE ( 'NONE', #4761, #7643, #4306, .T. ) ;
#1207 = ORIENTED_EDGE ( 'NONE', *, *, #2326, .F. ) ;
#1208 = CARTESIAN_POINT ( 'NONE',  ( -198.2928935521469214, 9.705254964939927120, -214.8679174858380350 ) ) ;
#1209 = ORIENTED_EDGE ( 'NONE', *, *, #7484, .T. ) ;
#1210 = FACE_OUTER_BOUND ( 'NONE', #5092, .T. ) ;
#1211 = ORIENTED_EDGE ( 'NONE', *, *, #6564, .F. ) ;
#1212 = PRODUCT_DEFINITION ( 'UNKNOWN', '', #3890, #6608 ) ;
#1213 = FACE_OUTER_BOUND ( 'NONE', #2810, .T. ) ;
#1214 = DIRECTION ( 'NONE',  ( 0.000000000000000000, -0.000000000000000000, 1.000000000000000000 ) ) ;
#1215 = DIRECTION ( 'NONE',  ( 0.000000000000000000, 0.000000000000000000, 1.000000000000000000 ) ) ;
#1216 = ORIENTED_EDGE ( 'NONE', *, *, #3595, .T. ) ;
#1217 = AXIS2_PLACEMENT_3D ( 'NONE', #6384, #2183, #3408 ) ;
#1218 = VERTEX_POINT ( 'NONE', #6269 ) ;
#1219 = EDGE_CURVE ( 'NONE', #4378, #1932, #2073, .T. ) ;
#1220 = EDGE_CURVE ( 'NONE', #1139, #3671, #2146, .T. ) ;
#1221 = DIRECTION ( 'NONE',  ( 0.000000000000000000, 0.000000000000000000, -1.000000000000000000 ) ) ;
#1222 = CARTESIAN_POINT ( 'NONE',  ( -699.9999999999985221, 430.5663706143599256, 267.4336293856407565 ) ) ;
#1223 = DIRECTION ( 'NONE',  ( 2.391543916884408044E-17, -4.996003610813200488E-16, -1.000000000000000000 ) ) ;
#1224 = ORIENTED_EDGE ( 'NONE', *, *, #5108, .T. ) ;
#1225 = FACE_OUTER_BOUND ( 'NONE', #2721, .T. ) ;
#1226 = CYLINDRICAL_SURFACE ( 'NONE', #6838, 13.00000000000001066 ) ;
#1227 = CARTESIAN_POINT ( 'NONE',  ( -827.5000000000000000, 39.99999999999987210, 2.000000000000000000 ) ) ;
#1228 = ORIENTED_EDGE ( 'NONE', *, *, #2425, .T. ) ;
#1229 = EDGE_CURVE ( 'NONE', #2755, #1365, #1133, .T. ) ;
#1230 = LINE ( 'NONE', #684, #252 ) ;
#1231 = CYLINDRICAL_SURFACE ( 'NONE', #2752, 12.99999999999980282 ) ;
#1232 = CIRCLE ( 'NONE', #5536, 13.00000000000001066 ) ;
#1233 = CARTESIAN_POINT ( 'NONE',  ( 0.000000000000000000, -8.000000000000000000, -10.00000000000007105 ) ) ;
#1234 = CIRCLE ( 'NONE', #4776, 12.99999999999998401 ) ;
#1235 = FACE_BOUND ( 'NONE', #2935, .T. ) ;
#1236 = ORIENTED_EDGE ( 'NONE', *, *, #7286, .F. ) ;
#1237 = VECTOR ( 'NONE', #381, 1000.000000000000000 ) ;
#1238 = CIRCLE ( 'NONE', #6810, 12.99999999999979039 ) ;
#1239 = CIRCLE ( 'NONE', #2371, 13.00000000000001066 ) ;
#1240 = AXIS2_PLACEMENT_3D ( 'NONE', #1079, #1636, #4727 ) ;
#1241 = EDGE_CURVE ( 'NONE', #6747, #2701, #5672, .T. ) ;
#1242 = DIRECTION ( 'NONE',  ( 0.000000000000000000, 0.000000000000000000, 1.000000000000000000 ) ) ;
#1243 = CARTESIAN_POINT ( 'NONE',  ( 2.341876692568689577E-13, 67.25000000000000000, 0.000000000000000000 ) ) ;
#1244 = ORIENTED_EDGE ( 'NONE', *, *, #690, .F. ) ;
#1245 = CARTESIAN_POINT ( 'NONE',  ( 207.0000000000000000, 0.000000000000000000, 215.0000000000007105 ) ) ;
#1246 = VECTOR ( 'NONE', #3407, 1000.000000000000114 ) ;
#1247 = ORIENTED_EDGE ( 'NONE', *, *, #6354, .T. ) ;
#1248 = DIRECTION ( 'NONE',  ( 1.000000000000000000, 0.000000000000000000, -3.469446951953611428E-15 ) ) ;
#1249 = EDGE_LOOP ( 'NONE', ( #7388, #2678, #2185, #5859 ) ) ;
#1250 = CYLINDRICAL_SURFACE ( 'NONE', #7068, 13.00000000000000533 ) ;
#1251 = ORIENTED_EDGE ( 'NONE', *, *, #6602, .F. ) ;
#1252 = AXIS2_PLACEMENT_3D ( 'NONE', #4104, #5801, #6398 ) ;
#1253 = DIRECTION ( 'NONE',  ( 0.000000000000000000, 0.000000000000000000, 1.000000000000000000 ) ) ;
#1254 = VECTOR ( 'NONE', #4798, 1000.000000000000000 ) ;
#1255 = CARTESIAN_POINT ( 'NONE',  ( -839.9999999999998863, 464.9999999999998863, 2.000000000000000000 ) ) ;
#1256 =( NAMED_UNIT ( * ) PLANE_ANGLE_UNIT ( ) SI_UNIT ( $, .RADIAN. ) );
#1257 = VECTOR ( 'NONE', #410, 1000.000000000000000 ) ;
#1258 = DIRECTION ( 'NONE',  ( 3.491481338843133355E-15, 0.000000000000000000, 1.000000000000000000 ) ) ;
#1259 = DIRECTION ( 'NONE',  ( -0.000000000000000000, -1.000000000000000000, -0.000000000000000000 ) ) ;
#1260 = EDGE_LOOP ( 'NONE', ( #1273, #736, #1671, #3185 ) ) ;
#1261 = EDGE_LOOP ( 'NONE', ( #4954, #6571, #2539, #5663 ) ) ;
#1262 = CIRCLE ( 'NONE', #5824, 20.00000000000000000 ) ;
#1263 = CARTESIAN_POINT ( 'NONE',  ( -5.551115123125782702E-14, 430.0000000000000568, 195.0000000000000000 ) ) ;
#1264 = CARTESIAN_POINT ( 'NONE',  ( -198.2928935521469214, 10.62315297896390298, -206.9207504915028153 ) ) ;
#1265 = ORIENTED_EDGE ( 'NONE', *, *, #3541, .F. ) ;
#1266 = FACE_OUTER_BOUND ( 'NONE', #7449, .T. ) ;
#1267 = VECTOR ( 'NONE', #5695, 1000.000000000000000 ) ;
#1268 = CARTESIAN_POINT ( 'NONE',  ( -8.000000000000000000, 370.0000000000000000, 67.49999999999995737 ) ) ;
#1269 = EDGE_CURVE ( 'NONE', #3961, #881, #7204, .T. ) ;
#1270 = EDGE_CURVE ( 'NONE', #2819, #675, #2520, .T. ) ;
#1271 = DIRECTION ( 'NONE',  ( -1.084202172485505420E-16, 0.000000000000000000, -1.000000000000000000 ) ) ;
#1272 = AXIS2_PLACEMENT_3D ( 'NONE', #5314, #5744, #2140 ) ;
#1273 = ORIENTED_EDGE ( 'NONE', *, *, #3689, .F. ) ;
#1274 = DIRECTION ( 'NONE',  ( 0.000000000000000000, 1.000000000000000000, 0.000000000000000000 ) ) ;
#1275 = FACE_BOUND ( 'NONE', #505, .T. ) ;
#1276 = VECTOR ( 'NONE', #2236, 1000.000000000000000 ) ;
#1277 = CARTESIAN_POINT ( 'NONE',  ( -500.0000000000004547, 174.9999999999998863, 2.000000000000000000 ) ) ;
#1278 = CARTESIAN_POINT ( 'NONE',  ( -20.70710678118653547, 0.2678070468294159179, -197.9111886083016714 ) ) ;
#1279 = EDGE_CURVE ( 'NONE', #6287, #667, #3676, .T. ) ;
#1280 = EDGE_CURVE ( 'NONE', #4180, #3974, #498, .T. ) ;
#1281 = EDGE_LOOP ( 'NONE', ( #5774, #7194 ) ) ;
#1282 = CARTESIAN_POINT ( 'NONE',  ( 3.053113317719180486E-13, 42.25000000000071765, -166.2928932188134752 ) ) ;
#1283 = CARTESIAN_POINT ( 'NONE',  ( -1200.000000000000000, 437.4336293856408133, 39.43362938564037989 ) ) ;
#1284 = ORIENTED_EDGE ( 'NONE', *, *, #2403, .T. ) ;
#1285 = LINE ( 'NONE', #4415, #1066 ) ;
#1286 = ORIENTED_EDGE ( 'NONE', *, *, #7401, .F. ) ;
#1287 = FACE_OUTER_BOUND ( 'NONE', #912, .T. ) ;
#1288 = ORIENTED_EDGE ( 'NONE', *, *, #301, .T. ) ;
#1289 = FACE_OUTER_BOUND ( 'NONE', #783, .T. ) ;
#1290 = ORIENTED_EDGE ( 'NONE', *, *, #1468, .T. ) ;
#1291 = LINE ( 'NONE', #3150, #476 ) ;
#1292 = CARTESIAN_POINT ( 'NONE',  ( -195.0000000000000000, -8.000000000000015987, -194.2928932188134752 ) ) ;
#1293 = CARTESIAN_POINT ( 'NONE',  ( -1122.499999999999773, 357.4336293856409270, 0.000000000000000000 ) ) ;
#1294 = EDGE_CURVE ( 'NONE', #5761, #6599, #6573, .T. ) ;
#1295 = CARTESIAN_POINT ( 'NONE',  ( -839.9999999999998863, 464.9999999999998863, 0.000000000000000000 ) ) ;
#1296 = ORIENTED_EDGE ( 'NONE', *, *, #5230, .F. ) ;
#1297 = VERTEX_POINT ( 'NONE', #6044 ) ;
#1298 = FACE_BOUND ( 'NONE', #2709, .T. ) ;
#1299 = APPLICATION_CONTEXT ( 'automotive_design' ) ;
#1300 = CARTESIAN_POINT ( 'NONE',  ( -560.0000000000000000, 464.9999999999998863, 0.000000000000000000 ) ) ;
#1301 = ORIENTED_EDGE ( 'NONE', *, *, #7275, .F. ) ;
#1302 = ADVANCED_FACE ( 'NONE', ( #1287 ), #4193, .F. ) ;
#1303 = DIRECTION ( 'NONE',  ( -0.000000000000000000, 1.000000000000000000, -3.491481338843133355E-15 ) ) ;
#1304 = FACE_OUTER_BOUND ( 'NONE', #2214, .T. ) ;
#1305 = LINE ( 'NONE', #3734, #3542 ) ;
#1306 = VERTEX_POINT ( 'NONE', #1801 ) ;
#1307 = DIRECTION ( 'NONE',  ( -0.000000000000000000, 0.000000000000000000, 1.000000000000000000 ) ) ;
#1308 = DIRECTION ( 'NONE',  ( 0.000000000000000000, -1.000000000000000000, 3.491481338843133355E-15 ) ) ;
#1309 = EDGE_CURVE ( 'NONE', #1067, #780, #2472, .T. ) ;
#1310 = DIRECTION ( 'NONE',  ( 3.301778511896375126E-15, -1.000000000000000000, 0.000000000000000000 ) ) ;
#1311 = FACE_BOUND ( 'NONE', #4307, .T. ) ;
#1312 = ORIENTED_EDGE ( 'NONE', *, *, #4748, .T. ) ;
#1313 = VERTEX_POINT ( 'NONE', #6007 ) ;
#1314 = AXIS2_PLACEMENT_3D ( 'NONE', #371, #253, #2669 ) ;
#1315 = CARTESIAN_POINT ( 'NONE',  ( -207.0000000000001421, 42.25000000000003553, -166.2928932188134752 ) ) ;
#1316 = CARTESIAN_POINT ( 'NONE',  ( -50.24999999999972289, 2.000000000000000000, -170.5857864376219766 ) ) ;
#1317 = ADVANCED_FACE ( 'NONE', ( #578 ), #7836, .T. ) ;
#1318 = ORIENTED_EDGE ( 'NONE', *, *, #4518, .T. ) ;
#1319 = EDGE_CURVE ( 'NONE', #6278, #7521, #4225, .T. ) ;
#1320 = CARTESIAN_POINT ( 'NONE',  ( 180.0000000000032117, 60.00000000000005684, 7.999999999999372058 ) ) ;
#1321 = AXIS2_PLACEMENT_3D ( 'NONE', #2830, #5333, #2867 ) ;
#1322 = ORIENTED_EDGE ( 'NONE', *, *, #7378, .T. ) ;
#1323 = EDGE_LOOP ( 'NONE', ( #3095, #2197 ) ) ;
#1324 = DIRECTION ( 'NONE',  ( 1.000000000000000000, -0.000000000000000000, -1.224646799147353207E-16 ) ) ;
#1325 = VERTEX_POINT ( 'NONE', #5873 ) ;
#1326 = AXIS2_PLACEMENT_3D ( 'NONE', #3276, #1570, #6252 ) ;
#1327 = DIRECTION ( 'NONE',  ( 1.000000000000000000, 0.000000000000000000, 0.000000000000000000 ) ) ;
#1328 = CARTESIAN_POINT ( 'NONE',  ( -2.672281001132644363E-14, -7.098823800577204864E-13, -207.0000000000000000 ) ) ;
#1329 = CYLINDRICAL_SURFACE ( 'NONE', #6211, 13.00000000000001776 ) ;
#1330 =( NAMED_UNIT ( * ) PLANE_ANGLE_UNIT ( ) SI_UNIT ( $, .RADIAN. ) );
#1331 = DIRECTION ( 'NONE',  ( -0.000000000000000000, -1.000000000000000000, 3.491481338843132961E-15 ) ) ;
#1332 = CYLINDRICAL_SURFACE ( 'NONE', #133, 13.00000000000003197 ) ;
#1333 = ORIENTED_EDGE ( 'NONE', *, *, #6272, .F. ) ;
#1334 = VERTEX_POINT ( 'NONE', #7580 ) ;
#1335 = DIRECTION ( 'NONE',  ( 0.000000000000000000, -6.982962677686267499E-15, 1.000000000000000000 ) ) ;
#1336 = ADVANCED_FACE ( 'NONE', ( #2187 ), #2105, .F. ) ;
#1337 = DIRECTION ( 'NONE',  ( 1.000000000000000000, 0.000000000000000000, 0.000000000000000000 ) ) ;
#1338 = ORIENTED_EDGE ( 'NONE', *, *, #1994, .T. ) ;
#1339 = FACE_OUTER_BOUND ( 'NONE', #5270, .T. ) ;
#1340 = DIRECTION ( 'NONE',  ( -1.000000000000000000, -3.301778511896374732E-15, -0.000000000000000000 ) ) ;
#1341 = DIRECTION ( 'NONE',  ( 0.000000000000000000, -1.000000000000000000, 3.491481338843133355E-15 ) ) ;
#1342 = EDGE_LOOP ( 'NONE', ( #7058, #2986, #5243, #1707 ) ) ;
#1343 = VERTEX_POINT ( 'NONE', #2149 ) ;
#1344 = CARTESIAN_POINT ( 'NONE',  ( -814.5000000000000000, 39.99999999999987210, -8.000000000000000000 ) ) ;
#1345 = ADVANCED_FACE ( 'NONE', ( #7056 ), #1465, .T. ) ;
#1346 = ADVANCED_FACE ( 'NONE', ( #7015 ), #5241, .T. ) ;
#1347 = CARTESIAN_POINT ( 'NONE',  ( -1135.500000000000227, 500.0000000000002274, 71.99999999999988631 ) ) ;
#1348 = LINE ( 'NONE', #15, #5123 ) ;
#1349 = MECHANICAL_DESIGN_GEOMETRIC_PRESENTATION_REPRESENTATION (  '', ( #3499 ), #1980 ) ;
#1350 = CARTESIAN_POINT ( 'NONE',  ( -20.70710678118653547, -1.387778780781445676E-13, -195.0000000000000000 ) ) ;
#1351 = ORIENTED_EDGE ( 'NONE', *, *, #5099, .T. ) ;
#1352 = ORIENTED_EDGE ( 'NONE', *, *, #4261, .F. ) ;
#1353 = DIRECTION ( 'NONE',  ( 0.000000000000000000, 1.000000000000000000, 0.000000000000000000 ) ) ;
#1354 = AXIS2_PLACEMENT_3D ( 'NONE', #7715, #6553, #4660 ) ;
#1355 = CIRCLE ( 'NONE', #6172, 12.99999999999999822 ) ;
#1356 = DIRECTION ( 'NONE',  ( 0.000000000000000000, 1.000000000000000000, 3.491481338843133355E-15 ) ) ;
#1357 = CARTESIAN_POINT ( 'NONE',  ( -700.0000000000000000, 422.5663706143603235, 389.4336293856408133 ) ) ;
#1358 = CIRCLE ( 'NONE', #3903, 12.99999999999998401 ) ;
#1359 = ORIENTED_EDGE ( 'NONE', *, *, #3204, .T. ) ;
#1360 = AXIS2_PLACEMENT_3D ( 'NONE', #4213, #1194, #1910 ) ;
#1361 = EDGE_CURVE ( 'NONE', #5217, #4982, #1632, .T. ) ;
#1362 = EDGE_CURVE ( 'NONE', #2561, #7364, #4570, .T. ) ;
#1363 = ORIENTED_EDGE ( 'NONE', *, *, #4518, .F. ) ;
#1364 = CARTESIAN_POINT ( 'NONE',  ( -8.707107281186509340, 10.62315297896399180, -206.9207504915028153 ) ) ;
#1365 = VERTEX_POINT ( 'NONE', #5750 ) ;
#1366 = CARTESIAN_POINT ( 'NONE',  ( -215.0000000000002274, 67.25000000000000000, 0.000000000000000000 ) ) ;
#1367 = VECTOR ( 'NONE', #3619, 1000.000000000000000 ) ;
#1368 = DIRECTION ( 'NONE',  ( -3.301778511896374732E-15, 1.000000000000000000, 6.123233995736766036E-17 ) ) ;
#1369 = VECTOR ( 'NONE', #7010, 1000.000000000000000 ) ;
#1370 = DIRECTION ( 'NONE',  ( 1.000000000000000000, 0.000000000000000000, 0.000000000000000000 ) ) ;
#1371 = SURFACE_SIDE_STYLE ('',( #6800 ) ) ;
#1372 = CARTESIAN_POINT ( 'NONE',  ( -500.0000000000000000, 39.99999999999987210, -8.000000000000000000 ) ) ;
#1373 = EDGE_CURVE ( 'NONE', #2755, #6397, #2223, .T. ) ;
#1374 = DIRECTION ( 'NONE',  ( -0.000000000000000000, -0.000000000000000000, -1.000000000000000000 ) ) ;
#1375 = ORIENTED_EDGE ( 'NONE', *, *, #5191, .F. ) ;
#1376 = VERTEX_POINT ( 'NONE', #1000 ) ;
#1377 = AXIS2_PLACEMENT_3D ( 'NONE', #1190, #7, #7249 ) ;
#1378 = FACE_BOUND ( 'NONE', #6336, .T. ) ;
#1379 = AXIS2_PLACEMENT_3D ( 'NONE', #6943, #7505, #6355 ) ;
#1380 = ORIENTED_EDGE ( 'NONE', *, *, #6029, .F. ) ;
#1381 = CARTESIAN_POINT ( 'NONE',  ( -204.0705284616009862, 4.009700629462347621, -194.2928932188135036 ) ) ;
#1382 = CYLINDRICAL_SURFACE ( 'NONE', #4066, 13.00000000000001066 ) ;
#1383 = LINE ( 'NONE', #2492, #1773 ) ;
#1384 = VECTOR ( 'NONE', #3332, 1000.000000000000000 ) ;
#1385 = VERTEX_POINT ( 'NONE', #5837 ) ;
#1386 = AXIS2_PLACEMENT_3D ( 'NONE', #3703, #5990, #1307 ) ;
#1387 = DIRECTION ( 'NONE',  ( -0.000000000000000000, -1.000000000000000000, 3.491481338843133355E-15 ) ) ;
#1388 = CARTESIAN_POINT ( 'NONE',  ( -144.4999999999987494, 422.5663706143602667, 369.0000000000004547 ) ) ;
#1389 = CARTESIAN_POINT ( 'NONE',  ( -360.0000000000000568, 464.9999999999998863, -8.000000000000000000 ) ) ;
#1390 = CIRCLE ( 'NONE', #635, 13.00000000000001066 ) ;
#1391 = FACE_OUTER_BOUND ( 'NONE', #5009, .T. ) ;
#1392 = AXIS2_PLACEMENT_3D ( 'NONE', #2889, #4718, #1069 ) ;
#1393 = EDGE_LOOP ( 'NONE', ( #1404, #923, #4094, #4598 ) ) ;
#1394 = ORIENTED_EDGE ( 'NONE', *, *, #3523, .F. ) ;
#1395 = VECTOR ( 'NONE', #34, 1000.000000000000000 ) ;
#1396 = CARTESIAN_POINT ( 'NONE',  ( 207.0000000000000284, 370.0000000000000000, 54.49999999999995737 ) ) ;
#1397 = AXIS2_PLACEMENT_3D ( 'NONE', #3073, #671, #1927 ) ;
#1398 = LINE ( 'NONE', #5795, #6799 ) ;
#1399 = CARTESIAN_POINT ( 'NONE',  ( -827.5000000000000000, 39.99999999999987210, 0.000000000000000000 ) ) ;
#1400 = EDGE_CURVE ( 'NONE', #3212, #773, #5946, .T. ) ;
#1401 = EDGE_LOOP ( 'NONE', ( #1967, #4688 ) ) ;
#1402 = VERTEX_POINT ( 'NONE', #1550 ) ;
#1403 = FACE_OUTER_BOUND ( 'NONE', #3389, .T. ) ;
#1404 = ORIENTED_EDGE ( 'NONE', *, *, #5855, .T. ) ;
#1405 = CARTESIAN_POINT ( 'NONE',  ( -500.0000000000000000, 430.5663706143603235, 389.4336293856407565 ) ) ;
#1406 = DIRECTION ( 'NONE',  ( 0.000000000000000000, 4.270088556250033128E-15, 1.000000000000000000 ) ) ;
#1407 = EDGE_CURVE ( 'NONE', #538, #4949, #2065, .T. ) ;
#1408 = LINE ( 'NONE', #5015, #5706 ) ;
#1409 = FILL_AREA_STYLE_COLOUR ( '', #7167 ) ;
#1410 = CARTESIAN_POINT ( 'NONE',  ( 153.9999999999999716, 370.0000000000000568, 207.0000000000005116 ) ) ;
#1411 = DIRECTION ( 'NONE',  ( 1.000000000000000000, 0.000000000000000000, 0.000000000000000000 ) ) ;
#1412 = VERTEX_POINT ( 'NONE', #4524 ) ;
#1413 = CYLINDRICAL_SURFACE ( 'NONE', #2972, 12.99999999999999822 ) ;
#1414 = ORIENTED_EDGE ( 'NONE', *, *, #5228, .F. ) ;
#1415 = PLANE ( 'NONE',  #4248 ) ;
#1416 = EDGE_CURVE ( 'NONE', #5834, #1860, #7623, .T. ) ;
#1417 = EDGE_CURVE ( 'NONE', #222, #7811, #7310, .T. ) ;
#1418 = APPLICATION_PROTOCOL_DEFINITION ( 'draft international standard', 'automotive_design', 1998, #1706 ) ;
#1419 = ORIENTED_EDGE ( 'NONE', *, *, #1673, .T. ) ;
#1420 = CARTESIAN_POINT ( 'NONE',  ( -215.0000000000000000, -8.000000000000000000, -10.00000000000004619 ) ) ;
#1421 = PLANE ( 'NONE',  #5409 ) ;
#1422 = DIRECTION ( 'NONE',  ( -0.000000000000000000, -1.000000000000000000, 3.491481338843133355E-15 ) ) ;
#1423 = VERTEX_POINT ( 'NONE', #6938 ) ;
#1424 = CARTESIAN_POINT ( 'NONE',  ( -144.4999999999987494, 500.0000000000011937, 369.0000000000001705 ) ) ;
#1425 = CARTESIAN_POINT ( 'NONE',  ( -1200.000000000000000, 437.4336293856378006, 12.00000000000006573 ) ) ;
#1426 = ADVANCED_FACE ( 'NONE', ( #6308 ), #441, .T. ) ;
#1427 = CYLINDRICAL_SURFACE ( 'NONE', #738, 13.00000000000001066 ) ;
#1428 = CARTESIAN_POINT ( 'NONE',  ( -0.1320825141619859366, 9.705254964939722839, -194.2928937188135592 ) ) ;
#1429 = ORIENTED_EDGE ( 'NONE', *, *, #6263, .T. ) ;
#1430 = ORIENTED_EDGE ( 'NONE', *, *, #5282, .F. ) ;
#1431 = CYLINDRICAL_SURFACE ( 'NONE', #7716, 12.99999999999999822 ) ;
#1432 = CARTESIAN_POINT ( 'NONE',  ( -814.5000000000002274, 430.5663706143598688, 254.4336293856395059 ) ) ;
#1433 = PLANE ( 'NONE',  #3468 ) ;
#1434 = ORIENTED_EDGE ( 'NONE', *, *, #4277, .F. ) ;
#1435 = ORIENTED_EDGE ( 'NONE', *, *, #6824, .F. ) ;
#1436 = DIRECTION ( 'NONE',  ( 0.000000000000000000, 1.000000000000000000, -3.491481338843133355E-15 ) ) ;
#1437 = ORIENTED_EDGE ( 'NONE', *, *, #5099, .F. ) ;
#1438 = CARTESIAN_POINT ( 'NONE',  ( 207.0000000000000284, 0.000000000000000000, 7.999999999999277023 ) ) ;
#1439 = ADVANCED_FACE ( 'NONE', ( #7502 ), #3973, .T. ) ;
#1440 = DIRECTION ( 'NONE',  ( 0.000000000000000000, -1.000000000000000000, 0.000000000000000000 ) ) ;
#1441 = ORIENTED_EDGE ( 'NONE', *, *, #3306, .F. ) ;
#1442 = AXIS2_PLACEMENT_3D ( 'NONE', #7791, #3547, #6555 ) ;
#1443 = DIRECTION ( 'NONE',  ( -0.000000000000000000, -1.000000000000000000, -0.000000000000000000 ) ) ;
#1444 = CARTESIAN_POINT ( 'NONE',  ( -205.0000000000000000, 0.000000000000000000, -9.999999999999975131 ) ) ;
#1445 = DIRECTION ( 'NONE',  ( 3.338921167859689429E-15, -1.000000000000000000, 0.000000000000000000 ) ) ;
#1446 = AXIS2_PLACEMENT_3D ( 'NONE', #6987, #3979, #4805 ) ;
#1447 = ORIENTED_EDGE ( 'NONE', *, *, #1361, .T. ) ;
#1448 = EDGE_CURVE ( 'NONE', #7811, #3569, #7408, .T. ) ;
#1449 = DIRECTION ( 'NONE',  ( -0.000000000000000000, -0.000000000000000000, -1.000000000000000000 ) ) ;
#1450 = ORIENTED_EDGE ( 'NONE', *, *, #7572, .F. ) ;
#1451 = CARTESIAN_POINT ( 'NONE',  ( -1135.500000000001364, 422.5663706143602667, 369.0000000000003411 ) ) ;
#1452 = APPLICATION_PROTOCOL_DEFINITION ( 'draft international standard', 'automotive_design', 1998, #2921 ) ;
#1453 = VECTOR ( 'NONE', #2345, 1000.000000000000000 ) ;
#1454 = VERTEX_POINT ( 'NONE', #6581 ) ;
#1455 = CARTESIAN_POINT ( 'NONE',  ( -200.6320824895401245, 1.304252366732671975, -194.2928932188135036 ) ) ;
#1456 = FACE_OUTER_BOUND ( 'NONE', #5900, .T. ) ;
#1457 = CARTESIAN_POINT ( 'NONE',  ( 0.000000000000000000, 429.4336293856408702, 11.99999999999995559 ) ) ;
#1458 = ORIENTED_EDGE ( 'NONE', *, *, #6359, .T. ) ;
#1459 = EDGE_CURVE ( 'NONE', #2572, #2331, #5313, .T. ) ;
#1460 = EDGE_CURVE ( 'NONE', #6261, #7766, #6820, .T. ) ;
#1461 = CARTESIAN_POINT ( 'NONE',  ( 0.000000000000000000, 60.00000000000000000, 147.5000000000031832 ) ) ;
#1462 = LINE ( 'NONE', #2658, #227 ) ;
#1463 = EDGE_LOOP ( 'NONE', ( #3026, #665 ) ) ;
#1464 = FACE_OUTER_BOUND ( 'NONE', #3928, .T. ) ;
#1465 = PLANE ( 'NONE',  #375 ) ;
#1466 = VERTEX_POINT ( 'NONE', #7102 ) ;
#1467 = ORIENTED_EDGE ( 'NONE', *, *, #1400, .T. ) ;
#1468 = EDGE_CURVE ( 'NONE', #5217, #4572, #5908, .T. ) ;
#1469 = AXIS2_PLACEMENT_3D ( 'NONE', #3486, #360, #5200 ) ;
#1470 = CARTESIAN_POINT ( 'NONE',  ( 3.482344524265709963E-13, 29.25000000000071410, -31.29289321881345387 ) ) ;
#1471 = LINE ( 'NONE', #6356, #2503 ) ;
#1472 = CARTESIAN_POINT ( 'NONE',  ( -144.5000000000032401, 47.43362938564082754, -8.000000000000000000 ) ) ;
#1473 = ORIENTED_EDGE ( 'NONE', *, *, #3945, .T. ) ;
#1474 = EDGE_CURVE ( 'NONE', #3913, #3219, #1156, .T. ) ;
#1475 = EDGE_LOOP ( 'NONE', ( #185, #4842, #3564, #7589 ) ) ;
#1476 = PLANE ( 'NONE',  #4163 ) ;
#1477 = EDGE_LOOP ( 'NONE', ( #3137, #1584, #5520, #7051 ) ) ;
#1478 = DIRECTION ( 'NONE',  ( 1.000000000000000000, 0.000000000000000000, 0.000000000000000000 ) ) ;
#1479 = CARTESIAN_POINT ( 'NONE',  ( -1055.500000000001137, 430.5663706143603804, 394.9999999999998295 ) ) ;
#1480 = DIRECTION ( 'NONE',  ( 0.000000000000000000, -0.000000000000000000, 1.000000000000000000 ) ) ;
#1481 = ORIENTED_EDGE ( 'NONE', *, *, #1309, .T. ) ;
#1482 = VECTOR ( 'NONE', #3321, 1000.000000000000000 ) ;
#1483 = PLANE ( 'NONE',  #3743 ) ;
#1484 = EDGE_CURVE ( 'NONE', #4057, #7566, #4759, .T. ) ;
#1485 = CARTESIAN_POINT ( 'NONE',  ( -640.0000000000000000, -2.775557561562891351E-13, 34.43362938563920750 ) ) ;
#1486 = EDGE_CURVE ( 'NONE', #4750, #4584, #4686, .T. ) ;
#1487 = ORIENTED_EDGE ( 'NONE', *, *, #1749, .F. ) ;
#1488 = DIRECTION ( 'NONE',  ( 0.000000000000000000, -3.295974604355930718E-15, -1.000000000000000000 ) ) ;
#1489 = ORIENTED_EDGE ( 'NONE', *, *, #2865, .F. ) ;
#1490 = VECTOR ( 'NONE', #440, 1000.000000000000000 ) ;
#1491 = VECTOR ( 'NONE', #2690, 1000.000000000000000 ) ;
#1492 = AXIS2_PLACEMENT_3D ( 'NONE', #2703, #2155, #3337 ) ;
#1493 = ORIENTED_EDGE ( 'NONE', *, *, #4814, .F. ) ;
#1494 = CARTESIAN_POINT ( 'NONE',  ( -214.8679174846906506, 9.705254955005980122, -194.2928932188135036 ) ) ;
#1495 = VECTOR ( 'NONE', #7642, 1000.000000000000000 ) ;
#1496 = STYLED_ITEM ( 'NONE', ( #4270 ), #3472 ) ;
#1497 = FACE_OUTER_BOUND ( 'NONE', #1260, .T. ) ;
#1498 = CARTESIAN_POINT ( 'NONE',  ( 4.163336342344337027E-14, 11.99999999999992895, -206.2928932188135605 ) ) ;
#1499 = ADVANCED_BREP_SHAPE_REPRESENTATION ( '', ( #3472, #2120 ), #5907 ) ;
#1500 = VERTEX_POINT ( 'NONE', #7168 ) ;
#1501 = ORIENTED_EDGE ( 'NONE', *, *, #455, .T. ) ;
#1502 = DIRECTION ( 'NONE',  ( -0.000000000000000000, -0.000000000000000000, -1.000000000000000000 ) ) ;
#1503 = AXIS2_PLACEMENT_3D ( 'NONE', #3784, #1353, #5637 ) ;
#1504 = FACE_OUTER_BOUND ( 'NONE', #7496, .T. ) ;
#1505 = DIRECTION ( 'NONE',  ( 0.000000000000000000, -1.000000000000000000, -3.491481338843133355E-15 ) ) ;
#1506 = EDGE_CURVE ( 'NONE', #6872, #1197, #5683, .T. ) ;
#1507 = CYLINDRICAL_SURFACE ( 'NONE', #4037, 12.99999999999997691 ) ;
#1508 = VECTOR ( 'NONE', #7541, 1000.000000000000000 ) ;
#1509 = DIRECTION ( 'NONE',  ( -1.000000000000000000, 0.000000000000000000, 0.000000000000000000 ) ) ;
#1510 = AXIS2_PLACEMENT_3D ( 'NONE', #6346, #764, #3774 ) ;
#1511 = ORIENTED_EDGE ( 'NONE', *, *, #5827, .T. ) ;
#1512 = ORIENTED_EDGE ( 'NONE', *, *, #7778, .T. ) ;
#1513 = CARTESIAN_POINT ( 'NONE',  ( -300.0000000000000568, 499.9999999999998863, 0.000000000000000000 ) ) ;
#1514 = CIRCLE ( 'NONE', #6318, 10.00000000000000711 ) ;
#1515 = CIRCLE ( 'NONE', #2527, 13.00000000000001776 ) ;
#1516 = LINE ( 'NONE', #3300, #978 ) ;
#1517 = VECTOR ( 'NONE', #1898, 1000.000000000000000 ) ;
#1518 = DIRECTION ( 'NONE',  ( 0.000000000000000000, -1.000000000000000000, 3.491481338843133355E-15 ) ) ;
#1519 = EDGE_CURVE ( 'NONE', #6697, #623, #5356, .T. ) ;
#1520 = EDGE_CURVE ( 'NONE', #825, #3462, #7743, .T. ) ;
#1521 = VECTOR ( 'NONE', #4395, 1000.000000000000000 ) ;
#1522 = ORIENTED_EDGE ( 'NONE', *, *, #850, .F. ) ;
#1523 = VECTOR ( 'NONE', #4620, 1000.000000000000000 ) ;
#1524 = CYLINDRICAL_SURFACE ( 'NONE', #5552, 13.00000000000012257 ) ;
#1525 = ORIENTED_EDGE ( 'NONE', *, *, #7312, .F. ) ;
#1526 = FACE_BOUND ( 'NONE', #4019, .T. ) ;
#1527 = LINE ( 'NONE', #6365, #1237 ) ;
#1528 = FACE_OUTER_BOUND ( 'NONE', #5156, .T. ) ;
#1529 = ORIENTED_EDGE ( 'NONE', *, *, #4401, .F. ) ;
#1530 = EDGE_CURVE ( 'NONE', #881, #3961, #4299, .T. ) ;
#1531 = CIRCLE ( 'NONE', #5964, 12.99999999999980282 ) ;
#1532 = CARTESIAN_POINT ( 'NONE',  ( -8.707106781186519484, 11.99999999999986144, -215.0000000000000284 ) ) ;
#1533 = DIRECTION ( 'NONE',  ( -0.000000000000000000, -0.000000000000000000, -1.000000000000000000 ) ) ;
#1534 = VERTEX_POINT ( 'NONE', #3529 ) ;
#1535 = CARTESIAN_POINT ( 'NONE',  ( -64.49999999999977263, 500.0000000000002274, 59.00000000000016342 ) ) ;
#1536 = ORIENTED_EDGE ( 'NONE', *, *, #1219, .F. ) ;
#1537 = EDGE_CURVE ( 'NONE', #7521, #2733, #4169, .T. ) ;
#1538 = EDGE_LOOP ( 'NONE', ( #3446, #7693, #1419, #4077 ) ) ;
#1539 = FACE_OUTER_BOUND ( 'NONE', #4525, .T. ) ;
#1540 = FACE_OUTER_BOUND ( 'NONE', #2730, .T. ) ;
#1541 = ORIENTED_EDGE ( 'NONE', *, *, #7669, .F. ) ;
#1542 = CARTESIAN_POINT ( 'NONE',  ( 154.0000000000031832, 60.00000000000005684, -7.216449660063517513E-13 ) ) ;
#1543 = ORIENTED_EDGE ( 'NONE', *, *, #1361, .F. ) ;
#1544 = EDGE_LOOP ( 'NONE', ( #6771, #971, #6814, #202 ) ) ;
#1545 = FILL_AREA_STYLE_COLOUR ( '', #6682 ) ;
#1546 = CYLINDRICAL_SURFACE ( 'NONE', #1469, 13.00000000000000533 ) ;
#1547 = EDGE_CURVE ( 'NONE', #5570, #3047, #6447, .T. ) ;
#1548 = ORIENTED_EDGE ( 'NONE', *, *, #4857, .T. ) ;
#1549 = PLANE ( 'NONE',  #5546 ) ;
#1550 = CARTESIAN_POINT ( 'NONE',  ( -207.0000000000000853, 29.25000000000003197, -31.29289321881345387 ) ) ;
#1551 = ORIENTED_EDGE ( 'NONE', *, *, #182, .F. ) ;
#1552 = ORIENTED_EDGE ( 'NONE', *, *, #7086, .F. ) ;
#1553 = EDGE_CURVE ( 'NONE', #5853, #1793, #645, .T. ) ;
#1554 = DIRECTION ( 'NONE',  ( 1.000000000000000000, -0.000000000000000000, -0.000000000000000000 ) ) ;
#1555 = LINE ( 'NONE', #6394, #89 ) ;
#1556 = FACE_BOUND ( 'NONE', #315, .T. ) ;
#1557 = ORIENTED_EDGE ( 'NONE', *, *, #3944, .F. ) ;
#1558 = ADVANCED_FACE ( 'NONE', ( #1705 ), #4841, .F. ) ;
#1559 = ADVANCED_FACE ( 'NONE', ( #7213 ), #3613, .F. ) ;
#1560 = DIRECTION ( 'NONE',  ( -0.000000000000000000, -0.000000000000000000, -1.000000000000000000 ) ) ;
#1561 = VERTEX_POINT ( 'NONE', #6620 ) ;
#1562 = CARTESIAN_POINT ( 'NONE',  ( -10.00000000000007105, 0.000000000000000000, 1.152819845712018057E-15 ) ) ;
#1563 = CARTESIAN_POINT ( 'NONE',  ( -814.5000000000002274, 430.5663706143599256, 267.4336293856412681 ) ) ;
#1564 = CARTESIAN_POINT ( 'NONE',  ( 0.000000000000000000, -8.000000000000000000, 0.000000000000000000 ) ) ;
#1565 = EDGE_LOOP ( 'NONE', ( #4715, #5028 ) ) ;
#1566 = DIRECTION ( 'NONE',  ( -0.000000000000000000, -1.000000000000000000, 3.491481338843132961E-15 ) ) ;
#1567 = LINE ( 'NONE', #863, #3291 ) ;
#1568 = ORIENTED_EDGE ( 'NONE', *, *, #6454, .T. ) ;
#1569 = EDGE_CURVE ( 'NONE', #7528, #7335, #1074, .T. ) ;
#1570 = DIRECTION ( 'NONE',  ( -0.000000000000000000, -1.000000000000000000, 3.491481338843133355E-15 ) ) ;
#1571 = ORIENTED_EDGE ( 'NONE', *, *, #2873, .T. ) ;
#1572 = AXIS2_PLACEMENT_3D ( 'NONE', #3375, #5212, #3421 ) ;
#1573 = VERTEX_POINT ( 'NONE', #6027 ) ;
#1574 = LINE ( 'NONE', #7564, #4284 ) ;
#1575 = CIRCLE ( 'NONE', #2083, 12.99999999999999822 ) ;
#1576 = CARTESIAN_POINT ( 'NONE',  ( -64.50000000000000000, 357.4336293856408133, 0.000000000000000000 ) ) ;
#1577 = ORIENTED_EDGE ( 'NONE', *, *, #1126, .T. ) ;
#1578 = CARTESIAN_POINT ( 'NONE',  ( 0.000000000000000000, 0.000000000000000000, -8.000000000000000000 ) ) ;
#1579 = EDGE_LOOP ( 'NONE', ( #4629, #1437 ) ) ;
#1580 = ORIENTED_EDGE ( 'NONE', *, *, #4603, .F. ) ;
#1581 = DIRECTION ( 'NONE',  ( 1.000000000000000000, 0.000000000000000000, 0.000000000000000000 ) ) ;
#1582 = AXIS2_PLACEMENT_3D ( 'NONE', #1166, #2910, #2943 ) ;
#1583 = CARTESIAN_POINT ( 'NONE',  ( -1055.500000000000000, 422.5663706143593004, 84.99999999999995737 ) ) ;
#1584 = ORIENTED_EDGE ( 'NONE', *, *, #2824, .F. ) ;
#1585 = ORIENTED_EDGE ( 'NONE', *, *, #4998, .T. ) ;
#1586 = DIRECTION ( 'NONE',  ( 0.000000000000000000, 2.581914010756178150E-16, 1.000000000000000000 ) ) ;
#1587 = DIRECTION ( 'NONE',  ( 1.000000000000000000, 0.000000000000000000, -0.000000000000000000 ) ) ;
#1588 = ORIENTED_EDGE ( 'NONE', *, *, #1569, .F. ) ;
#1589 = ORIENTED_EDGE ( 'NONE', *, *, #1605, .T. ) ;
#1590 = DIRECTION ( 'NONE',  ( -0.000000000000000000, -1.000000000000000000, 3.491481338843133355E-15 ) ) ;
#1591 = PLANE ( 'NONE',  #1240 ) ;
#1592 = DIRECTION ( 'NONE',  ( -0.000000000000000000, -0.000000000000000000, -1.000000000000000000 ) ) ;
#1593 = CARTESIAN_POINT ( 'NONE',  ( -215.0000000000001421, 42.25000000000002132, -31.29289321881345387 ) ) ;
#1594 = EDGE_CURVE ( 'NONE', #3751, #5714, #2262, .T. ) ;
#1595 = EDGE_LOOP ( 'NONE', ( #4053, #1216, #4972, #4642 ) ) ;
#1596 = CLOSED_SHELL ( 'NONE', ( #1615, #1665, #4348, #6277, #7768, #4740, #7216, #5352, #2961, #3596, #1178, #5246, #2435, #1148, #114, #7786, #5151, #7354, #2393, #2203, #3246, #6501, #7730, #5879, #3247, #979, #3825, #2722, #6720, #7188, #7337, #2232, #793, #6071, #792, #4162, #3256, #3715, #3452, #2756, #784, #4278, #4617, #1722, #7098, #2951, #4052, #257, #1082, #6109, #3753, #2960, #1037, #5921, #4487, #4383 ) ) ;
#1597 = CARTESIAN_POINT ( 'NONE',  ( -699.9999999999985221, 422.5663706143599256, 267.4336293856408133 ) ) ;
#1598 = VERTEX_POINT ( 'NONE', #3489 ) ;
#1599 = APPLICATION_CONTEXT ( 'automotive_design' ) ;
#1600 = DIRECTION ( 'NONE',  ( 0.000000000000000000, 1.000000000000000000, 3.491481338843133355E-15 ) ) ;
#1601 = LINE ( 'NONE', #5763, #2997 ) ;
#1602 = DIRECTION ( 'NONE',  ( 0.000000000000000000, 1.000000000000000000, 0.000000000000000000 ) ) ;
#1603 = VERTEX_POINT ( 'NONE', #193 ) ;
#1604 = EDGE_CURVE ( 'NONE', #6283, #5322, #6701, .T. ) ;
#1605 = EDGE_CURVE ( 'NONE', #1561, #2493, #2454, .T. ) ;
#1606 = CYLINDRICAL_SURFACE ( 'NONE', #3921, 13.00000000000001066 ) ;
#1607 = DIRECTION ( 'NONE',  ( -0.000000000000000000, -1.000000000000000000, 3.491481338843133355E-15 ) ) ;
#1608 = ORIENTED_EDGE ( 'NONE', *, *, #7067, .T. ) ;
#1609 = CIRCLE ( 'NONE', #2358, 13.00000000000001066 ) ;
#1610 = CARTESIAN_POINT ( 'NONE',  ( -8.707106781186514155, 67.25000000000000000, -215.0000000000002274 ) ) ;
#1611 = ORIENTED_EDGE ( 'NONE', *, *, #6229, .T. ) ;
#1612 = VECTOR ( 'NONE', #1422, 1000.000000000000000 ) ;
#1613 = VECTOR ( 'NONE', #6849, 1000.000000000000000 ) ;
#1614 = CIRCLE ( 'NONE', #4399, 13.00000000000001776 ) ;
#1615 = ADVANCED_FACE ( 'NONE', ( #4878 ), #7289, .F. ) ;
#1616 = EDGE_CURVE ( 'NONE', #5330, #7324, #6700, .T. ) ;
#1617 = DIRECTION ( 'NONE',  ( -1.000000000000000000, 0.000000000000000000, 0.000000000000000000 ) ) ;
#1618 = ORIENTED_EDGE ( 'NONE', *, *, #2425, .F. ) ;
#1619 = CIRCLE ( 'NONE', #1354, 20.00000000000001421 ) ;
#1620 = CARTESIAN_POINT ( 'NONE',  ( -0.1320825130146120741, 9.705254974873684048, -206.2928932188135605 ) ) ;
#1621 = AXIS2_PLACEMENT_3D ( 'NONE', #1751, #1829, #5515 ) ;
#1622 = VECTOR ( 'NONE', #4987, 1000.000000000000000 ) ;
#1623 = ORIENTED_EDGE ( 'NONE', *, *, #7679, .T. ) ;
#1624 = AXIS2_PLACEMENT_3D ( 'NONE', #565, #5360, #4061 ) ;
#1625 = VERTEX_POINT ( 'NONE', #6854 ) ;
#1626 = CARTESIAN_POINT ( 'NONE',  ( 0.000000000000000000, -8.000000000000000000, 0.000000000000000000 ) ) ;
#1627 = DIRECTION ( 'NONE',  ( 3.491481338843134144E-15, -0.000000000000000000, 1.000000000000000000 ) ) ;
#1628 = DIRECTION ( 'NONE',  ( -0.000000000000000000, -1.000000000000000000, 3.491481338843132961E-15 ) ) ;
#1629 = CIRCLE ( 'NONE', #867, 13.00000000000003197 ) ;
#1630 = ORIENTED_EDGE ( 'NONE', *, *, #5544, .F. ) ;
#1631 = CARTESIAN_POINT ( 'NONE',  ( 0.000000000000000000, 437.4336293856408133, 39.43362938564054332 ) ) ;
#1632 = LINE ( 'NONE', #5713, #7843 ) ;
#1633 = ORIENTED_EDGE ( 'NONE', *, *, #4096, .T. ) ;
#1634 = ORIENTED_EDGE ( 'NONE', *, *, #292, .T. ) ;
#1635 = DIRECTION ( 'NONE',  ( 0.000000000000000000, -4.270088556250023661E-15, -1.000000000000000000 ) ) ;
#1636 = DIRECTION ( 'NONE',  ( 3.491481338843134144E-15, -0.000000000000000000, 1.000000000000000000 ) ) ;
#1637 = LINE ( 'NONE', #4214, #4496 ) ;
#1638 = EDGE_CURVE ( 'NONE', #3974, #1598, #3170, .T. ) ;
#1639 = CARTESIAN_POINT ( 'NONE',  ( 73.99999999999998579, 369.9999999999994884, -7.216449660063517513E-13 ) ) ;
#1640 = VECTOR ( 'NONE', #3022, 1000.000000000000000 ) ;
#1641 = SHAPE_REPRESENTATION ( 'first-iteration-of-assem-1', ( #4020, #5524, #7555, #5149, #6165, #5780, #2354, #6790 ), #3124 ) ;
#1642 = ORIENTED_EDGE ( 'NONE', *, *, #5532, .T. ) ;
#1643 = VECTOR ( 'NONE', #3884, 1000.000000000000000 ) ;
#1644 = LINE ( 'NONE', #1127, #2258 ) ;
#1645 = FACE_OUTER_BOUND ( 'NONE', #4353, .T. ) ;
#1646 = DIRECTION ( 'NONE',  ( -0.000000000000000000, -1.000000000000000000, 3.491481338843133355E-15 ) ) ;
#1647 = DIRECTION ( 'NONE',  ( 0.000000000000000000, 0.000000000000000000, -1.000000000000000000 ) ) ;
#1648 = FACE_BOUND ( 'NONE', #4013, .T. ) ;
#1649 = EDGE_CURVE ( 'NONE', #2103, #6430, #4990, .T. ) ;
#1650 = CIRCLE ( 'NONE', #7092, 13.00000000000001066 ) ;
#1651 = VECTOR ( 'NONE', #4752, 1000.000000000000000 ) ;
#1652 = CARTESIAN_POINT ( 'NONE',  ( -206.9735252675777701, 11.08007733455487021, -206.2928932188135036 ) ) ;
#1653 = ORIENTED_EDGE ( 'NONE', *, *, #6464, .F. ) ;
#1654 = DIRECTION ( 'NONE',  ( -0.000000000000000000, -0.000000000000000000, -1.000000000000000000 ) ) ;
#1655 = ORIENTED_EDGE ( 'NONE', *, *, #3807, .T. ) ;
#1656 = AXIS2_PLACEMENT_3D ( 'NONE', #1821, #157, #6812 ) ;
#1657 = EDGE_CURVE ( 'NONE', #3671, #1139, #6201, .T. ) ;
#1658 = CIRCLE ( 'NONE', #651, 13.00000000000001066 ) ;
#1659 = DIRECTION ( 'NONE',  ( 0.000000000000000000, 0.000000000000000000, 1.000000000000000000 ) ) ;
#1660 = CARTESIAN_POINT ( 'NONE',  ( -1122.499999999996589, 47.43362938564096254, 0.000000000000000000 ) ) ;
#1661 = CARTESIAN_POINT ( 'NONE',  ( -194.2928932188135605, -8.000000000000015987, 0.000000000000000000 ) ) ;
#1662 = VERTEX_POINT ( 'NONE', #5549 ) ;
#1663 = ORIENTED_EDGE ( 'NONE', *, *, #1064, .T. ) ;
#1664 = EDGE_CURVE ( 'NONE', #5052, #1982, #1515, .T. ) ;
#1665 = ADVANCED_FACE ( 'NONE', ( #4327 ), #121, .F. ) ;
#1666 = FACE_OUTER_BOUND ( 'NONE', #3802, .T. ) ;
#1667 = CARTESIAN_POINT ( 'NONE',  ( -194.2928937188135592, 10.62315297896390653, -206.9207504915028153 ) ) ;
#1668 = ORIENTED_EDGE ( 'NONE', *, *, #3018, .T. ) ;
#1669 = DIRECTION ( 'NONE',  ( 0.000000000000000000, 0.000000000000000000, -1.000000000000000000 ) ) ;
#1670 = DIRECTION ( 'NONE',  ( -0.000000000000000000, -0.000000000000000000, -1.000000000000000000 ) ) ;
#1671 = ORIENTED_EDGE ( 'NONE', *, *, #3376, .T. ) ;
#1672 = ORIENTED_EDGE ( 'NONE', *, *, #6520, .F. ) ;
#1673 = EDGE_CURVE ( 'NONE', #5348, #4904, #5057, .T. ) ;
#1674 = CARTESIAN_POINT ( 'NONE',  ( -1135.499999999996817, 47.43362938564096254, -8.000000000000000000 ) ) ;
#1675 = CARTESIAN_POINT ( 'NONE',  ( -8.000000000000000000, 370.0000000000000000, 147.4999999999999716 ) ) ;
#1676 = LINE ( 'NONE', #412, #6138 ) ;
#1677 = DIRECTION ( 'NONE',  ( -0.000000000000000000, -1.000000000000000000, -0.000000000000000000 ) ) ;
#1678 = EDGE_LOOP ( 'NONE', ( #1512, #6777 ) ) ;
#1679 = CARTESIAN_POINT ( 'NONE',  ( -20.70710678118653192, -1.317165617562763735, -210.1175474360017006 ) ) ;
#1680 = CARTESIAN_POINT ( 'NONE',  ( -840.0000000000001137, 437.4336293856408133, 47.43362938564077069 ) ) ;
#1681 = CARTESIAN_POINT ( 'NONE',  ( 100.0000000000032259, 59.99999999999949551, 7.999999999999651834 ) ) ;
#1682 = DIRECTION ( 'NONE',  ( -0.9933958742918984619, 0.1147372517530137193, -0.000000000000000000 ) ) ;
#1683 = CARTESIAN_POINT ( 'NONE',  ( -500.0000000000000000, 39.99999999999987210, 2.000000000000000000 ) ) ;
#1684 = CARTESIAN_POINT ( 'NONE',  ( 0.000000000000000000, -2.793185071074506684E-14, 0.000000000000000000 ) ) ;
#1685 = ORIENTED_EDGE ( 'NONE', *, *, #662, .F. ) ;
#1686 = ADVANCED_FACE ( 'NONE', ( #1863 ), #6739, .F. ) ;
#1687 = CARTESIAN_POINT ( 'NONE',  ( -50.24999999999972289, 2.000000000000000000, -144.5857864376220050 ) ) ;
#1688 = ORIENTED_EDGE ( 'NONE', *, *, #6371, .T. ) ;
#1689 = ADVANCED_FACE ( 'NONE', ( #158 ), #7371, .T. ) ;
#1690 = DIRECTION ( 'NONE',  ( 1.000000000000000000, 0.000000000000000000, -3.469446951953611428E-15 ) ) ;
#1691 = UNCERTAINTY_MEASURE_WITH_UNIT (LENGTH_MEASURE( 1.000000000000000082E-05 ), #4349, 'distance_accuracy_value', 'NONE');
#1692 = DIRECTION ( 'NONE',  ( 1.000000000000000000, 0.000000000000000000, 0.000000000000000000 ) ) ;
#1693 = CARTESIAN_POINT ( 'NONE',  ( -157.5000000000000000, 357.4336293856408133, -8.000000000000000000 ) ) ;
#1694 = EDGE_CURVE ( 'NONE', #4004, #4966, #1305, .T. ) ;
#1695 = CARTESIAN_POINT ( 'NONE',  ( -7.999999999999897859, 29.25000000000068567, -31.29289321881345387 ) ) ;
#1696 = EDGE_LOOP ( 'NONE', ( #2728, #203 ) ) ;
#1697 = EDGE_LOOP ( 'NONE', ( #3076, #7773, #6981, #5591 ) ) ;
#1698 = FACE_OUTER_BOUND ( 'NONE', #7581, .T. ) ;
#1699 = DIRECTION ( 'NONE',  ( -0.000000000000000000, -1.000000000000000000, 0.000000000000000000 ) ) ;
#1700 = AXIS2_PLACEMENT_3D ( 'NONE', #6550, #5849, #7227 ) ;
#1701 = EDGE_LOOP ( 'NONE', ( #7008, #3116, #132, #1548 ) ) ;
#1702 = DIRECTION ( 'NONE',  ( 0.000000000000000000, 1.000000000000000000, -0.000000000000000000 ) ) ;
#1703 = EDGE_CURVE ( 'NONE', #5322, #4560, #1383, .T. ) ;
#1704 = EDGE_CURVE ( 'NONE', #866, #1313, #682, .T. ) ;
#1705 = FACE_OUTER_BOUND ( 'NONE', #4668, .T. ) ;
#1706 = APPLICATION_CONTEXT ( 'automotive_design' ) ;
#1707 = ORIENTED_EDGE ( 'NONE', *, *, #972, .T. ) ;
#1708 = VERTEX_POINT ( 'NONE', #6775 ) ;
#1709 = CIRCLE ( 'NONE', #3994, 12.99999999999980282 ) ;
#1710 = DIRECTION ( 'NONE',  ( 3.486207565248076192E-15, 0.000000000000000000, -1.000000000000000000 ) ) ;
#1711 = CARTESIAN_POINT ( 'NONE',  ( -1200.000000000000000, 437.4336293856408133, 39.43362938564037989 ) ) ;
#1712 = LINE ( 'NONE', #5992, #4873 ) ;
#1713 = DIRECTION ( 'NONE',  ( 1.000000000000000000, 3.338921167859689429E-15, 5.916456789157586789E-31 ) ) ;
#1714 = VECTOR ( 'NONE', #3438, 1000.000000000000000 ) ;
#1715 = EDGE_CURVE ( 'NONE', #4409, #7130, #2402, .T. ) ;
#1716 = ORIENTED_EDGE ( 'NONE', *, *, #1858, .T. ) ;
#1717 = CARTESIAN_POINT ( 'NONE',  ( -64.49999999999866418, 430.5663706143603804, 394.9999999999999432 ) ) ;
#1718 = FACE_OUTER_BOUND ( 'NONE', #6319, .T. ) ;
#1719 = DIRECTION ( 'NONE',  ( 0.000000000000000000, 4.270088556250598741E-15, 1.000000000000000000 ) ) ;
#1720 = FACE_OUTER_BOUND ( 'NONE', #1768, .T. ) ;
#1721 = DIRECTION ( 'NONE',  ( -0.000000000000000000, 0.000000000000000000, -1.000000000000000000 ) ) ;
#1722 = ADVANCED_FACE ( 'NONE', ( #4957 ), #3770, .F. ) ;
#1723 = DIRECTION ( 'NONE',  ( -1.000000000000000000, -0.000000000000000000, -0.000000000000000000 ) ) ;
#1724 = VERTEX_POINT ( 'NONE', #7006 ) ;
#1725 = CARTESIAN_POINT ( 'NONE',  ( -4.336808689942017736E-14, 0.000000000000000000, 19.99999999999995737 ) ) ;
#1726 = EDGE_LOOP ( 'NONE', ( #4918, #6062, #2021, #4034 ) ) ;
#1727 =( GEOMETRIC_REPRESENTATION_CONTEXT ( 3 ) GLOBAL_UNCERTAINTY_ASSIGNED_CONTEXT ( ( #1691 ) ) GLOBAL_UNIT_ASSIGNED_CONTEXT ( ( #4349, #5649, #4944 ) ) REPRESENTATION_CONTEXT ( 'NONE', 'WORKASPACE' ) );
#1728 = LINE ( 'NONE', #2954, #1905 ) ;
#1729 = LINE ( 'NONE', #6826, #2363 ) ;
#1730 = DIRECTION ( 'NONE',  ( 0.000000000000000000, -1.000000000000000000, 3.491481338843133355E-15 ) ) ;
#1731 = VERTEX_POINT ( 'NONE', #398 ) ;
#1732 = ORIENTED_EDGE ( 'NONE', *, *, #2063, .T. ) ;
#1733 = AXIS2_PLACEMENT_3D ( 'NONE', #6415, #312, #3361 ) ;
#1734 = CARTESIAN_POINT ( 'NONE',  ( -7.774664772390813898E-13, 430.0000000000000568, 215.0000000000000000 ) ) ;
#1735 = CARTESIAN_POINT ( 'NONE',  ( -215.0000000000000853, 29.25000000000000355, -166.2928932188134752 ) ) ;
#1736 = PRESENTATION_STYLE_ASSIGNMENT (( #39 ) ) ;
#1737 = EDGE_LOOP ( 'NONE', ( #5264, #4608, #5105, #2076 ) ) ;
#1738 = DIRECTION ( 'NONE',  ( -0.000000000000000000, -0.000000000000000000, 1.000000000000000000 ) ) ;
#1739 = VECTOR ( 'NONE', #3867, 1000.000000000000000 ) ;
#1740 = VECTOR ( 'NONE', #5775, 1000.000000000000000 ) ;
#1741 = VECTOR ( 'NONE', #6191, 1000.000000000000000 ) ;
#1742 = CARTESIAN_POINT ( 'NONE',  ( -1200.000000000000000, 442.5663706143591298, -7.999999999996909139 ) ) ;
#1743 = ORIENTED_EDGE ( 'NONE', *, *, #3164, .T. ) ;
#1744 = ORIENTED_EDGE ( 'NONE', *, *, #6488, .F. ) ;
#1745 = DIRECTION ( 'NONE',  ( 0.000000000000000000, 1.000000000000000000, 0.000000000000000000 ) ) ;
#1746 = AXIS2_PLACEMENT_3D ( 'NONE', #1861, #2416, #680 ) ;
#1747 = VECTOR ( 'NONE', #7390, 1000.000000000000000 ) ;
#1748 = CARTESIAN_POINT ( 'NONE',  ( -195.0000000000000000, 11.99999999999999467, -206.2928932188135036 ) ) ;
#1749 = EDGE_CURVE ( 'NONE', #7608, #417, #6925, .T. ) ;
#1750 = CARTESIAN_POINT ( 'NONE',  ( -64.49999999999977263, 422.5663706143592435, 72.00000000000027001 ) ) ;
#1751 = CARTESIAN_POINT ( 'NONE',  ( -64.50000000000324007, 47.43362938564082754, 69.43362938564074227 ) ) ;
#1752 = AXIS2_PLACEMENT_3D ( 'NONE', #6641, #62, #5455 ) ;
#1753 = VERTEX_POINT ( 'NONE', #837 ) ;
#1754 = CIRCLE ( 'NONE', #6190, 13.00000000000012257 ) ;
#1755 = PRODUCT_DEFINITION_SHAPE ( 'NONE', 'NONE',  #7846 ) ;
#1756 = DIRECTION ( 'NONE',  ( 0.000000000000000000, 4.270088556250666583E-15, 1.000000000000000000 ) ) ;
#1757 = DIRECTION ( 'NONE',  ( 1.000000000000000000, 0.000000000000000000, 0.000000000000000000 ) ) ;
#1758 = ADVANCED_FACE ( 'NONE', ( #7612 ), #4636, .F. ) ;
#1759 = DIRECTION ( 'NONE',  ( 0.000000000000000000, -1.000000000000000000, 0.000000000000000000 ) ) ;
#1760 = DIRECTION ( 'NONE',  ( 1.000000000000000000, 0.000000000000000000, 0.000000000000000000 ) ) ;
#1761 = EDGE_CURVE ( 'NONE', #3829, #7647, #6330, .T. ) ;
#1762 = AXIS2_PLACEMENT_3D ( 'NONE', #2504, #1199, #1832 ) ;
#1763 = CARTESIAN_POINT ( 'NONE',  ( -385.4999999999999432, 430.5663706143603235, 389.4336293856399607 ) ) ;
#1764 = AXIS2_PLACEMENT_3D ( 'NONE', #2028, #5037, #7457 ) ;
#1765 = VERTEX_POINT ( 'NONE', #5778 ) ;
#1766 = DIRECTION ( 'NONE',  ( -0.000000000000000000, 0.000000000000000000, -1.000000000000000000 ) ) ;
#1767 = VECTOR ( 'NONE', #1502, 1000.000000000000000 ) ;
#1768 = EDGE_LOOP ( 'NONE', ( #5454, #4473, #271, #1052 ) ) ;
#1769 = CARTESIAN_POINT ( 'NONE',  ( -64.50000000000000000, 357.4336293856408133, -8.000000000000000000 ) ) ;
#1770 = ORIENTED_EDGE ( 'NONE', *, *, #3404, .F. ) ;
#1771 = LINE ( 'NONE', #359, #7711 ) ;
#1772 = VECTOR ( 'NONE', #4235, 1000.000000000000000 ) ;
#1773 = VECTOR ( 'NONE', #6112, 1000.000000000000000 ) ;
#1774 = AXIS2_PLACEMENT_3D ( 'NONE', #3079, #4792, #1221 ) ;
#1775 = DIRECTION ( 'NONE',  ( 1.000000000000000000, 0.000000000000000000, -0.000000000000000000 ) ) ;
#1776 = PRODUCT_DEFINITION_CONTEXT ( 'detailed design', #2921, 'design' ) ;
#1777 =( NAMED_UNIT ( * ) PLANE_ANGLE_UNIT ( ) SI_UNIT ( $, .RADIAN. ) );
#1778 = LINE ( 'NONE', #5231, #5289 ) ;
#1779 = FACE_OUTER_BOUND ( 'NONE', #3762, .T. ) ;
#1780 = EDGE_LOOP ( 'NONE', ( #6494, #5185, #6904, #3790 ) ) ;
#1781 = VERTEX_POINT ( 'NONE', #4002 ) ;
#1782 = LINE ( 'NONE', #3604, #1142 ) ;
#1783 = CARTESIAN_POINT ( 'NONE',  ( -194.2928932188135605, -8.000000000000015987, -194.2928932188134468 ) ) ;
#1784 = VERTEX_POINT ( 'NONE', #2692 ) ;
#1785 = DIRECTION ( 'NONE',  ( -1.000000000000000000, -0.000000000000000000, -0.000000000000000000 ) ) ;
#1786 = CARTESIAN_POINT ( 'NONE',  ( 86.99999999999998579, 369.9999999999994884, -7.216449660063517513E-13 ) ) ;
#1787 = VERTEX_POINT ( 'NONE', #2729 ) ;
#1788 = PLANE ( 'NONE',  #3678 ) ;
#1789 = EDGE_CURVE ( 'NONE', #6789, #7081, #3803, .T. ) ;
#1790 = DIRECTION ( 'NONE',  ( -0.000000000000000000, -0.000000000000000000, -1.000000000000000000 ) ) ;
#1791 = FACE_BOUND ( 'NONE', #7231, .T. ) ;
#1792 = FACE_BOUND ( 'NONE', #4203, .T. ) ;
#1793 = VERTEX_POINT ( 'NONE', #6378 ) ;
#1794 = EDGE_CURVE ( 'NONE', #3747, #186, #3965, .T. ) ;
#1795 = LINE ( 'NONE', #3098, #4172 ) ;
#1796 = LINE ( 'NONE', #2388, #1198 ) ;
#1797 = DIRECTION ( 'NONE',  ( 0.000000000000000000, 0.000000000000000000, 1.000000000000000000 ) ) ;
#1798 = DIRECTION ( 'NONE',  ( 1.000000000000000000, -0.000000000000000000, -0.000000000000000000 ) ) ;
#1799 = CARTESIAN_POINT ( 'NONE',  ( -4.882452563998422868, -1.317165617562831015, -194.2928932188135036 ) ) ;
#1800 = EDGE_LOOP ( 'NONE', ( #4839, #1173 ) ) ;
#1801 = CARTESIAN_POINT ( 'NONE',  ( -206.9207504908144131, 10.62315297300359163, -194.2928932188135036 ) ) ;
#1802 = EDGE_CURVE ( 'NONE', #938, #3844, #5996, .T. ) ;
#1803 = EDGE_CURVE ( 'NONE', #6991, #5484, #1390, .T. ) ;
#1804 = ORIENTED_EDGE ( 'NONE', *, *, #2194, .T. ) ;
#1805 = CARTESIAN_POINT ( 'NONE',  ( -7.999999999999807265, 55.25000000000072475, -31.29289321881345387 ) ) ;
#1806 = ORIENTED_EDGE ( 'NONE', *, *, #892, .F. ) ;
#1807 = FILL_AREA_STYLE ('',( #6013 ) ) ;
#1808 = DIRECTION ( 'NONE',  ( -1.000000000000000000, -3.301778511896374732E-15, -0.000000000000000000 ) ) ;
#1809 = SURFACE_STYLE_USAGE ( .BOTH. , #5939 ) ;
#1810 = DIRECTION ( 'NONE',  ( -1.000000000000000000, -0.000000000000000000, -0.000000000000000000 ) ) ;
#1811 = EDGE_CURVE ( 'NONE', #6677, #4936, #4557, .T. ) ;
#1812 = DIRECTION ( 'NONE',  ( -0.000000000000000000, -1.000000000000000000, -0.000000000000000000 ) ) ;
#1813 = ORIENTED_EDGE ( 'NONE', *, *, #1857, .T. ) ;
#1814 = ORIENTED_EDGE ( 'NONE', *, *, #1802, .T. ) ;
#1815 = CARTESIAN_POINT ( 'NONE',  ( -206.2928932188135889, 10.62315298492428361, -206.9207504921912459 ) ) ;
#1816 = FACE_BOUND ( 'NONE', #6605, .T. ) ;
#1817 = CARTESIAN_POINT ( 'NONE',  ( 879.2500000000015916, 21.27347739554749495, 223.0000000000055422 ) ) ;
#1818 = ORIENTED_EDGE ( 'NONE', *, *, #2807, .F. ) ;
#1819 = PRODUCT_DEFINITION_SHAPE ( 'NONE', 'NONE',  #7847 ) ;
#1820 = CARTESIAN_POINT ( 'NONE',  ( 11.99999999999995559, 0.000000000000000000, 215.0000000000000284 ) ) ;
#1821 = CARTESIAN_POINT ( 'NONE',  ( 11.99999999999995559, 0.000000000000000000, 195.0000000000000000 ) ) ;
#1822 = EDGE_CURVE ( 'NONE', #2074, #6867, #7532, .T. ) ;
#1823 = CARTESIAN_POINT ( 'NONE',  ( 0.000000000000000000, 422.5663706143604941, 429.4336293856406996 ) ) ;
#1824 = ORIENTED_EDGE ( 'NONE', *, *, #3892, .F. ) ;
#1825 = CYLINDRICAL_SURFACE ( 'NONE', #2150, 13.00000000000001066 ) ;
#1826 = CIRCLE ( 'NONE', #3214, 13.00000000000001066 ) ;
#1827 = CARTESIAN_POINT ( 'NONE',  ( -8.079249508497175825, 10.62315297896383903, -194.2928937188135592 ) ) ;
#1828 = DIRECTION ( 'NONE',  ( 0.000000000000000000, 0.000000000000000000, -1.000000000000000000 ) ) ;
#1829 = DIRECTION ( 'NONE',  ( -0.000000000000000000, -0.000000000000000000, -1.000000000000000000 ) ) ;
#1830 = ORIENTED_EDGE ( 'NONE', *, *, #6229, .F. ) ;
#1831 = AXIS2_PLACEMENT_3D ( 'NONE', #5924, #5885, #7713 ) ;
#1832 = DIRECTION ( 'NONE',  ( -1.000000000000000000, 0.000000000000000000, -0.000000000000000000 ) ) ;
#1833 = AXIS2_PLACEMENT_3D ( 'NONE', #2143, #1040, #5902 ) ;
#1834 = DIRECTION ( 'NONE',  ( -0.000000000000000000, -0.000000000000000000, 1.000000000000000000 ) ) ;
#1835 = ORIENTED_EDGE ( 'NONE', *, *, #2478, .T. ) ;
#1836 = DIRECTION ( 'NONE',  ( 0.000000000000000000, 0.000000000000000000, -1.000000000000000000 ) ) ;
#1837 = AXIS2_PLACEMENT_3D ( 'NONE', #6962, #223, #2720 ) ;
#1838 = ORIENTED_EDGE ( 'NONE', *, *, #7762, .T. ) ;
#1839 = DIRECTION ( 'NONE',  ( 1.000000000000000000, 0.000000000000000000, 0.000000000000000000 ) ) ;
#1840 = VERTEX_POINT ( 'NONE', #2096 ) ;
#1841 = LINE ( 'NONE', #735, #3020 ) ;
#1842 = ORIENTED_EDGE ( 'NONE', *, *, #3019, .T. ) ;
#1843 = CARTESIAN_POINT ( 'NONE',  ( -899.9999999999998863, 464.9999999999998863, -8.000000000000000000 ) ) ;
#1844 = CYLINDRICAL_SURFACE ( 'NONE', #3014, 13.00000000000001066 ) ;
#1845 = EDGE_CURVE ( 'NONE', #1932, #5935, #3824, .T. ) ;
#1846 = EDGE_CURVE ( 'NONE', #7335, #6861, #1262, .T. ) ;
#1847 = FACE_BOUND ( 'NONE', #946, .T. ) ;
#1848 =( NAMED_UNIT ( * ) SI_UNIT ( $, .STERADIAN. ) SOLID_ANGLE_UNIT ( ) );
#1849 = CARTESIAN_POINT ( 'NONE',  ( -10.00000000000007105, -8.000000000000000000, -197.5900000000000034 ) ) ;
#1850 = CARTESIAN_POINT ( 'NONE',  ( -814.5000000000000000, 500.0000000000013074, 389.4336293856397333 ) ) ;
#1851 = ORIENTED_EDGE ( 'NONE', *, *, #743, .T. ) ;
#1852 = CIRCLE ( 'NONE', #3882, 12.99999999999998401 ) ;
#1853 = ORIENTED_EDGE ( 'NONE', *, *, #3595, .F. ) ;
#1854 = CARTESIAN_POINT ( 'NONE',  ( -8.707106781186524813, 11.54003799752375770, -207.0000000000000284 ) ) ;
#1855 = PRESENTATION_LAYER_ASSIGNMENT (  '', '', ( #596 ) ) ;
#1856 = DIRECTION ( 'NONE',  ( -1.000000000000000000, 0.000000000000000000, 0.000000000000000000 ) ) ;
#1857 = EDGE_CURVE ( 'NONE', #236, #7124, #6970, .T. ) ;
#1858 = EDGE_CURVE ( 'NONE', #5113, #881, #351, .T. ) ;
#1859 =( NAMED_UNIT ( * ) SI_UNIT ( $, .STERADIAN. ) SOLID_ANGLE_UNIT ( ) );
#1860 = VERTEX_POINT ( 'NONE', #3283 ) ;
#1861 = CARTESIAN_POINT ( 'NONE',  ( 0.000000000000000000, 0.000000000000000000, 0.000000000000000000 ) ) ;
#1862 = FACE_OUTER_BOUND ( 'NONE', #2409, .T. ) ;
#1863 = FACE_OUTER_BOUND ( 'NONE', #4323, .T. ) ;
#1864 = ORIENTED_EDGE ( 'NONE', *, *, #5593, .T. ) ;
#1865 = DIRECTION ( 'NONE',  ( 0.000000000000000000, 0.000000000000000000, 1.000000000000000000 ) ) ;
#1866 = DIRECTION ( 'NONE',  ( 0.000000000000000000, 4.270088556250598741E-15, 1.000000000000000000 ) ) ;
#1867 = AXIS2_PLACEMENT_3D ( 'NONE', #6836, #4382, #1327 ) ;
#1868 = DIRECTION ( 'NONE',  ( 0.000000000000000000, 0.000000000000000000, -1.000000000000000000 ) ) ;
#1869 = AXIS2_PLACEMENT_3D ( 'NONE', #2785, #5211, #5718 ) ;
#1870 = DIRECTION ( 'NONE',  ( -0.000000000000000000, -1.000000000000000000, 3.491481338843133355E-15 ) ) ;
#1871 = ORIENTED_EDGE ( 'NONE', *, *, #7417, .F. ) ;
#1872 = VECTOR ( 'NONE', #2186, 1000.000000000000000 ) ;
#1873 = VECTOR ( 'NONE', #1659, 1000.000000000000000 ) ;
#1874 = STYLED_ITEM ( 'NONE', ( #5710 ), #3354 ) ;
#1875 = CARTESIAN_POINT ( 'NONE',  ( -700.0000000000000000, 422.5663706143603804, 402.4336293856408133 ) ) ;
#1876 = DIRECTION ( 'NONE',  ( 1.000000000000000000, 0.000000000000000000, 0.000000000000000000 ) ) ;
#1877 = ORIENTED_EDGE ( 'NONE', *, *, #5631, .T. ) ;
#1878 = DIRECTION ( 'NONE',  ( 3.491481338843133355E-15, 0.000000000000000000, -1.000000000000000000 ) ) ;
#1879 = AXIS2_PLACEMENT_3D ( 'NONE', #2318, #1174, #5340 ) ;
#1880 = CIRCLE ( 'NONE', #3269, 12.99999999999979039 ) ;
#1881 = ORIENTED_EDGE ( 'NONE', *, *, #2479, .F. ) ;
#1882 = DIRECTION ( 'NONE',  ( -0.000000000000000000, -1.000000000000000000, -0.000000000000000000 ) ) ;
#1883 = VERTEX_POINT ( 'NONE', #3240 ) ;
#1884 = DIRECTION ( 'NONE',  ( 0.000000000000000000, 0.000000000000000000, -1.000000000000000000 ) ) ;
#1885 = ORIENTED_EDGE ( 'NONE', *, *, #3359, .T. ) ;
#1886 = VECTOR ( 'NONE', #6749, 1000.000000000000000 ) ;
#1887 = CARTESIAN_POINT ( 'NONE',  ( -195.0000000000000000, -8.000000000000015987, 2.739915825713870881E-14 ) ) ;
#1888 = AXIS2_PLACEMENT_3D ( 'NONE', #885, #1509, #3938 ) ;
#1889 = DIRECTION ( 'NONE',  ( 1.000000000000000000, 1.224646799147353207E-16, -0.000000000000000000 ) ) ;
#1890 = SURFACE_SIDE_STYLE ('',( #4899 ) ) ;
#1891 = CIRCLE ( 'NONE', #4179, 13.00000000000001066 ) ;
#1892 = CARTESIAN_POINT ( 'NONE',  ( -144.5000000000000284, 357.4336293856408133, 0.000000000000000000 ) ) ;
#1893 = LINE ( 'NONE', #3639, #774 ) ;
#1894 = EDGE_LOOP ( 'NONE', ( #7406, #3372 ) ) ;
#1895 = EDGE_CURVE ( 'NONE', #463, #3041, #5693, .T. ) ;
#1896 = VERTEX_POINT ( 'NONE', #5147 ) ;
#1897 = AXIS2_PLACEMENT_3D ( 'NONE', #5271, #4083, #548 ) ;
#1898 = DIRECTION ( 'NONE',  ( -1.000000000000000000, 0.000000000000000000, 0.000000000000000000 ) ) ;
#1899 = CARTESIAN_POINT ( 'NONE',  ( -8.000000000000000000, 0.000000000000000000, 0.000000000000000000 ) ) ;
#1900 = ITEM_DEFINED_TRANSFORMATION ( 'NONE', 'NONE', #5524,  #2120 ) ;
#1901 = ORIENTED_EDGE ( 'NONE', *, *, #1241, .F. ) ;
#1902 = CARTESIAN_POINT ( 'NONE',  ( -206.2928932188135605, 0.000000000000000000, -206.9999999999999716 ) ) ;
#1903 = CARTESIAN_POINT ( 'NONE',  ( -50.24999999999891287, -8.000000000000000000, -52.99999999999494094 ) ) ;
#1904 = DIRECTION ( 'NONE',  ( 0.000000000000000000, 4.270088556250598741E-15, 1.000000000000000000 ) ) ;
#1905 = VECTOR ( 'NONE', #4710, 1000.000000000000000 ) ;
#1906 = ORIENTED_EDGE ( 'NONE', *, *, #5108, .F. ) ;
#1907 = ADVANCED_FACE ( 'NONE', ( #276 ), #5111, .T. ) ;
#1908 = EDGE_CURVE ( 'NONE', #1136, #6789, #7201, .T. ) ;
#1909 = CARTESIAN_POINT ( 'NONE',  ( -8.707107281186509340, 9.705254964940063900, -214.8679174858380634 ) ) ;
#1910 = DIRECTION ( 'NONE',  ( 0.000000000000000000, -4.270088556250591641E-15, 1.000000000000000000 ) ) ;
#1911 = AXIS2_PLACEMENT_3D ( 'NONE', #1593, #1713, #4017 ) ;
#1912 = CARTESIAN_POINT ( 'NONE',  ( -206.2928932188135605, -1.387778780781445676E-13, -195.0000000000000000 ) ) ;
#1913 = CARTESIAN_POINT ( 'NONE',  ( -699.9999999999985221, 422.5663706143598688, 254.4336293856407849 ) ) ;
#1914 = ORIENTED_EDGE ( 'NONE', *, *, #670, .T. ) ;
#1915 = ADVANCED_FACE ( 'NONE', ( #4155 ), #587, .F. ) ;
#1916 = DIRECTION ( 'NONE',  ( 0.000000000000000000, -6.982962677686267499E-15, 1.000000000000000000 ) ) ;
#1917 = DIRECTION ( 'NONE',  ( -0.000000000000000000, -1.000000000000000000, 3.491481338843133355E-15 ) ) ;
#1918 = ORIENTED_EDGE ( 'NONE', *, *, #2994, .T. ) ;
#1919 = DIRECTION ( 'NONE',  ( 0.000000000000000000, -0.000000000000000000, 1.000000000000000000 ) ) ;
#1920 = ORIENTED_EDGE ( 'NONE', *, *, #2621, .F. ) ;
#1921 = EDGE_CURVE ( 'NONE', #4971, #5280, #7084, .T. ) ;
#1922 = EDGE_LOOP ( 'NONE', ( #1493, #6232 ) ) ;
#1923 = CARTESIAN_POINT ( 'NONE',  ( -700.0000000000000000, 430.5663706143603235, 389.4336293856407565 ) ) ;
#1924 = ORIENTED_EDGE ( 'NONE', *, *, #5050, .T. ) ;
#1925 = CARTESIAN_POINT ( 'NONE',  ( -1135.500000000000227, 422.5663706143592435, 72.00000000000014211 ) ) ;
#1926 = CARTESIAN_POINT ( 'NONE',  ( 11.99999999999995737, 430.0000000000000000, 7.999999999999958256 ) ) ;
#1927 = DIRECTION ( 'NONE',  ( -3.469446951953614189E-15, 0.000000000000000000, -1.000000000000000000 ) ) ;
#1928 = FILL_AREA_STYLE ('',( #1409 ) ) ;
#1929 = EDGE_CURVE ( 'NONE', #1139, #1781, #1145, .T. ) ;
#1930 = CARTESIAN_POINT ( 'NONE',  ( -18.54419417382412050, -1.433179746754275779E-15, -194.2928932188135320 ) ) ;
#1931 = VERTEX_POINT ( 'NONE', #4832 ) ;
#1932 = VERTEX_POINT ( 'NONE', #1065 ) ;
#1933 = DIRECTION ( 'NONE',  ( -0.000000000000000000, -1.000000000000000000, 3.491481338843133355E-15 ) ) ;
#1934 = DIRECTION ( 'NONE',  ( 1.000000000000000000, -0.000000000000000000, 0.000000000000000000 ) ) ;
#1935 = PRODUCT_RELATED_PRODUCT_CATEGORY ( 'part', '', ( #1124 ) ) ;
#1936 = ORIENTED_EDGE ( 'NONE', *, *, #742, .F. ) ;
#1937 = DIRECTION ( 'NONE',  ( -0.000000000000000000, -1.000000000000000000, 3.491481338843133355E-15 ) ) ;
#1938 = CARTESIAN_POINT ( 'NONE',  ( -626.9999999999998863, 464.9999999999998863, 0.000000000000000000 ) ) ;
#1939 = DIRECTION ( 'NONE',  ( 0.000000000000000000, -4.270088556250671316E-15, -1.000000000000000000 ) ) ;
#1940 = EDGE_LOOP ( 'NONE', ( #781, #6630, #7099, #4297 ) ) ;
#1941 = DIRECTION ( 'NONE',  ( -0.000000000000000000, -0.000000000000000000, 1.000000000000000000 ) ) ;
#1942 = DIRECTION ( 'NONE',  ( 1.000000000000000000, 0.000000000000000000, 0.000000000000000000 ) ) ;
#1943 = DIRECTION ( 'NONE',  ( 0.000000000000000000, -3.491481338843133355E-15, 1.000000000000000000 ) ) ;
#1944 = AXIS2_PLACEMENT_3D ( 'NONE', #535, #2945, #5369 ) ;
#1945 = EDGE_CURVE ( 'NONE', #3997, #7090, #2323, .T. ) ;
#1946 = ADVANCED_FACE ( 'NONE', ( #1779 ), #2927, .F. ) ;
#1947 = CARTESIAN_POINT ( 'NONE',  ( -814.4999999999995453, 174.9999999999998863, 0.000000000000000000 ) ) ;
#1948 = ORIENTED_EDGE ( 'NONE', *, *, #913, .T. ) ;
#1949 = ORIENTED_EDGE ( 'NONE', *, *, #5890, .F. ) ;
#1950 = CIRCLE ( 'NONE', #7524, 13.00000000000001066 ) ;
#1951 = CARTESIAN_POINT ( 'NONE',  ( 207.0000000000000284, 370.0000000000000000, 134.4999999999999432 ) ) ;
#1952 = DIRECTION ( 'NONE',  ( 0.000000000000000000, -4.270088556250591641E-15, 1.000000000000000000 ) ) ;
#1953 = CARTESIAN_POINT ( 'NONE',  ( -1135.500000000001364, 430.5663706143603804, 394.9999999999998295 ) ) ;
#1954 = EDGE_CURVE ( 'NONE', #122, #5209, #1012, .T. ) ;
#1955 = VECTOR ( 'NONE', #3459, 1000.000000000000000 ) ;
#1956 = ORIENTED_EDGE ( 'NONE', *, *, #4125, .F. ) ;
#1957 = ORIENTED_EDGE ( 'NONE', *, *, #6413, .T. ) ;
#1958 = FACE_BOUND ( 'NONE', #5587, .T. ) ;
#1959 = ORIENTED_EDGE ( 'NONE', *, *, #7235, .T. ) ;
#1960 = CIRCLE ( 'NONE', #188, 20.00000000000001066 ) ;
#1961 = CARTESIAN_POINT ( 'NONE',  ( -194.2928937188135592, 9.705254964939930673, -214.8679174858380350 ) ) ;
#1962 = DIRECTION ( 'NONE',  ( -0.000000000000000000, -0.000000000000000000, -1.000000000000000000 ) ) ;
#1963 = CARTESIAN_POINT ( 'NONE',  ( -500.0000000000000000, 39.99999999999987210, -8.000000000000000000 ) ) ;
#1964 =( NAMED_UNIT ( * ) PLANE_ANGLE_UNIT ( ) SI_UNIT ( $, .RADIAN. ) );
#1965 = FILL_AREA_STYLE ('',( #5462 ) ) ;
#1966 = CARTESIAN_POINT ( 'NONE',  ( -639.9999999999998863, 464.9999999999998863, 0.000000000000000000 ) ) ;
#1967 = ORIENTED_EDGE ( 'NONE', *, *, #4173, .T. ) ;
#1968 = ORIENTED_EDGE ( 'NONE', *, *, #2643, .T. ) ;
#1969 = CARTESIAN_POINT ( 'NONE',  ( -194.2928932188135605, -1.561251128379126385E-14, 0.000000000000000000 ) ) ;
#1970 = SHAPE_DEFINITION_REPRESENTATION ( #6563, #3206 ) ;
#1971 = ORIENTED_EDGE ( 'NONE', *, *, #632, .T. ) ;
#1972 = DIRECTION ( 'NONE',  ( 0.000000000000000000, 4.270088556250671316E-15, 1.000000000000000000 ) ) ;
#1973 = CARTESIAN_POINT ( 'NONE',  ( -500.0000000000000000, 422.5663706143603804, 402.4336293856408133 ) ) ;
#1974 = CIRCLE ( 'NONE', #5398, 13.00000000000012257 ) ;
#1975 = DIRECTION ( 'NONE',  ( 1.000000000000000000, -3.491481338843132961E-15, -0.000000000000000000 ) ) ;
#1976 = ORIENTED_EDGE ( 'NONE', *, *, #892, .T. ) ;
#1977 = ORIENTED_EDGE ( 'NONE', *, *, #6628, .T. ) ;
#1978 = PLANE ( 'NONE',  #4808 ) ;
#1979 = CARTESIAN_POINT ( 'NONE',  ( -500.0000000000014211, 500.0000000000009095, 241.4336293856404723 ) ) ;
#1980 =( GEOMETRIC_REPRESENTATION_CONTEXT ( 3 ) GLOBAL_UNCERTAINTY_ASSIGNED_CONTEXT ( ( #509 ) ) GLOBAL_UNIT_ASSIGNED_CONTEXT ( ( #3112, #1330, #5100 ) ) REPRESENTATION_CONTEXT ( 'NONE', 'WORKASPACE' ) );
#1981 = DIRECTION ( 'NONE',  ( 0.000000000000000000, 0.000000000000000000, 1.000000000000000000 ) ) ;
#1982 = VERTEX_POINT ( 'NONE', #1695 ) ;
#1983 = ORIENTED_EDGE ( 'NONE', *, *, #3368, .T. ) ;
#1984 = EDGE_CURVE ( 'NONE', #1325, #3450, #6580, .T. ) ;
#1985 = DIRECTION ( 'NONE',  ( 1.000000000000000000, 0.000000000000000000, 0.000000000000000000 ) ) ;
#1986 = CIRCLE ( 'NONE', #6426, 13.00000000000001066 ) ;
#1987 = CIRCLE ( 'NONE', #6543, 13.00000000000001776 ) ;
#1988 = CARTESIAN_POINT ( 'NONE',  ( -385.5000000000003979, 174.9999999999998863, -8.000000000000000000 ) ) ;
#1989 = CARTESIAN_POINT ( 'NONE',  ( -206.2928932188135605, 12.00000000000007816, -215.0000000000000284 ) ) ;
#1990 = VECTOR ( 'NONE', #6724, 1000.000000000000000 ) ;
#1991 = AXIS2_PLACEMENT_3D ( 'NONE', #3320, #347, #5268 ) ;
#1992 = ORIENTED_EDGE ( 'NONE', *, *, #7527, .T. ) ;
#1993 = VERTEX_POINT ( 'NONE', #2882 ) ;
#1994 = EDGE_CURVE ( 'NONE', #4460, #3829, #4119, .T. ) ;
#1995 = EDGE_CURVE ( 'NONE', #6453, #7475, #6612, .T. ) ;
#1996 = CARTESIAN_POINT ( 'NONE',  ( -194.2928937188135592, 9.705254964939930673, -214.8679174858380350 ) ) ;
#1997 = ORIENTED_EDGE ( 'NONE', *, *, #6629, .T. ) ;
#1998 = DIRECTION ( 'NONE',  ( 0.000000000000000000, -4.270088556250589275E-15, -1.000000000000000000 ) ) ;
#1999 = CIRCLE ( 'NONE', #3138, 13.00000000000176037 ) ;
#2000 = LINE ( 'NONE', #4346, #1747 ) ;
#2001 = FACE_OUTER_BOUND ( 'NONE', #7306, .T. ) ;
#2002 = FILL_AREA_STYLE ('',( #265 ) ) ;
#2003 = B_SPLINE_CURVE_WITH_KNOTS ( 'NONE', 3,
 ( #6527, #1100, #512, #2956 ),
 .UNSPECIFIED., .F., .F.,
 ( 4, 4 ),
 ( 0.000000000000000000, 1.000000000000000000 ),
 .UNSPECIFIED. ) ;
#2004 = APPLICATION_CONTEXT ( 'automotive_design' ) ;
#2005 = CARTESIAN_POINT ( 'NONE',  ( -206.2928932188135889, 9.705254974873890106, -214.8679174869853910 ) ) ;
#2006 = PLANE ( 'NONE',  #3036 ) ;
#2007 = CIRCLE ( 'NONE', #624, 12.99999999999999822 ) ;
#2008 = EDGE_LOOP ( 'NONE', ( #6302, #4720 ) ) ;
#2009 = EDGE_CURVE ( 'NONE', #2362, #5882, #4304, .T. ) ;
#2010 = CARTESIAN_POINT ( 'NONE',  ( -8.000000000000000000, 370.0000000000000000, 80.49999999999995737 ) ) ;
#2011 = ORIENTED_EDGE ( 'NONE', *, *, #115, .F. ) ;
#2012 = VECTOR ( 'NONE', #5954, 1000.000000000000000 ) ;
#2013 = DIRECTION ( 'NONE',  ( 1.000000000000000000, 0.000000000000000000, 0.000000000000000000 ) ) ;
#2014 = CIRCLE ( 'NONE', #3273, 13.00000000000001066 ) ;
#2015 = ITEM_DEFINED_TRANSFORMATION ( 'NONE', 'NONE', #5780,  #2120 ) ;
#2016 = ORIENTED_EDGE ( 'NONE', *, *, #5944, .T. ) ;
#2017 = CARTESIAN_POINT ( 'NONE',  ( 0.000000000000000000, 442.5663706143591298, -8.000000000000000000 ) ) ;
#2018 = CARTESIAN_POINT ( 'NONE',  ( -48.70710678118648929, 55.25000000000071765, 9.585475742349168303E-14 ) ) ;
#2019 = DIRECTION ( 'NONE',  ( 0.000000000000000000, 1.000000000000000000, 0.000000000000000000 ) ) ;
#2020 = AXIS2_PLACEMENT_3D ( 'NONE', #2537, #1341, #1939 ) ;
#2021 = ORIENTED_EDGE ( 'NONE', *, *, #1362, .T. ) ;
#2022 = CIRCLE ( 'NONE', #2522, 13.00000000000001066 ) ;
#2023 = DIRECTION ( 'NONE',  ( -0.000000000000000000, 0.000000000000000000, -1.000000000000000000 ) ) ;
#2024 = FACE_BOUND ( 'NONE', #3855, .T. ) ;
#2025 = AXIS2_PLACEMENT_3D ( 'NONE', #424, #2836, #3435 ) ;
#2026 = FACE_OUTER_BOUND ( 'NONE', #1538, .T. ) ;
#2027 = AXIS2_PLACEMENT_3D ( 'NONE', #4160, #6022, #5349 ) ;
#2028 = CARTESIAN_POINT ( 'NONE',  ( -1135.500000000001364, 430.5663706143603235, 382.0000000000000568 ) ) ;
#2029 = ORIENTED_EDGE ( 'NONE', *, *, #1229, .F. ) ;
#2030 = ORIENTED_EDGE ( 'NONE', *, *, #6236, .T. ) ;
#2031 = EDGE_CURVE ( 'NONE', #7554, #1454, #7052, .T. ) ;
#2032 = DIRECTION ( 'NONE',  ( -0.000000000000000000, -1.000000000000000000, 3.491481338843133355E-15 ) ) ;
#2033 = AXIS2_PLACEMENT_3D ( 'NONE', #5058, #2477, #821 ) ;
#2034 = DIRECTION ( 'NONE',  ( 0.000000000000000000, 1.000000000000000000, 3.491481338843133355E-15 ) ) ;
#2035 = CARTESIAN_POINT ( 'NONE',  ( 153.9999999999999716, 370.0000000000000568, -7.216449660063517513E-13 ) ) ;
#2036 = PRODUCT_RELATED_PRODUCT_CATEGORY ( 'part', '', ( #4167 ) ) ;
#2037 = VERTEX_POINT ( 'NONE', #2406 ) ;
#2038 = ORIENTED_EDGE ( 'NONE', *, *, #7501, .T. ) ;
#2039 = DIRECTION ( 'NONE',  ( -0.000000000000000000, -1.000000000000000000, 3.491481338843132961E-15 ) ) ;
#2040 = EDGE_LOOP ( 'NONE', ( #5177, #1716, #7736, #2948 ) ) ;
#2041 = CARTESIAN_POINT ( 'NONE',  ( -1148.500000000000000, 357.4336293856409270, 69.43362938564074227 ) ) ;
#2042 = SURFACE_STYLE_USAGE ( .BOTH. , #4464 ) ;
#2043 = ORIENTED_EDGE ( 'NONE', *, *, #6586, .T. ) ;
#2044 = CYLINDRICAL_SURFACE ( 'NONE', #3293, 13.00000000000001066 ) ;
#2045 = EDGE_CURVE ( 'NONE', #2959, #2037, #2003, .T. ) ;
#2046 = EDGE_CURVE ( 'NONE', #3879, #3103, #4181, .T. ) ;
#2047 = FACE_OUTER_BOUND ( 'NONE', #4202, .T. ) ;
#2048 = CARTESIAN_POINT ( 'NONE',  ( -1200.000000000000000, 417.4336293856408133, 0.000000000000000000 ) ) ;
#2049 = ORIENTED_EDGE ( 'NONE', *, *, #5008, .F. ) ;
#2050 = DIRECTION ( 'NONE',  ( -0.000000000000000000, -1.000000000000000000, 3.491481338843133355E-15 ) ) ;
#2051 = ORIENTED_EDGE ( 'NONE', *, *, #6488, .T. ) ;
#2052 = CYLINDRICAL_SURFACE ( 'NONE', #6296, 12.00000000000001066 ) ;
#2053 = APPLICATION_PROTOCOL_DEFINITION ( 'draft international standard', 'automotive_design', 1998, #1599 ) ;
#2054 = ORIENTED_EDGE ( 'NONE', *, *, #2125, .T. ) ;
#2055 = ADVANCED_FACE ( 'NONE', ( #7241 ), #6459, .F. ) ;
#2056 = DIRECTION ( 'NONE',  ( 0.000000000000000000, 0.000000000000000000, -1.000000000000000000 ) ) ;
#2057 = CARTESIAN_POINT ( 'NONE',  ( -626.9999999999998863, 464.9999999999998863, -8.000000000000000000 ) ) ;
#2058 = DIRECTION ( 'NONE',  ( -1.000000000000000000, 0.000000000000000000, 0.000000000000000000 ) ) ;
#2059 = ORIENTED_EDGE ( 'NONE', *, *, #1530, .F. ) ;
#2060 = CARTESIAN_POINT ( 'NONE',  ( -1055.499999999996817, 47.43362938564094122, -8.000000000000000000 ) ) ;
#2061 = CARTESIAN_POINT ( 'NONE',  ( 11.99999999999995737, 430.0000000000000000, 19.99999999999995737 ) ) ;
#2062 = ORIENTED_EDGE ( 'NONE', *, *, #1995, .T. ) ;
#2063 = EDGE_CURVE ( 'NONE', #1662, #6850, #7804, .T. ) ;
#2064 = CARTESIAN_POINT ( 'NONE',  ( 207.0000000000000284, 430.0000000000000000, 7.999999999999277023 ) ) ;
#2065 = LINE ( 'NONE', #6898, #4177 ) ;
#2066 = EDGE_LOOP ( 'NONE', ( #2107, #355 ) ) ;
#2067 = ORIENTED_EDGE ( 'NONE', *, *, #2914, .F. ) ;
#2068 = CARTESIAN_POINT ( 'NONE',  ( 0.000000000000000000, 0.000000000000000000, -10.00000000000007105 ) ) ;
#2069 = PRESENTATION_LAYER_ASSIGNMENT (  '', '', ( #4731 ) ) ;
#2070 = DIRECTION ( 'NONE',  ( -0.000000000000000000, -1.000000000000000000, 3.491481338843132961E-15 ) ) ;
#2071 = FACE_BOUND ( 'NONE', #3146, .T. ) ;
#2072 = ADVANCED_FACE ( 'NONE', ( #7091 ), #6017, .F. ) ;
#2073 = B_SPLINE_CURVE_WITH_KNOTS ( 'NONE', 3,
 ( #1428, #7266, #3066, #7307 ),
 .UNSPECIFIED., .F., .F.,
 ( 4, 4 ),
 ( 4.166666780121745283E-08, 1.000000000000000000 ),
 .UNSPECIFIED. ) ;
#2074 = VERTEX_POINT ( 'NONE', #7362 ) ;
#2075 = VECTOR ( 'NONE', #4027, 1000.000000000000000 ) ;
#2076 = ORIENTED_EDGE ( 'NONE', *, *, #2241, .F. ) ;
#2077 = CARTESIAN_POINT ( 'NONE',  ( -194.2928932188135889, -1.317165617562825686, -210.1175474360017574 ) ) ;
#2078 = ORIENTED_EDGE ( 'NONE', *, *, #6021, .F. ) ;
#2079 = FACE_OUTER_BOUND ( 'NONE', #5808, .T. ) ;
#2080 = CARTESIAN_POINT ( 'NONE',  ( -50.24999999999891287, 2.000000000000000000, -39.99999999999495515 ) ) ;
#2081 = CARTESIAN_POINT ( 'NONE',  ( -1135.500000000000000, 357.4336293856409270, 0.000000000000000000 ) ) ;
#2082 = EDGE_LOOP ( 'NONE', ( #4742, #5083, #2905, #4637 ) ) ;
#2083 = AXIS2_PLACEMENT_3D ( 'NONE', #7340, #3131, #5555 ) ;
#2084 = CARTESIAN_POINT ( 'NONE',  ( -144.5000000000000284, 357.4336293856408133, -8.000000000000000000 ) ) ;
#2085 = DIRECTION ( 'NONE',  ( 3.491481338843133355E-15, 0.000000000000000000, 1.000000000000000000 ) ) ;
#2086 = AXIS2_PLACEMENT_3D ( 'NONE', #171, #19, #5601 ) ;
#2087 = ORIENTED_EDGE ( 'NONE', *, *, #511, .F. ) ;
#2088 = CARTESIAN_POINT ( 'NONE',  ( 207.0000000000000000, 0.000000000000000000, 215.0000000000007105 ) ) ;
#2089 = ORIENTED_EDGE ( 'NONE', *, *, #3934, .T. ) ;
#2090 = EDGE_CURVE ( 'NONE', #5488, #3285, #7683, .T. ) ;
#2091 = DIRECTION ( 'NONE',  ( 0.000000000000000000, -1.000000000000000000, 0.000000000000000000 ) ) ;
#2092 = AXIS2_PLACEMENT_3D ( 'NONE', #5065, #5184, #4435 ) ;
#2093 = ORIENTED_EDGE ( 'NONE', *, *, #343, .F. ) ;
#2094 = CARTESIAN_POINT ( 'NONE',  ( -899.9999999999998863, 499.9999999999998863, -8.000000000000000000 ) ) ;
#2095 = FACE_OUTER_BOUND ( 'NONE', #5374, .T. ) ;
#2096 = CARTESIAN_POINT ( 'NONE',  ( -560.0000000000000000, 437.4336293856408702, 21.43362938564070319 ) ) ;
#2097 = ORIENTED_EDGE ( 'NONE', *, *, #2672, .F. ) ;
#2098 = ORIENTED_EDGE ( 'NONE', *, *, #1694, .T. ) ;
#2099 = ADVANCED_FACE ( 'NONE', ( #4866 ), #4273, .F. ) ;
#2100 = EDGE_CURVE ( 'NONE', #6074, #598, #4565, .T. ) ;
#2101 = CARTESIAN_POINT ( 'NONE',  ( -1200.000000000000000, 430.5663706143604941, 429.4336293856406428 ) ) ;
#2102 = SURFACE_SIDE_STYLE ('',( #6931 ) ) ;
#2103 = VERTEX_POINT ( 'NONE', #4902 ) ;
#2104 = DIRECTION ( 'NONE',  ( 0.000000000000000000, -4.270088556250591641E-15, 1.000000000000000000 ) ) ;
#2105 = CYLINDRICAL_SURFACE ( 'NONE', #7591, 12.99999999999979039 ) ;
#2106 = ORIENTED_EDGE ( 'NONE', *, *, #2540, .F. ) ;
#2107 = ORIENTED_EDGE ( 'NONE', *, *, #699, .F. ) ;
#2108 = DIRECTION ( 'NONE',  ( 0.000000000000000000, 0.000000000000000000, -1.000000000000000000 ) ) ;
#2109 = CARTESIAN_POINT ( 'NONE',  ( -573.0000000000001137, 464.9999999999998863, 0.000000000000000000 ) ) ;
#2110 = CARTESIAN_POINT ( 'NONE',  ( -700.0000000000000000, 39.99999999999987210, 2.000000000000000000 ) ) ;
#2111 =( REPRESENTATION_RELATIONSHIP ('NONE','NONE', #1641, #7619 ) REPRESENTATION_RELATIONSHIP_WITH_TRANSFORMATION ( #7442 )SHAPE_REPRESENTATION_RELATIONSHIP( ) );
#2112 = ORIENTED_EDGE ( 'NONE', *, *, #2147, .F. ) ;
#2113 = CIRCLE ( 'NONE', #7430, 13.00000000000001776 ) ;
#2114 = DIRECTION ( 'NONE',  ( 0.000000000000000000, -0.000000000000000000, 1.000000000000000000 ) ) ;
#2115 = EDGE_LOOP ( 'NONE', ( #5943, #4036, #3959, #5091 ) ) ;
#2116 = LINE ( 'NONE', #152, #4812 ) ;
#2117 = LINE ( 'NONE', #7636, #4030 ) ;
#2118 = CARTESIAN_POINT ( 'NONE',  ( -700.0000000000000000, 39.99999999999987210, 2.000000000000000000 ) ) ;
#2119 = ORIENTED_EDGE ( 'NONE', *, *, #4959, .T. ) ;
#2120 = AXIS2_PLACEMENT_3D ( 'NONE', #585, #4830, #1692 ) ;
#2121 = CIRCLE ( 'NONE', #4537, 12.99999999999998401 ) ;
#2122 = DIRECTION ( 'NONE',  ( -1.000000000000000000, 0.000000000000000000, 0.000000000000000000 ) ) ;
#2123 = CARTESIAN_POINT ( 'NONE',  ( 86.99999999999998579, 369.9999999999994884, -7.216449660063517513E-13 ) ) ;
#2124 = VERTEX_POINT ( 'NONE', #2597 ) ;
#2125 = EDGE_CURVE ( 'NONE', #2431, #2790, #7606, .T. ) ;
#2126 = CARTESIAN_POINT ( 'NONE',  ( 100.0000000000032259, 59.99999999999949551, 207.0000000000003411 ) ) ;
#2127 = ORIENTED_EDGE ( 'NONE', *, *, #5766, .T. ) ;
#2128 = CIRCLE ( 'NONE', #2501, 13.00000000000003197 ) ;
#2129 = COLOUR_RGB ( '',0.7921568627450980005, 0.8196078431372548767, 0.9333333333333333481 ) ;
#2130 = ORIENTED_EDGE ( 'NONE', *, *, #6679, .T. ) ;
#2131 = FACE_OUTER_BOUND ( 'NONE', #4874, .T. ) ;
#2132 = AXIS2_PLACEMENT_3D ( 'NONE', #5171, #2039, #5722 ) ;
#2133 = AXIS2_PLACEMENT_3D ( 'NONE', #2712, #2833, #4543 ) ;
#2134 = CARTESIAN_POINT ( 'NONE',  ( -3.697785493223492838E-29, 67.25000000000000000, -215.0000000000002274 ) ) ;
#2135 = EDGE_CURVE ( 'NONE', #3069, #2950, #5201, .T. ) ;
#2136 = ORIENTED_EDGE ( 'NONE', *, *, #4097, .F. ) ;
#2137 = DIRECTION ( 'NONE',  ( 0.000000000000000000, -1.000000000000000000, 0.000000000000000000 ) ) ;
#2138 = ORIENTED_EDGE ( 'NONE', *, *, #5370, .F. ) ;
#2139 = ORIENTED_EDGE ( 'NONE', *, *, #7295, .F. ) ;
#2140 = DIRECTION ( 'NONE',  ( -1.000000000000000000, 0.000000000000000000, 0.000000000000000000 ) ) ;
#2141 = CIRCLE ( 'NONE', #6568, 12.99999999999980282 ) ;
#2142 = CARTESIAN_POINT ( 'NONE',  ( -373.0000000000000568, 464.9999999999998863, 2.000000000000000000 ) ) ;
#2143 = CARTESIAN_POINT ( 'NONE',  ( -144.4999999999997442, 422.5663706143592435, 72.00000000000025580 ) ) ;
#2144 = ORIENTED_EDGE ( 'NONE', *, *, #7274, .T. ) ;
#2145 = LINE ( 'NONE', #4568, #1872 ) ;
#2146 = CIRCLE ( 'NONE', #760, 13.00000000000001066 ) ;
#2147 = EDGE_CURVE ( 'NONE', #3241, #538, #7278, .T. ) ;
#2148 = ADVANCED_FACE ( 'NONE', ( #707 ), #183, .F. ) ;
#2149 = CARTESIAN_POINT ( 'NONE',  ( -1200.000000000000000, 437.4336293856408702, 12.00000000000012079 ) ) ;
#2150 = AXIS2_PLACEMENT_3D ( 'NONE', #4251, #6114, #6663 ) ;
#2151 = EDGE_LOOP ( 'NONE', ( #4120, #5910 ) ) ;
#2152 = ORIENTED_EDGE ( 'NONE', *, *, #3501, .T. ) ;
#2153 = DIRECTION ( 'NONE',  ( 1.000000000000000000, 0.000000000000000000, 0.000000000000000000 ) ) ;
#2154 = AXIS2_PLACEMENT_3D ( 'NONE', #5980, #3517, #4713 ) ;
#2155 = DIRECTION ( 'NONE',  ( 0.000000000000000000, 0.000000000000000000, -1.000000000000000000 ) ) ;
#2156 =( GEOMETRIC_REPRESENTATION_CONTEXT ( 3 ) GLOBAL_UNCERTAINTY_ASSIGNED_CONTEXT ( ( #6920 ) ) GLOBAL_UNIT_ASSIGNED_CONTEXT ( ( #2772, #6382, #5198 ) ) REPRESENTATION_CONTEXT ( 'NONE', 'WORKASPACE' ) );
#2157 = PLANE ( 'NONE',  #3601 ) ;
#2158 = ADVANCED_FACE ( 'NONE', ( #6686 ), #7433, .T. ) ;
#2159 = ORIENTED_EDGE ( 'NONE', *, *, #1794, .F. ) ;
#2160 = AXIS2_PLACEMENT_3D ( 'NONE', #3502, #5334, #572 ) ;
#2161 = CARTESIAN_POINT ( 'NONE',  ( 2.348021200372008033E-13, 67.25000000000000000, 0.000000000000000000 ) ) ;
#2162 = EDGE_LOOP ( 'NONE', ( #3592, #4436 ) ) ;
#2163 = APPLICATION_CONTEXT ( 'automotive_design' ) ;
#2164 = DIRECTION ( 'NONE',  ( 1.000000000000000000, 3.301778511896374732E-15, -0.000000000000000000 ) ) ;
#2165 = DIRECTION ( 'NONE',  ( -0.000000000000000000, -1.000000000000000000, -0.000000000000000000 ) ) ;
#2166 = DIRECTION ( 'NONE',  ( 0.000000000000000000, -0.000000000000000000, 1.000000000000000000 ) ) ;
#2167 = ORIENTED_EDGE ( 'NONE', *, *, #1114, .F. ) ;
#2168 = VECTOR ( 'NONE', #2903, 1000.000000000000000 ) ;
#2169 = LINE ( 'NONE', #302, #7393 ) ;
#2170 = CARTESIAN_POINT ( 'NONE',  ( -20.70710678118653902, -8.000000000000069278, -195.0000000000000000 ) ) ;
#2171 = ORIENTED_EDGE ( 'NONE', *, *, #2887, .T. ) ;
#2172 = CARTESIAN_POINT ( 'NONE',  ( 207.0000000000000284, 60.00000000000000000, 147.5000000000031832 ) ) ;
#2173 = ORIENTED_EDGE ( 'NONE', *, *, #5459, .F. ) ;
#2174 = PRODUCT_DEFINITION_CONTEXT ( 'detailed design', #7420, 'design' ) ;
#2175 = ORIENTED_EDGE ( 'NONE', *, *, #3009, .T. ) ;
#2176 = DIRECTION ( 'NONE',  ( 0.000000000000000000, -1.000000000000000000, -1.047444401652940007E-14 ) ) ;
#2177 = CARTESIAN_POINT ( 'NONE',  ( 4.163336342344337027E-14, 11.99999999999992895, -206.2928932188135605 ) ) ;
#2178 = ORIENTED_EDGE ( 'NONE', *, *, #842, .T. ) ;
#2179 = DIRECTION ( 'NONE',  ( 0.000000000000000000, -0.000000000000000000, 1.000000000000000000 ) ) ;
#2180 = EDGE_LOOP ( 'NONE', ( #2851, #4342, #5010, #3213 ) ) ;
#2181 = VERTEX_POINT ( 'NONE', #7320 ) ;
#2182 = DIRECTION ( 'NONE',  ( 0.000000000000000000, -1.000000000000000000, 3.491481338843133355E-15 ) ) ;
#2183 = DIRECTION ( 'NONE',  ( 0.000000000000000000, 1.000000000000000000, -3.491481338843133355E-15 ) ) ;
#2184 = EDGE_CURVE ( 'NONE', #4121, #5393, #1893, .T. ) ;
#2185 = ORIENTED_EDGE ( 'NONE', *, *, #5679, .T. ) ;
#2186 = DIRECTION ( 'NONE',  ( -0.000000000000000000, -0.000000000000000000, 1.000000000000000000 ) ) ;
#2187 = FACE_OUTER_BOUND ( 'NONE', #6139, .T. ) ;
#2188 = ORIENTED_EDGE ( 'NONE', *, *, #3571, .T. ) ;
#2189 = ORIENTED_EDGE ( 'NONE', *, *, #3697, .F. ) ;
#2190 =( GEOMETRIC_REPRESENTATION_CONTEXT ( 3 ) GLOBAL_UNCERTAINTY_ASSIGNED_CONTEXT ( ( #6292 ) ) GLOBAL_UNIT_ASSIGNED_CONTEXT ( ( #3039, #2443, #3688 ) ) REPRESENTATION_CONTEXT ( 'NONE', 'WORKASPACE' ) );
#2191 = DIRECTION ( 'NONE',  ( 0.000000000000000000, 0.000000000000000000, -1.000000000000000000 ) ) ;
#2192 = CARTESIAN_POINT ( 'NONE',  ( -500.0000000000000000, 422.5663706143603235, 389.4336293856408133 ) ) ;
#2193 = EDGE_CURVE ( 'NONE', #616, #2733, #2524, .T. ) ;
#2194 = EDGE_CURVE ( 'NONE', #5322, #6283, #2281, .T. ) ;
#2195 = CARTESIAN_POINT ( 'NONE',  ( -215.0000000000000000, 0.000000000000000000, -187.5899999999999466 ) ) ;
#2196 = CARTESIAN_POINT ( 'NONE',  ( -215.0000000000000000, -8.000000000000000000, -187.5899999999999466 ) ) ;
#2197 = ORIENTED_EDGE ( 'NONE', *, *, #6601, .F. ) ;
#2198 = DIRECTION ( 'NONE',  ( -1.000000000000000000, -3.338921167859689429E-15, -5.916456789157586789E-31 ) ) ;
#2199 = EDGE_LOOP ( 'NONE', ( #5654, #5779, #2510, #6718, #5433, #3656, #3967, #4393 ) ) ;
#2200 = EDGE_CURVE ( 'NONE', #3251, #3751, #1650, .T. ) ;
#2201 = DIRECTION ( 'NONE',  ( 0.000000000000000000, 1.000000000000000000, -3.491481338843133355E-15 ) ) ;
#2202 = CARTESIAN_POINT ( 'NONE',  ( -164.7499999999997726, -8.000000000000000000, -157.5857864376210102 ) ) ;
#2203 = ADVANCED_FACE ( 'NONE', ( #108 ), #1332, .F. ) ;
#2204 = DIRECTION ( 'NONE',  ( 1.000000000000000000, 0.000000000000000000, 0.000000000000000000 ) ) ;
#2205 = ORIENTED_EDGE ( 'NONE', *, *, #5758, .T. ) ;
#2206 = FACE_BOUND ( 'NONE', #304, .T. ) ;
#2207 = DIRECTION ( 'NONE',  ( 0.000000000000000000, 4.270088556250671316E-15, 1.000000000000000000 ) ) ;
#2208 = ORIENTED_EDGE ( 'NONE', *, *, #5007, .F. ) ;
#2209 = DIRECTION ( 'NONE',  ( 3.486207565248076192E-15, 0.000000000000000000, -1.000000000000000000 ) ) ;
#2210 = ORIENTED_EDGE ( 'NONE', *, *, #1649, .T. ) ;
#2211 = CARTESIAN_POINT ( 'NONE',  ( -801.5000000000000000, 39.99999999999987210, 0.000000000000000000 ) ) ;
#2212 = AXIS2_PLACEMENT_3D ( 'NONE', #6000, #1128, #5403 ) ;
#2213 = DIRECTION ( 'NONE',  ( -0.000000000000000000, -1.000000000000000000, 0.000000000000000000 ) ) ;
#2214 = EDGE_LOOP ( 'NONE', ( #82, #4689, #1976, #3954 ) ) ;
#2215 = DIRECTION ( 'NONE',  ( 0.000000000000000000, -1.000000000000000000, 0.000000000000000000 ) ) ;
#2216 = EDGE_LOOP ( 'NONE', ( #3159, #3358 ) ) ;
#2217 = ORIENTED_EDGE ( 'NONE', *, *, #972, .F. ) ;
#2218 = DIRECTION ( 'NONE',  ( -0.000000000000000000, -1.000000000000000000, 3.491481338843132961E-15 ) ) ;
#2219 = LINE ( 'NONE', #1140, #1369 ) ;
#2220 = ORIENTED_EDGE ( 'NONE', *, *, #7814, .F. ) ;
#2221 = EDGE_LOOP ( 'NONE', ( #1265, #4317, #5711, #4730 ) ) ;
#2222 = LINE ( 'NONE', #1631, #482 ) ;
#2223 = LINE ( 'NONE', #5789, #1508 ) ;
#2224 = EDGE_LOOP ( 'NONE', ( #2735, #6711, #6880, #5272 ) ) ;
#2225 = ORIENTED_EDGE ( 'NONE', *, *, #429, .F. ) ;
#2226 = CARTESIAN_POINT ( 'NONE',  ( -385.4999999999997158, 422.5663706143598688, 254.4336293856395628 ) ) ;
#2227 = EDGE_CURVE ( 'NONE', #3041, #5492, #3690, .T. ) ;
#2228 = CARTESIAN_POINT ( 'NONE',  ( -500.0000000000000000, 500.0000000000013074, 376.4336293856405291 ) ) ;
#2229 = CARTESIAN_POINT ( 'NONE',  ( -1135.500000000001364, 430.5663706143602667, 369.0000000000002842 ) ) ;
#2230 = CARTESIAN_POINT ( 'NONE',  ( -8.707106781186519484, 11.99999999999986144, -215.0000000000000284 ) ) ;
#2231 = ORIENTED_EDGE ( 'NONE', *, *, #7033, .T. ) ;
#2232 = ADVANCED_FACE ( 'NONE', ( #6215 ), #789, .T. ) ;
#2233 = DIRECTION ( 'NONE',  ( -0.000000000000000000, -0.000000000000000000, -1.000000000000000000 ) ) ;
#2234 = EDGE_LOOP ( 'NONE', ( #1458, #6216, #2030, #2353 ) ) ;
#2235 = CARTESIAN_POINT ( 'NONE',  ( -164.7499999999997726, 2.000000000000000000, -39.99999999999398170 ) ) ;
#2236 = DIRECTION ( 'NONE',  ( -1.000000000000000000, -0.000000000000000000, -0.000000000000000000 ) ) ;
#2237 = CARTESIAN_POINT ( 'NONE',  ( -1800.289821118911732, 417.4336293856408133, 12.00000000000000000 ) ) ;
#2238 = DIRECTION ( 'NONE',  ( 1.000000000000000000, 0.000000000000000000, 0.000000000000000000 ) ) ;
#2239 = VERTEX_POINT ( 'NONE', #4633 ) ;
#2240 = CARTESIAN_POINT ( 'NONE',  ( 166.9999999999999716, 370.0000000000000568, -7.216449660063517513E-13 ) ) ;
#2241 = EDGE_CURVE ( 'NONE', #1365, #2124, #5768, .T. ) ;
#2242 = EDGE_CURVE ( 'NONE', #4274, #1343, #2535, .T. ) ;
#2243 = ORIENTED_EDGE ( 'NONE', *, *, #3437, .F. ) ;
#2244 = DIRECTION ( 'NONE',  ( 1.000000000000000000, -0.000000000000000000, 0.000000000000000000 ) ) ;
#2245 = ORIENTED_EDGE ( 'NONE', *, *, #4391, .F. ) ;
#2246 = AXIS2_PLACEMENT_3D ( 'NONE', #3234, #2532, #6218 ) ;
#2247 = CIRCLE ( 'NONE', #1869, 12.99999999999979039 ) ;
#2248 = FACE_OUTER_BOUND ( 'NONE', #6440, .T. ) ;
#2249 = CARTESIAN_POINT ( 'NONE',  ( -385.4999999999999432, 500.0000000000013074, 376.4336293856397333 ) ) ;
#2250 = ORIENTED_EDGE ( 'NONE', *, *, #6703, .F. ) ;
#2251 = CARTESIAN_POINT ( 'NONE',  ( -513.0000000000000000, 39.99999999999987210, 2.000000000000000000 ) ) ;
#2252 = AXIS2_PLACEMENT_3D ( 'NONE', #6935, #3331, #5749 ) ;
#2253 = CIRCLE ( 'NONE', #7062, 12.99999999999999822 ) ;
#2254 = ORIENTED_EDGE ( 'NONE', *, *, #7295, .T. ) ;
#2255 = CIRCLE ( 'NONE', #1360, 13.00000000000003197 ) ;
#2256 = ORIENTED_EDGE ( 'NONE', *, *, #1954, .T. ) ;
#2257 = CARTESIAN_POINT ( 'NONE',  ( -513.0000000000004547, 174.9999999999998863, -8.000000000000000000 ) ) ;
#2258 = VECTOR ( 'NONE', #6481, 1000.000000000000000 ) ;
#2259 = CIRCLE ( 'NONE', #6061, 13.00000000000001066 ) ;
#2260 = ORIENTED_EDGE ( 'NONE', *, *, #258, .F. ) ;
#2261 = FACE_OUTER_BOUND ( 'NONE', #734, .T. ) ;
#2262 = LINE ( 'NONE', #3010, #3537 ) ;
#2263 = ORIENTED_EDGE ( 'NONE', *, *, #7813, .T. ) ;
#2264 = EDGE_LOOP ( 'NONE', ( #1804, #900, #1633, #6156 ) ) ;
#2265 = VECTOR ( 'NONE', #52, 1000.000000000000000 ) ;
#2266 = FACE_OUTER_BOUND ( 'NONE', #619, .T. ) ;
#2267 = DIRECTION ( 'NONE',  ( 1.000000000000000000, 0.000000000000000000, 0.000000000000000000 ) ) ;
#2268 = LINE ( 'NONE', #5285, #1955 ) ;
#2269 = AXIS2_PLACEMENT_3D ( 'NONE', #2969, #2417, #3572 ) ;
#2270 = CARTESIAN_POINT ( 'NONE',  ( 0.000000000000000000, 430.5663706143590161, 12.00000000000006573 ) ) ;
#2271 = AXIS2_PLACEMENT_3D ( 'NONE', #1344, #7373, #3243 ) ;
#2272 = ORIENTED_EDGE ( 'NONE', *, *, #7034, .F. ) ;
#2273 = VECTOR ( 'NONE', #3481, 1000.000000000000000 ) ;
#2274 = DIRECTION ( 'NONE',  ( 0.000000000000000000, 1.000000000000000000, -3.491481338843133355E-15 ) ) ;
#2275 = AXIS2_PLACEMENT_3D ( 'NONE', #2485, #37, #7205 ) ;
#2276 = CARTESIAN_POINT ( 'NONE',  ( 600.2898211189119593, 442.5663706143591298, 12.00000000000000000 ) ) ;
#2277 = LINE ( 'NONE', #4701, #135 ) ;
#2278 = DIRECTION ( 'NONE',  ( -0.000000000000000000, -1.000000000000000000, 3.491481338843133355E-15 ) ) ;
#2279 = DIRECTION ( 'NONE',  ( -1.000000000000000000, 0.000000000000000000, 0.000000000000000000 ) ) ;
#2280 = EDGE_CURVE ( 'NONE', #854, #5348, #2800, .T. ) ;
#2281 = CIRCLE ( 'NONE', #7218, 13.00000000000001066 ) ;
#2282 = AXIS2_PLACEMENT_3D ( 'NONE', #317, #4562, #3968 ) ;
#2283 = DIRECTION ( 'NONE',  ( 0.000000000000000000, 0.000000000000000000, -1.000000000000000000 ) ) ;
#2284 = ORIENTED_EDGE ( 'NONE', *, *, #932, .F. ) ;
#2285 = DIRECTION ( 'NONE',  ( -1.000000000000000000, 0.000000000000000000, 0.000000000000000000 ) ) ;
#2286 = ORIENTED_EDGE ( 'NONE', *, *, #2528, .T. ) ;
#2287 = AXIS2_PLACEMENT_3D ( 'NONE', #3597, #6014, #583 ) ;
#2288 = EDGE_CURVE ( 'NONE', #6850, #4095, #339, .T. ) ;
#2289 = EDGE_CURVE ( 'NONE', #5386, #2607, #4312, .T. ) ;
#2290 = CARTESIAN_POINT ( 'NONE',  ( 0.000000000000000000, -8.000000000000000000, -187.5899999999999466 ) ) ;
#2291 = CARTESIAN_POINT ( 'NONE',  ( 0.000000000000000000, 430.5663706143604941, 429.4336293856406428 ) ) ;
#2292 = CYLINDRICAL_SURFACE ( 'NONE', #2877, 13.00000000000012257 ) ;
#2293 = DIRECTION ( 'NONE',  ( 1.000000000000000000, 0.000000000000000000, 0.000000000000000000 ) ) ;
#2294 = ORIENTED_EDGE ( 'NONE', *, *, #6502, .T. ) ;
#2295 = ORIENTED_EDGE ( 'NONE', *, *, #6349, .F. ) ;
#2296 = FACE_OUTER_BOUND ( 'NONE', #4379, .T. ) ;
#2297 = ADVANCED_FACE ( 'NONE', ( #5224 ), #2006, .T. ) ;
#2298 = EDGE_LOOP ( 'NONE', ( #374, #2565, #7422, #1842 ) ) ;
#2299 = CARTESIAN_POINT ( 'NONE',  ( -64.50000000000000000, 357.4336293856408133, 69.43362938564074227 ) ) ;
#2300 = CARTESIAN_POINT ( 'NONE',  ( 167.0000000000032117, 60.00000000000005684, 7.999999999999417355 ) ) ;
#2301 = ORIENTED_EDGE ( 'NONE', *, *, #22, .T. ) ;
#2302 = ORIENTED_EDGE ( 'NONE', *, *, #1604, .T. ) ;
#2303 = LINE ( 'NONE', #3977, #5059 ) ;
#2304 = CARTESIAN_POINT ( 'NONE',  ( 0.000000000000000000, 442.5663706143591298, -8.000000000000000000 ) ) ;
#2305 = ADVANCED_FACE ( 'NONE', ( #3956 ), #2754, .F. ) ;
#2306 = DIRECTION ( 'NONE',  ( 0.7071067811865469066, 2.468850131082268105E-15, -0.7071067811865482389 ) ) ;
#2307 = CARTESIAN_POINT ( 'NONE',  ( -1169.999999999999773, 429.4336293856406996, 69.43362938564057174 ) ) ;
#2308 = AXIS2_PLACEMENT_3D ( 'NONE', #1892, #1214, #6136 ) ;
#2309 = EDGE_LOOP ( 'NONE', ( #3716, #167 ) ) ;
#2310 = DIRECTION ( 'NONE',  ( 1.000000000000000000, 0.000000000000000000, 0.000000000000000000 ) ) ;
#2311 = CYLINDRICAL_SURFACE ( 'NONE', #1700, 13.00000000000003197 ) ;
#2312 = DIRECTION ( 'NONE',  ( 0.000000000000000000, 4.270088556250671316E-15, 1.000000000000000000 ) ) ;
#2313 = CARTESIAN_POINT ( 'NONE',  ( -1055.499999999999773, 357.4336293856409270, 69.43362938564074227 ) ) ;
#2314 = EDGE_CURVE ( 'NONE', #2793, #6621, #6830, .T. ) ;
#2315 = FACE_BOUND ( 'NONE', #2309, .T. ) ;
#2316 = CARTESIAN_POINT ( 'NONE',  ( -8.707107281186509340, 9.705254964940063900, -214.8679174858380634 ) ) ;
#2317 = ORIENTED_EDGE ( 'NONE', *, *, #448, .F. ) ;
#2318 = CARTESIAN_POINT ( 'NONE',  ( -166.2928932188135605, 42.25000000000000000, -215.0000000000001137 ) ) ;
#2319 = ORIENTED_EDGE ( 'NONE', *, *, #4909, .F. ) ;
#2320 = DIRECTION ( 'NONE',  ( 1.000000000000000000, 0.000000000000000000, 0.000000000000000000 ) ) ;
#2321 = UNCERTAINTY_MEASURE_WITH_UNIT (LENGTH_MEASURE( 1.000000000000000082E-05 ), #2442, 'distance_accuracy_value', 'NONE');
#2322 = DIRECTION ( 'NONE',  ( -1.000000000000000000, 0.000000000000000000, 0.000000000000000000 ) ) ;
#2323 = LINE ( 'NONE', #5864, #2273 ) ;
#2324 = AXIS2_PLACEMENT_3D ( 'NONE', #5259, #7676, #2238 ) ;
#2325 = VERTEX_POINT ( 'NONE', #2048 ) ;
#2326 = EDGE_CURVE ( 'NONE', #959, #4974, #4190, .T. ) ;
#2327 = ORIENTED_EDGE ( 'NONE', *, *, #5522, .T. ) ;
#2328 = CARTESIAN_POINT ( 'NONE',  ( -1135.500000000000227, 500.0000000000002274, 71.99999999999988631 ) ) ;
#2329 = DIRECTION ( 'NONE',  ( 1.000000000000000000, 0.000000000000000000, -0.000000000000000000 ) ) ;
#2330 = CIRCLE ( 'NONE', #444, 12.99999999999984546 ) ;
#2331 = VERTEX_POINT ( 'NONE', #3916 ) ;
#2332 = DIRECTION ( 'NONE',  ( 0.000000000000000000, 0.000000000000000000, 1.000000000000000000 ) ) ;
#2333 = DIRECTION ( 'NONE',  ( 1.000000000000000000, 0.000000000000000000, -3.469446951953611428E-15 ) ) ;
#2334 = ORIENTED_EDGE ( 'NONE', *, *, #995, .T. ) ;
#2335 = ORIENTED_EDGE ( 'NONE', *, *, #5758, .F. ) ;
#2336 = EDGE_CURVE ( 'NONE', #5728, #7203, #6845, .T. ) ;
#2337 = EDGE_CURVE ( 'NONE', #3326, #7647, #3836, .T. ) ;
#2338 = AXIS2_PLACEMENT_3D ( 'NONE', #865, #3958, #2685 ) ;
#2339 = CARTESIAN_POINT ( 'NONE',  ( -487.0000000000004547, 174.9999999999998863, 0.000000000000000000 ) ) ;
#2340 = DIRECTION ( 'NONE',  ( -1.000000000000000000, 3.491481338843132961E-15, 0.000000000000000000 ) ) ;
#2341 = DIRECTION ( 'NONE',  ( 0.000000000000000000, -0.000000000000000000, 1.000000000000000000 ) ) ;
#2342 = FACE_OUTER_BOUND ( 'NONE', #2719, .T. ) ;
#2343 = ORIENTED_EDGE ( 'NONE', *, *, #3257, .F. ) ;
#2344 = DIRECTION ( 'NONE',  ( 0.000000000000000000, 0.000000000000000000, 1.000000000000000000 ) ) ;
#2345 = DIRECTION ( 'NONE',  ( -0.000000000000000000, -0.000000000000000000, 1.000000000000000000 ) ) ;
#2346 = CARTESIAN_POINT ( 'NONE',  ( 207.0000000000000284, 60.00000000000000000, 160.5000000000031832 ) ) ;
#2347 = CARTESIAN_POINT ( 'NONE',  ( -144.4999999999997442, 422.5663706143593004, 85.00000000000007105 ) ) ;
#2348 = DIRECTION ( 'NONE',  ( 1.000000000000000000, 0.000000000000000000, 0.000000000000000000 ) ) ;
#2349 = CIRCLE ( 'NONE', #7665, 12.99999999999998401 ) ;
#2350 = DIRECTION ( 'NONE',  ( -1.000000000000000000, 3.491481338843132961E-15, 0.000000000000000000 ) ) ;
#2351 = EDGE_LOOP ( 'NONE', ( #888, #1363 ) ) ;
#2352 = DIRECTION ( 'NONE',  ( 0.000000000000000000, 0.000000000000000000, -1.000000000000000000 ) ) ;
#2353 = ORIENTED_EDGE ( 'NONE', *, *, #6465, .F. ) ;
#2354 = AXIS2_PLACEMENT_3D ( 'NONE', #1817, #1187, #7129 ) ;
#2355 = CARTESIAN_POINT ( 'NONE',  ( -699.9999999999995453, 174.9999999999998863, 0.000000000000000000 ) ) ;
#2356 = PRESENTATION_STYLE_ASSIGNMENT (( #1809 ) ) ;
#2357 = DIRECTION ( 'NONE',  ( 0.000000000000000000, 0.000000000000000000, -1.000000000000000000 ) ) ;
#2358 = AXIS2_PLACEMENT_3D ( 'NONE', #3228, #7483, #4469 ) ;
#2359 = EDGE_CURVE ( 'NONE', #7285, #7582, #4437, .T. ) ;
#2360 = DIRECTION ( 'NONE',  ( 0.000000000000000000, 0.000000000000000000, 1.000000000000000000 ) ) ;
#2361 = VERTEX_POINT ( 'NONE', #221 ) ;
#2362 = VERTEX_POINT ( 'NONE', #2683 ) ;
#2363 = VECTOR ( 'NONE', #962, 1000.000000000000000 ) ;
#2364 = FACE_OUTER_BOUND ( 'NONE', #7699, .T. ) ;
#2365 = LINE ( 'NONE', #7128, #4262 ) ;
#2366 = DIRECTION ( 'NONE',  ( 1.000000000000000000, 0.000000000000000000, 0.000000000000000000 ) ) ;
#2367 = EDGE_CURVE ( 'NONE', #4003, #4848, #1567, .T. ) ;
#2368 = ORIENTED_EDGE ( 'NONE', *, *, #3823, .T. ) ;
#2369 = CARTESIAN_POINT ( 'NONE',  ( -64.49999999999866418, 422.5663706143603235, 382.0000000000002274 ) ) ;
#2370 = AXIS2_PLACEMENT_3D ( 'NONE', #2080, #2165, #333 ) ;
#2371 = AXIS2_PLACEMENT_3D ( 'NONE', #7040, #5229, #2841 ) ;
#2372 = AXIS2_PLACEMENT_3D ( 'NONE', #1748, #1005, #5283 ) ;
#2373 = DIRECTION ( 'NONE',  ( 0.000000000000000000, -1.000000000000000000, 0.000000000000000000 ) ) ;
#2374 = ORIENTED_EDGE ( 'NONE', *, *, #2414, .F. ) ;
#2375 = CARTESIAN_POINT ( 'NONE',  ( -1148.500000000000000, 357.4336293856409270, 0.000000000000000000 ) ) ;
#2376 = CIRCLE ( 'NONE', #1116, 13.00000000000001066 ) ;
#2377 = AXIS2_PLACEMENT_3D ( 'NONE', #4896, #3151, #7477 ) ;
#2378 = CARTESIAN_POINT ( 'NONE',  ( -500.0000000000004547, 174.9999999999998863, -8.000000000000000000 ) ) ;
#2379 = DIRECTION ( 'NONE',  ( -0.000000000000000000, -1.000000000000000000, 3.491481338843133355E-15 ) ) ;
#2380 = ADVANCED_FACE ( 'NONE', ( #5732 ), #5102, .F. ) ;
#2381 = ADVANCED_FACE ( 'NONE', ( #823 ), #3230, .F. ) ;
#2382 = DIRECTION ( 'NONE',  ( 0.000000000000000000, 0.000000000000000000, -1.000000000000000000 ) ) ;
#2383 = CIRCLE ( 'NONE', #4041, 13.00000000000000533 ) ;
#2384 = ORIENTED_EDGE ( 'NONE', *, *, #2852, .T. ) ;
#2385 = PRODUCT_DEFINITION_SHAPE ( 'NONE', 'NONE',  #3587 ) ;
#2386 = CARTESIAN_POINT ( 'NONE',  ( 11.99999999999995737, 430.0000000000000000, 19.99999999999995737 ) ) ;
#2387 = VECTOR ( 'NONE', #1882, 1000.000000000000000 ) ;
#2388 = CARTESIAN_POINT ( 'NONE',  ( -372.5000000000003979, 174.9999999999998863, 2.000000000000000000 ) ) ;
#2389 = CARTESIAN_POINT ( 'NONE',  ( -215.0000000000000284, 11.23339666253958136, -206.2928932188135036 ) ) ;
#2390 = CYLINDRICAL_SURFACE ( 'NONE', #6626, 20.00000000000000000 ) ;
#2391 = CIRCLE ( 'NONE', #245, 13.00000000000001776 ) ;
#2392 = CARTESIAN_POINT ( 'NONE',  ( -8.079249508497175825, 10.62315297896383903, -194.2928937188135592 ) ) ;
#2393 = ADVANCED_FACE ( 'NONE', ( #6914 ), #5061, .F. ) ;
#2394 = AXIS2_PLACEMENT_3D ( 'NONE', #3810, #6225, #4515 ) ;
#2395 = EDGE_LOOP ( 'NONE', ( #4991, #6226, #7795, #6529 ) ) ;
#2396 = CARTESIAN_POINT ( 'NONE',  ( 0.000000000000000000, 60.00000000000000000, 160.5000000000031832 ) ) ;
#2397 = AXIS2_PLACEMENT_3D ( 'NONE', #1461, #6778, #6930 ) ;
#2398 = EDGE_LOOP ( 'NONE', ( #3367, #5527 ) ) ;
#2399 = CARTESIAN_POINT ( 'NONE',  ( 0.000000000000000000, 465.0000000000000000, 0.000000000000000000 ) ) ;
#2400 = EDGE_LOOP ( 'NONE', ( #1685, #5094 ) ) ;
#2401 = FACE_BOUND ( 'NONE', #6206, .T. ) ;
#2402 = CIRCLE ( 'NONE', #2020, 12.99999999999979039 ) ;
#2403 = EDGE_CURVE ( 'NONE', #3296, #5113, #1022, .T. ) ;
#2404 = CIRCLE ( 'NONE', #3685, 13.00000000000000533 ) ;
#2405 = LINE ( 'NONE', #4231, #516 ) ;
#2406 = CARTESIAN_POINT ( 'NONE',  ( -7.999999999999958256, 11.99999999999995737, -206.2928932188135605 ) ) ;
#2407 = CIRCLE ( 'NONE', #3423, 13.00000000000001776 ) ;
#2408 = ORIENTED_EDGE ( 'NONE', *, *, #7583, .F. ) ;
#2409 = EDGE_LOOP ( 'NONE', ( #2049, #1543, #1290, #2589 ) ) ;
#2410 = VECTOR ( 'NONE', #1808, 1000.000000000000000 ) ;
#2411 = CARTESIAN_POINT ( 'NONE',  ( -385.5000000000003979, 174.9999999999998863, 2.000000000000000000 ) ) ;
#2412 = APPLICATION_CONTEXT ( 'automotive_design' ) ;
#2413 = CARTESIAN_POINT ( 'NONE',  ( -206.2928932188135605, 67.25000000000002842, -207.0000000000001705 ) ) ;
#2414 = EDGE_CURVE ( 'NONE', #7126, #6499, #3935, .T. ) ;
#2415 = ORIENTED_EDGE ( 'NONE', *, *, #2336, .T. ) ;
#2416 = DIRECTION ( 'NONE',  ( 1.000000000000000000, 0.000000000000000000, 0.000000000000000000 ) ) ;
#2417 = DIRECTION ( 'NONE',  ( 0.000000000000000000, -1.000000000000000000, 3.491481338843133355E-15 ) ) ;
#2418 = ORIENTED_EDGE ( 'NONE', *, *, #3305, .T. ) ;
#2419 = ADVANCED_FACE ( 'NONE', ( #4627 ), #6449, .F. ) ;
#2420 = CARTESIAN_POINT ( 'NONE',  ( -5.551115123125782702E-14, 0.000000000000000000, 195.0000000000000000 ) ) ;
#2421 = DIRECTION ( 'NONE',  ( -0.000000000000000000, -0.000000000000000000, -1.000000000000000000 ) ) ;
#2422 = CARTESIAN_POINT ( 'NONE',  ( -500.0000000000000000, 430.5663706143603804, 402.4336293856407565 ) ) ;
#2423 = CARTESIAN_POINT ( 'NONE',  ( -164.7499999999997726, -8.000000000000000000, -170.5857864376210102 ) ) ;
#2424 = ORIENTED_EDGE ( 'NONE', *, *, #4134, .T. ) ;
#2425 = EDGE_CURVE ( 'NONE', #2625, #4584, #7248, .T. ) ;
#2426 = EDGE_CURVE ( 'NONE', #914, #6951, #5622, .T. ) ;
#2427 = FACE_OUTER_BOUND ( 'NONE', #2234, .T. ) ;
#2428 = FACE_OUTER_BOUND ( 'NONE', #1085, .T. ) ;
#2429 = ORIENTED_EDGE ( 'NONE', *, *, #6645, .F. ) ;
#2430 = FACE_OUTER_BOUND ( 'NONE', #6025, .T. ) ;
#2431 = VERTEX_POINT ( 'NONE', #1938 ) ;
#2432 = B_SPLINE_CURVE_WITH_KNOTS ( 'NONE', 3,
 ( #1364, #622, #3631, #7838 ),
 .UNSPECIFIED., .F., .F.,
 ( 4, 4 ),
 ( 4.166666548825282040E-08, 1.000000000000000000 ),
 .UNSPECIFIED. ) ;
#2433 = CARTESIAN_POINT ( 'NONE',  ( -640.0000000000000000, -2.321664987513282626E-13, 21.43362938563917552 ) ) ;
#2434 = ORIENTED_EDGE ( 'NONE', *, *, #1270, .T. ) ;
#2435 = ADVANCED_FACE ( 'NONE', ( #4989 ), #1226, .F. ) ;
#2436 = EDGE_CURVE ( 'NONE', #7179, #5266, #2407, .T. ) ;
#2437 = FACE_OUTER_BOUND ( 'NONE', #391, .T. ) ;
#2438 = ORIENTED_EDGE ( 'NONE', *, *, #2770, .T. ) ;
#2439 = CARTESIAN_POINT ( 'NONE',  ( -547.0000000000000000, 464.9999999999998863, 0.000000000000000000 ) ) ;
#2440 = SURFACE_STYLE_FILL_AREA ( #1807 ) ;
#2441 = CARTESIAN_POINT ( 'NONE',  ( 0.000000000000000000, 0.000000000000000000, 0.000000000000000000 ) ) ;
#2442 =( LENGTH_UNIT ( ) NAMED_UNIT ( * ) SI_UNIT ( .MILLI., .METRE. ) );
#2443 =( NAMED_UNIT ( * ) PLANE_ANGLE_UNIT ( ) SI_UNIT ( $, .RADIAN. ) );
#2444 = DIRECTION ( 'NONE',  ( 0.000000000000000000, -0.000000000000000000, 1.000000000000000000 ) ) ;
#2445 = EDGE_LOOP ( 'NONE', ( #5357, #4559 ) ) ;
#2446 = EDGE_LOOP ( 'NONE', ( #6533, #1351, #3620, #5644 ) ) ;
#2447 = DIRECTION ( 'NONE',  ( 4.270088556250600319E-15, -1.000000000000000000, 0.000000000000000000 ) ) ;
#2448 = DIRECTION ( 'NONE',  ( -1.000000000000000000, 0.000000000000000000, -0.000000000000000000 ) ) ;
#2449 = DIRECTION ( 'NONE',  ( 1.000000000000000000, 0.000000000000000000, 0.000000000000000000 ) ) ;
#2450 = ORIENTED_EDGE ( 'NONE', *, *, #4074, .F. ) ;
#2451 = PRODUCT_DEFINITION_SHAPE ( 'NONE', 'NONE',  #1212 ) ;
#2452 = DIRECTION ( 'NONE',  ( 0.000000000000000000, 0.000000000000000000, -1.000000000000000000 ) ) ;
#2453 = CARTESIAN_POINT ( 'NONE',  ( 166.9999999999999716, 370.0000000000000568, -7.216449660063517513E-13 ) ) ;
#2454 = LINE ( 'NONE', #759, #6320 ) ;
#2455 = ORIENTED_EDGE ( 'NONE', *, *, #1137, .T. ) ;
#2456 = LINE ( 'NONE', #563, #6082 ) ;
#2457 = VECTOR ( 'NONE', #172, 1000.000000000000000 ) ;
#2458 = DIRECTION ( 'NONE',  ( -1.000000000000000000, 0.000000000000000000, 0.000000000000000000 ) ) ;
#2459 = DIRECTION ( 'NONE',  ( 0.000000000000000000, -0.000000000000000000, 1.000000000000000000 ) ) ;
#2460 = FACE_BOUND ( 'NONE', #1463, .T. ) ;
#2461 = VERTEX_POINT ( 'NONE', #3169 ) ;
#2462 = VECTOR ( 'NONE', #7466, 1000.000000000000227 ) ;
#2463 = ADVANCED_FACE ( 'NONE', ( #1862 ), #3201, .T. ) ;
#2464 = CIRCLE ( 'NONE', #67, 13.00000000000001066 ) ;
#2465 = DIRECTION ( 'NONE',  ( 3.301778511896374337E-15, -1.000000000000000000, 0.000000000000000000 ) ) ;
#2466 = DIRECTION ( 'NONE',  ( -0.000000000000000000, -1.000000000000000000, 3.491481338843133355E-15 ) ) ;
#2467 = ORIENTED_EDGE ( 'NONE', *, *, #6551, .T. ) ;
#2468 = DIRECTION ( 'NONE',  ( -0.000000000000000000, -0.000000000000000000, -1.000000000000000000 ) ) ;
#2469 = AXIS2_PLACEMENT_3D ( 'NONE', #1016, #6595, #3544 ) ;
#2470 = EDGE_CURVE ( 'NONE', #4761, #3565, #6, .T. ) ;
#2471 = EDGE_LOOP ( 'NONE', ( #2665, #2856 ) ) ;
#2472 = LINE ( 'NONE', #1172, #6198 ) ;
#2473 = ORIENTED_EDGE ( 'NONE', *, *, #6541, .F. ) ;
#2474 = CARTESIAN_POINT ( 'NONE',  ( 0.000000000000000000, 465.0000000000000000, 0.000000000000000000 ) ) ;
#2475 = ORIENTED_EDGE ( 'NONE', *, *, #5490, .T. ) ;
#2476 = LINE ( 'NONE', #5688, #3005 ) ;
#2477 = DIRECTION ( 'NONE',  ( -0.000000000000000000, -1.000000000000000000, 3.491481338843132961E-15 ) ) ;
#2478 = EDGE_CURVE ( 'NONE', #2670, #6822, #6774, .T. ) ;
#2479 = EDGE_CURVE ( 'NONE', #2074, #6822, #6184, .T. ) ;
#2480 = FILL_AREA_STYLE ('',( #546 ) ) ;
#2481 = CYLINDRICAL_SURFACE ( 'NONE', #2652, 12.99999999999999822 ) ;
#2482 = DIRECTION ( 'NONE',  ( 0.000000000000000000, 0.000000000000000000, 1.000000000000000000 ) ) ;
#2483 = ORIENTED_EDGE ( 'NONE', *, *, #5773, .T. ) ;
#2484 = ORIENTED_EDGE ( 'NONE', *, *, #3348, .F. ) ;
#2485 = CARTESIAN_POINT ( 'NONE',  ( -385.4999999999999432, 422.5663706143603235, 389.4336293856400175 ) ) ;
#2486 = DIRECTION ( 'NONE',  ( 0.000000000000000000, 0.000000000000000000, -1.000000000000000000 ) ) ;
#2487 = SHAPE_DEFINITION_REPRESENTATION ( #4229, #5089 ) ;
#2488 = ORIENTED_EDGE ( 'NONE', *, *, #2548, .F. ) ;
#2489 = ADVANCED_FACE ( 'NONE', ( #80 ), #6738, .T. ) ;
#2490 = DIRECTION ( 'NONE',  ( 0.000000000000000000, 4.270088556250671316E-15, 1.000000000000000000 ) ) ;
#2491 = CARTESIAN_POINT ( 'NONE',  ( 0.000000000000000000, 429.4336293856424618, -430.5663706143592435 ) ) ;
#2492 = CARTESIAN_POINT ( 'NONE',  ( -814.5000000000000000, 500.0000000000013074, 376.4336293856397333 ) ) ;
#2493 = VERTEX_POINT ( 'NONE', #1903 ) ;
#2494 = DIRECTION ( 'NONE',  ( -1.000000000000000000, 0.000000000000000000, 0.000000000000000000 ) ) ;
#2495 = CARTESIAN_POINT ( 'NONE',  ( -639.9999999999998863, 464.9999999999998863, 429.4336293856406996 ) ) ;
#2496 = VECTOR ( 'NONE', #5020, 1000.000000000000000 ) ;
#2497 = CYLINDRICAL_SURFACE ( 'NONE', #4995, 13.00000000000001066 ) ;
#2498 = EDGE_CURVE ( 'NONE', #6747, #4723, #11, .T. ) ;
#2499 = CARTESIAN_POINT ( 'NONE',  ( -144.4999999999997442, 430.5663706143591867, 72.00000000000022737 ) ) ;
#2500 = EDGE_LOOP ( 'NONE', ( #6900, #852, #6973, #400, #6467, #4084, #5084, #3531 ) ) ;
#2501 = AXIS2_PLACEMENT_3D ( 'NONE', #3778, #3817, #6307 ) ;
#2502 = CIRCLE ( 'NONE', #2884, 12.99999999999990052 ) ;
#2503 = VECTOR ( 'NONE', #848, 1000.000000000000000 ) ;
#2504 = CARTESIAN_POINT ( 'NONE',  ( -195.0000000000000000, 11.99999999999999467, 2.739915825713870881E-14 ) ) ;
#2505 = DIRECTION ( 'NONE',  ( -1.000000000000000000, 0.000000000000000000, 0.000000000000000000 ) ) ;
#2506 = EDGE_LOOP ( 'NONE', ( #3318, #6688, #2571, #3433 ) ) ;
#2507 = CYLINDRICAL_SURFACE ( 'NONE', #7138, 12.99999999999979039 ) ;
#2508 = EDGE_CURVE ( 'NONE', #3530, #1035, #120, .T. ) ;
#2509 = CIRCLE ( 'NONE', #1879, 12.99999999999997691 ) ;
#2510 = ORIENTED_EDGE ( 'NONE', *, *, #2193, .F. ) ;
#2511 =( REPRESENTATION_RELATIONSHIP ('NONE','NONE', #1641, #5690 ) REPRESENTATION_RELATIONSHIP_WITH_TRANSFORMATION ( #5021 )SHAPE_REPRESENTATION_RELATIONSHIP( ) );
#2512 = ORIENTED_EDGE ( 'NONE', *, *, #1694, .F. ) ;
#2513 = CARTESIAN_POINT ( 'NONE',  ( -560.0000000000000000, 429.4336293856408702, 21.43362938564067477 ) ) ;
#2514 = ORIENTED_EDGE ( 'NONE', *, *, #861, .F. ) ;
#2515 = VECTOR ( 'NONE', #7137, 1000.000000000000000 ) ;
#2516 = ADVANCED_FACE ( 'NONE', ( #1304 ), #1382, .F. ) ;
#2517 = PLANE ( 'NONE',  #5919 ) ;
#2518 = DIRECTION ( 'NONE',  ( 0.000000000000000000, -1.000000000000000000, -3.491481338843134144E-15 ) ) ;
#2519 = B_SPLINE_CURVE_WITH_KNOTS ( 'NONE', 3,
 ( #5643, #5011, #6279, #5130, #5685, #2077, #7549, #7423, #4499, #1996 ),
 .UNSPECIFIED., .F., .F.,
 ( 4, 2, 2, 2, 4 ),
 ( 0.000000000000000000, 0.2500000000000000000, 0.5000000000000000000, 0.7500000000000000000, 1.000000000000000000 ),
 .UNSPECIFIED. ) ;
#2520 = CIRCLE ( 'NONE', #627, 13.00000000000001066 ) ;
#2521 = FACE_OUTER_BOUND ( 'NONE', #2706, .T. ) ;
#2522 = AXIS2_PLACEMENT_3D ( 'NONE', #4726, #1710, #2784 ) ;
#2523 = DIRECTION ( 'NONE',  ( -0.000000000000000000, -0.000000000000000000, 1.000000000000000000 ) ) ;
#2524 = LINE ( 'NONE', #4388, #6086 ) ;
#2525 = ORIENTED_EDGE ( 'NONE', *, *, #2414, .T. ) ;
#2526 = ORIENTED_EDGE ( 'NONE', *, *, #7451, .F. ) ;
#2527 = AXIS2_PLACEMENT_3D ( 'NONE', #2569, #1975, #7334 ) ;
#2528 = EDGE_CURVE ( 'NONE', #4706, #4868, #1029, .T. ) ;
#2529 = EDGE_CURVE ( 'NONE', #3462, #469, #7478, .T. ) ;
#2530 = DIRECTION ( 'NONE',  ( -1.000000000000000000, 0.000000000000000000, -3.486207565248076192E-15 ) ) ;
#2531 = AXIS2_PLACEMENT_3D ( 'NONE', #552, #2962, #677 ) ;
#2532 = DIRECTION ( 'NONE',  ( 0.000000000000000000, -1.000000000000000000, 3.491481338843133355E-15 ) ) ;
#2533 = ORIENTED_EDGE ( 'NONE', *, *, #4577, .T. ) ;
#2534 = CARTESIAN_POINT ( 'NONE',  ( -215.0000000000001421, 42.25000000000000711, -166.2928932188134752 ) ) ;
#2535 = CIRCLE ( 'NONE', #6337, 20.00000000000001421 ) ;
#2536 = CARTESIAN_POINT ( 'NONE',  ( 2.623882111172651515E-13, 55.25000000000072475, -166.2928932188134752 ) ) ;
#2537 = CARTESIAN_POINT ( 'NONE',  ( -1055.500000000001137, 422.5663706143603235, 382.0000000000001137 ) ) ;
#2538 = CIRCLE ( 'NONE', #5960, 13.00000000000001066 ) ;
#2539 = ORIENTED_EDGE ( 'NONE', *, *, #5007, .T. ) ;
#2540 = EDGE_CURVE ( 'NONE', #3106, #247, #6468, .T. ) ;
#2541 = CARTESIAN_POINT ( 'NONE',  ( 4.163336342344337027E-14, 11.99999999999992895, -206.2928932188135605 ) ) ;
#2542 = CARTESIAN_POINT ( 'NONE',  ( 0.000000000000000000, 0.000000000000000000, -8.000000000000000000 ) ) ;
#2543 = VECTOR ( 'NONE', #6284, 1000.000000000000000 ) ;
#2544 = DIRECTION ( 'NONE',  ( 1.000000000000000000, 0.000000000000000000, -0.000000000000000000 ) ) ;
#2545 = CARTESIAN_POINT ( 'NONE',  ( -10.00000000000000000, -8.000000000000000000, -187.5900000000000034 ) ) ;
#2546 = ORIENTED_EDGE ( 'NONE', *, *, #2470, .F. ) ;
#2547 = ORIENTED_EDGE ( 'NONE', *, *, #2045, .F. ) ;
#2548 = EDGE_CURVE ( 'NONE', #1708, #3365, #5548, .T. ) ;
#2549 = CARTESIAN_POINT ( 'NONE',  ( 0.000000000000000000, 417.4336293856408133, -7.999999999997085887 ) ) ;
#2550 = DIRECTION ( 'NONE',  ( -0.000000000000000000, -0.000000000000000000, -1.000000000000000000 ) ) ;
#2551 = DIRECTION ( 'NONE',  ( -0.000000000000000000, -0.000000000000000000, 1.000000000000000000 ) ) ;
#2552 = VERTEX_POINT ( 'NONE', #4956 ) ;
#2553 = VERTEX_POINT ( 'NONE', #1973 ) ;
#2554 = DIRECTION ( 'NONE',  ( 1.000000000000000000, 0.000000000000000000, 0.000000000000000000 ) ) ;
#2555 = EDGE_LOOP ( 'NONE', ( #1045, #1175 ) ) ;
#2556 = DIRECTION ( 'NONE',  ( -1.000000000000000000, 0.000000000000000000, 3.491481338843134144E-15 ) ) ;
#2557 = DIRECTION ( 'NONE',  ( 1.000000000000000000, 0.000000000000000000, -3.469446951953614583E-15 ) ) ;
#2558 = CARTESIAN_POINT ( 'NONE',  ( 74.00000000000319744, 59.99999999999949551, 207.0000000000002274 ) ) ;
#2559 = LINE ( 'NONE', #6650, #6329 ) ;
#2560 = DIRECTION ( 'NONE',  ( 1.000000000000000000, 0.000000000000000000, 0.000000000000000000 ) ) ;
#2561 = VERTEX_POINT ( 'NONE', #7369 ) ;
#2562 = ORIENTED_EDGE ( 'NONE', *, *, #6554, .T. ) ;
#2563 = CARTESIAN_POINT ( 'NONE',  ( -1135.500000000000227, 422.5663706143591867, 59.00000000000034106 ) ) ;
#2564 = CARTESIAN_POINT ( 'NONE',  ( -206.2928932188135605, 11.99999999999987210, -195.0000000000000000 ) ) ;
#2565 = ORIENTED_EDGE ( 'NONE', *, *, #3658, .T. ) ;
#2566 = CARTESIAN_POINT ( 'NONE',  ( -195.0000000000000000, -1.561251128379126385E-14, -194.2928932188135036 ) ) ;
#2567 = DIRECTION ( 'NONE',  ( -1.000000000000000000, 0.000000000000000000, -4.270088556250598741E-15 ) ) ;
#2568 = ADVANCED_FACE ( 'NONE', ( #3769 ), #3809, .F. ) ;
#2569 = CARTESIAN_POINT ( 'NONE',  ( -7.999999999999852562, 42.25000000000070344, -31.29289321881345387 ) ) ;
#2570 = CIRCLE ( 'NONE', #1944, 13.00000000000003197 ) ;
#2571 = ORIENTED_EDGE ( 'NONE', *, *, #6892, .T. ) ;
#2572 = VERTEX_POINT ( 'NONE', #2650 ) ;
#2573 = LINE ( 'NONE', #3931, #4302 ) ;
#2574 = CARTESIAN_POINT ( 'NONE',  ( -77.50000000000324007, 47.43362938564082754, 0.000000000000000000 ) ) ;
#2575 = DIRECTION ( 'NONE',  ( -1.000000000000000000, -3.301778511896374732E-15, -0.000000000000000000 ) ) ;
#2576 = LINE ( 'NONE', #2661, #2623 ) ;
#2577 = ADVANCED_FACE ( 'NONE', ( #1456 ), #3397, .F. ) ;
#2578 = ADVANCED_FACE ( 'NONE', ( #835 ), #6295, .T. ) ;
#2579 = ORIENTED_EDGE ( 'NONE', *, *, #4948, .T. ) ;
#2580 = VERTEX_POINT ( 'NONE', #5145 ) ;
#2581 = VECTOR ( 'NONE', #2468, 1000.000000000000000 ) ;
#2582 = DIRECTION ( 'NONE',  ( 0.000000000000000000, 0.000000000000000000, -1.000000000000000000 ) ) ;
#2583 = DIRECTION ( 'NONE',  ( 0.000000000000000000, 1.000000000000000000, 3.491481338843133355E-15 ) ) ;
#2584 = CARTESIAN_POINT ( 'NONE',  ( -144.4999999999987494, 500.0000000000011937, 381.9999999999999432 ) ) ;
#2585 = AXIS2_PLACEMENT_3D ( 'NONE', #6818, #2575, #1310 ) ;
#2586 = VECTOR ( 'NONE', #6448, 1000.000000000000000 ) ;
#2587 = ORIENTED_EDGE ( 'NONE', *, *, #6551, .F. ) ;
#2588 = CIRCLE ( 'NONE', #1217, 12.99999999999980282 ) ;
#2589 = ORIENTED_EDGE ( 'NONE', *, *, #162, .T. ) ;
#2590 = CARTESIAN_POINT ( 'NONE',  ( -2.775557561562891036E-14, -7.378142307684655533E-13, -215.0000000000000000 ) ) ;
#2591 = ORIENTED_EDGE ( 'NONE', *, *, #3850, .F. ) ;
#2592 = AXIS2_PLACEMENT_3D ( 'NONE', #3317, #4549, #1488 ) ;
#2593 = FACE_OUTER_BOUND ( 'NONE', #3553, .T. ) ;
#2594 =( NAMED_UNIT ( * ) PLANE_ANGLE_UNIT ( ) SI_UNIT ( $, .RADIAN. ) );
#2595 = CARTESIAN_POINT ( 'NONE',  ( 4.163336342344337027E-14, 11.99999999999992895, 0.000000000000000000 ) ) ;
#2596 = CARTESIAN_POINT ( 'NONE',  ( 2.619053565897420072E-13, 55.25000000000075318, -31.29289321881345387 ) ) ;
#2597 = CARTESIAN_POINT ( 'NONE',  ( -1148.499999999997272, 47.43362938564096254, -8.000000000000000000 ) ) ;
#2598 = ORIENTED_EDGE ( 'NONE', *, *, #7701, .F. ) ;
#2599 = EDGE_LOOP ( 'NONE', ( #6755, #5161 ) ) ;
#2600 = CARTESIAN_POINT ( 'NONE',  ( 11.99999999999991473, 0.000000000000000000, 7.999999999999958256 ) ) ;
#2601 = APPLICATION_PROTOCOL_DEFINITION ( 'draft international standard', 'automotive_design', 1998, #4592 ) ;
#2602 = ORIENTED_EDGE ( 'NONE', *, *, #5631, .F. ) ;
#2603 = EDGE_CURVE ( 'NONE', #1500, #3923, #5920, .T. ) ;
#2604 = CYLINDRICAL_SURFACE ( 'NONE', #5794, 12.99999999999982414 ) ;
#2605 = DIRECTION ( 'NONE',  ( 0.000000000000000000, -3.491481338843133355E-15, 1.000000000000000000 ) ) ;
#2606 = DIRECTION ( 'NONE',  ( -0.000000000000000000, 1.000000000000000000, 3.491481338843133355E-15 ) ) ;
#2607 = VERTEX_POINT ( 'NONE', #7565 ) ;
#2608 = DIRECTION ( 'NONE',  ( 0.000000000000000000, 4.270088556250033128E-15, 1.000000000000000000 ) ) ;
#2609 = LINE ( 'NONE', #2142, #7834 ) ;
#2610 = PRODUCT_DEFINITION ( 'UNKNOWN', '', #3642, #3357 ) ;
#2611 = FACE_BOUND ( 'NONE', #4462, .T. ) ;
#2612 = COLOUR_RGB ( '',0.7921568627450980005, 0.8196078431372548767, 0.9333333333333333481 ) ;
#2613 = LINE ( 'NONE', #242, #5928 ) ;
#2614 = CARTESIAN_POINT ( 'NONE',  ( -8.000000000000000000, 60.00000000000000000, 54.50000000000319744 ) ) ;
#2615 = EDGE_LOOP ( 'NONE', ( #1209, #2684 ) ) ;
#2616 = EDGE_LOOP ( 'NONE', ( #142, #5955, #2455, #99, #6353, #2970, #6662, #1814 ) ) ;
#2617 = PLANE ( 'NONE',  #4424 ) ;
#2618 = CIRCLE ( 'NONE', #219, 12.99999999999998401 ) ;
#2619 = CYLINDRICAL_SURFACE ( 'NONE', #6427, 13.00000000000034461 ) ;
#2620 = EDGE_CURVE ( 'NONE', #78, #6126, #395, .T. ) ;
#2621 = EDGE_CURVE ( 'NONE', #3326, #4460, #1355, .T. ) ;
#2622 = CARTESIAN_POINT ( 'NONE',  ( -899.9999999999998863, 464.9999999999998863, 0.000000000000000000 ) ) ;
#2623 = VECTOR ( 'NONE', #924, 1000.000000000000000 ) ;
#2624 = VECTOR ( 'NONE', #7645, 1000.000000000000000 ) ;
#2625 = VERTEX_POINT ( 'NONE', #4000 ) ;
#2626 = AXIS2_PLACEMENT_3D ( 'NONE', #4845, #6895, #3288 ) ;
#2627 = VERTEX_POINT ( 'NONE', #3881 ) ;
#2628 = DIRECTION ( 'NONE',  ( 0.000000000000000000, -1.000000000000000000, 3.301778511896374732E-15 ) ) ;
#2629 = ORIENTED_EDGE ( 'NONE', *, *, #1294, .F. ) ;
#2630 = CARTESIAN_POINT ( 'NONE',  ( -1200.000000000000000, 464.9999999999998863, -8.000000000000000000 ) ) ;
#2631 = ADVANCED_FACE ( 'NONE', ( #1497 ), #6853, .F. ) ;
#2632 = VECTOR ( 'NONE', #666, 1000.000000000000000 ) ;
#2633 = DIRECTION ( 'NONE',  ( 0.000000000000000000, 4.270088556250033128E-15, 1.000000000000000000 ) ) ;
#2634 = ORIENTED_EDGE ( 'NONE', *, *, #1604, .F. ) ;
#2635 = PRESENTATION_LAYER_ASSIGNMENT (  '', '', ( #1874 ) ) ;
#2636 = DIRECTION ( 'NONE',  ( 3.301778511896375126E-15, -1.000000000000000000, 0.000000000000000000 ) ) ;
#2637 = LINE ( 'NONE', #6285, #6696 ) ;
#2638 = DIRECTION ( 'NONE',  ( 3.491481338843134144E-15, -0.000000000000000000, 1.000000000000000000 ) ) ;
#2639 = CIRCLE ( 'NONE', #7584, 12.00000000000000000 ) ;
#2640 = ORIENTED_EDGE ( 'NONE', *, *, #1984, .F. ) ;
#2641 = CARTESIAN_POINT ( 'NONE',  ( -1135.500000000001364, 500.0000000000011937, 381.9999999999998295 ) ) ;
#2642 = EDGE_LOOP ( 'NONE', ( #4739, #3264 ) ) ;
#2643 = EDGE_CURVE ( 'NONE', #2493, #5354, #2618, .T. ) ;
#2644 = AXIS2_PLACEMENT_3D ( 'NONE', #6719, #664, #5082 ) ;
#2645 = DIRECTION ( 'NONE',  ( 1.000000000000000000, -0.000000000000000000, -1.152819845712009823E-16 ) ) ;
#2646 = CIRCLE ( 'NONE', #3027, 13.00000000000001066 ) ;
#2647 = APPLICATION_PROTOCOL_DEFINITION ( 'draft international standard', 'automotive_design', 1998, #2412 ) ;
#2648 = EDGE_LOOP ( 'NONE', ( #2173, #6668, #6784, #952 ) ) ;
#2649 = DIRECTION ( 'NONE',  ( -0.000000000000000000, -1.000000000000000000, -0.000000000000000000 ) ) ;
#2650 = CARTESIAN_POINT ( 'NONE',  ( -19.99999999999995737, 0.000000000000000000, 2.449293598294701385E-15 ) ) ;
#2651 = DIRECTION ( 'NONE',  ( 0.000000000000000000, 1.000000000000000000, 0.000000000000000000 ) ) ;
#2652 = AXIS2_PLACEMENT_3D ( 'NONE', #5418, #1810, #7173 ) ;
#2653 = AXIS2_PLACEMENT_3D ( 'NONE', #2995, #7765, #433 ) ;
#2654 = ORIENTED_EDGE ( 'NONE', *, *, #3562, .F. ) ;
#2655 = VECTOR ( 'NONE', #3089, 1000.000000000000000 ) ;
#2656 = CARTESIAN_POINT ( 'NONE',  ( 0.000000000000000000, 0.000000000000000000, 0.000000000000000000 ) ) ;
#2657 = ADVANCED_FACE ( 'NONE', ( #1540 ), #5704, .F. ) ;
#2658 = CARTESIAN_POINT ( 'NONE',  ( -194.2928937188135592, 9.705254964939930673, -214.8679174858380350 ) ) ;
#2659 = ORIENTED_EDGE ( 'NONE', *, *, #7630, .F. ) ;
#2660 = AXIS2_PLACEMENT_3D ( 'NONE', #5613, #2560, #72 ) ;
#2661 = CARTESIAN_POINT ( 'NONE',  ( -8.000000000000000000, 0.000000000000000000, -206.2928932188135605 ) ) ;
#2662 = VECTOR ( 'NONE', #5274, 1000.000000000000000 ) ;
#2663 = DIRECTION ( 'NONE',  ( 1.000000000000000000, 0.000000000000000000, -3.469446951953611428E-15 ) ) ;
#2664 = ORIENTED_EDGE ( 'NONE', *, *, #6611, .F. ) ;
#2665 = ORIENTED_EDGE ( 'NONE', *, *, #2540, .T. ) ;
#2666 = CARTESIAN_POINT ( 'NONE',  ( -194.2928932188135605, -8.000000000000015987, 0.000000000000000000 ) ) ;
#2667 = AXIS2_PLACEMENT_3D ( 'NONE', #1167, #7028, #3545 ) ;
#2668 = LINE ( 'NONE', #7464, #7063 ) ;
#2669 = DIRECTION ( 'NONE',  ( 0.000000000000000000, 0.000000000000000000, 1.000000000000000000 ) ) ;
#2670 = VERTEX_POINT ( 'NONE', #6341 ) ;
#2671 = EDGE_CURVE ( 'NONE', #3379, #3103, #348, .T. ) ;
#2672 = EDGE_CURVE ( 'NONE', #5935, #2037, #5190, .T. ) ;
#2673 = EDGE_LOOP ( 'NONE', ( #2368, #214 ) ) ;
#2674 = LINE ( 'NONE', #3186, #7075 ) ;
#2675 = ORIENTED_EDGE ( 'NONE', *, *, #1486, .T. ) ;
#2676 = LINE ( 'NONE', #6870, #3776 ) ;
#2677 = DIRECTION ( 'NONE',  ( 3.491481338843133355E-15, -1.000000000000000000, 0.000000000000000000 ) ) ;
#2678 = ORIENTED_EDGE ( 'NONE', *, *, #2923, .T. ) ;
#2679 =( LENGTH_UNIT ( ) NAMED_UNIT ( * ) SI_UNIT ( .MILLI., .METRE. ) );
#2680 = CARTESIAN_POINT ( 'NONE',  ( 87.00000000000321165, 59.99999999999949551, 215.0000000000000000 ) ) ;
#2681 = ADVANCED_FACE ( 'NONE', ( #7004 ), #1421, .T. ) ;
#2682 = EDGE_CURVE ( 'NONE', #7237, #4441, #1614, .T. ) ;
#2683 = CARTESIAN_POINT ( 'NONE',  ( -513.0000000000004547, 174.9999999999998863, 0.000000000000000000 ) ) ;
#2684 = ORIENTED_EDGE ( 'NONE', *, *, #5288, .T. ) ;
#2685 = DIRECTION ( 'NONE',  ( 0.000000000000000000, 4.270088556250598741E-15, 1.000000000000000000 ) ) ;
#2686 = EDGE_LOOP ( 'NONE', ( #7413, #7007, #6176, #6379 ) ) ;
#2687 = CARTESIAN_POINT ( 'NONE',  ( -50.24999999999972289, -8.000000000000000000, -157.5857864376220050 ) ) ;
#2688 = VECTOR ( 'NONE', #1258, 1000.000000000000000 ) ;
#2689 = ORIENTED_EDGE ( 'NONE', *, *, #724, .F. ) ;
#2690 = DIRECTION ( 'NONE',  ( -0.000000000000000000, -1.000000000000000000, 3.491481338843133355E-15 ) ) ;
#2691 = CARTESIAN_POINT ( 'NONE',  ( 3.053113317719180486E-13, 42.25000000000071765, -166.2928932188134752 ) ) ;
#2692 = CARTESIAN_POINT ( 'NONE',  ( -814.5000000000002274, 430.5663706143598120, 241.4336293856377438 ) ) ;
#2693 = ORIENTED_EDGE ( 'NONE', *, *, #1616, .F. ) ;
#2694 = ORIENTED_EDGE ( 'NONE', *, *, #1071, .T. ) ;
#2695 = CARTESIAN_POINT ( 'NONE',  ( -814.5000000000000000, 500.0000000000013074, 402.4336293856397333 ) ) ;
#2696 = DIRECTION ( 'NONE',  ( -0.000000000000000000, 0.1147372517529970243, 0.9933958742919004603 ) ) ;
#2697 = ORIENTED_EDGE ( 'NONE', *, *, #3982, .F. ) ;
#2698 = DIRECTION ( 'NONE',  ( 0.000000000000000000, 1.000000000000000000, -3.491481338843133355E-15 ) ) ;
#2699 = CARTESIAN_POINT ( 'NONE',  ( -204.3868041492335124, -5.826246055445539973, -194.2928932188135036 ) ) ;
#2700 = ORIENTED_EDGE ( 'NONE', *, *, #6601, .T. ) ;
#2701 = VERTEX_POINT ( 'NONE', #5024 ) ;
#2702 = LINE ( 'NONE', #1396, #879 ) ;
#2703 = CARTESIAN_POINT ( 'NONE',  ( -700.0000000000000000, 39.99999999999987210, -8.000000000000000000 ) ) ;
#2704 = FACE_BOUND ( 'NONE', #7246, .T. ) ;
#2705 = EDGE_CURVE ( 'NONE', #1376, #155, #7447, .T. ) ;
#2706 = EDGE_LOOP ( 'NONE', ( #5537, #1655, #363, #279 ) ) ;
#2707 = AXIS2_PLACEMENT_3D ( 'NONE', #536, #2913, #497 ) ;
#2708 = DIRECTION ( 'NONE',  ( -1.000000000000000000, 0.000000000000000000, 0.000000000000000000 ) ) ;
#2709 = EDGE_LOOP ( 'NONE', ( #7638, #2284 ) ) ;
#2710 = CARTESIAN_POINT ( 'NONE',  ( 167.0000000000032117, 60.00000000000005684, 207.0000000000005684 ) ) ;
#2711 = CARTESIAN_POINT ( 'NONE',  ( -194.2928932188136173, 7.761917670744796105, -206.3206902958249316 ) ) ;
#2712 = CARTESIAN_POINT ( 'NONE',  ( -700.0000000000000000, 500.0000000000013074, 389.4336293856405291 ) ) ;
#2713 = VERTEX_POINT ( 'NONE', #2057 ) ;
#2714 = VECTOR ( 'NONE', #6666, 1000.000000000000000 ) ;
#2715 = EDGE_CURVE ( 'NONE', #2893, #4045, #4481, .T. ) ;
#2716 = CYLINDRICAL_SURFACE ( 'NONE', #153, 13.00000000000001066 ) ;
#2717 = DIRECTION ( 'NONE',  ( -1.290957005378089075E-16, -3.301778511896375126E-15, -1.000000000000000000 ) ) ;
#2718 = CIRCLE ( 'NONE', #2338, 13.00000000000001066 ) ;
#2719 = EDGE_LOOP ( 'NONE', ( #5192, #318, #4497, #3957 ) ) ;
#2720 = DIRECTION ( 'NONE',  ( 0.000000000000000000, 4.270088556250666583E-15, 1.000000000000000000 ) ) ;
#2721 = EDGE_LOOP ( 'NONE', ( #520, #2936, #905, #4550 ) ) ;
#2722 = ADVANCED_FACE ( 'NONE', ( #2095 ), #4154, .T. ) ;
#2723 = ADVANCED_FACE ( 'NONE', ( #6492 ), #4116, .F. ) ;
#2724 = UNCERTAINTY_MEASURE_WITH_UNIT (LENGTH_MEASURE( 1.000000000000000082E-05 ), #3969, 'distance_accuracy_value', 'NONE');
#2725 = ORIENTED_EDGE ( 'NONE', *, *, #2865, .T. ) ;
#2726 = CARTESIAN_POINT ( 'NONE',  ( 207.0000000000000284, 370.0000000000000000, 147.4999999999999716 ) ) ;
#2727 = DIRECTION ( 'NONE',  ( 0.000000000000000000, -3.491481338843133355E-15, -1.000000000000000000 ) ) ;
#2728 = ORIENTED_EDGE ( 'NONE', *, *, #2046, .T. ) ;
#2729 = CARTESIAN_POINT ( 'NONE',  ( -4.336808689942017736E-14, 430.0000000000000000, 19.99999999999995737 ) ) ;
#2730 = EDGE_LOOP ( 'NONE', ( #5479, #4113, #7740, #5825 ) ) ;
#2731 = ORIENTED_EDGE ( 'NONE', *, *, #5841, .T. ) ;
#2732 = DIRECTION ( 'NONE',  ( -3.469446951953614189E-15, 0.000000000000000000, -1.000000000000000000 ) ) ;
#2733 = VERTEX_POINT ( 'NONE', #3599 ) ;
#2734 = VECTOR ( 'NONE', #7809, 1000.000000000000000 ) ;
#2735 = ORIENTED_EDGE ( 'NONE', *, *, #1206, .F. ) ;
#2736 = CARTESIAN_POINT ( 'NONE',  ( -8.000000000000000000, 430.0000000000000000, 0.000000000000000000 ) ) ;
#2737 = CARTESIAN_POINT ( 'NONE',  ( -214.8679174846906506, 9.705254955005980122, -194.2928932188135036 ) ) ;
#2738 = ORIENTED_EDGE ( 'NONE', *, *, #414, .T. ) ;
#2739 = EDGE_LOOP ( 'NONE', ( #5963, #4852 ) ) ;
#2740 = CARTESIAN_POINT ( 'NONE',  ( -205.0000000000000000, 0.000000000000000000, -187.5900000000000034 ) ) ;
#2741 = FACE_OUTER_BOUND ( 'NONE', #6776, .T. ) ;
#2742 = LINE ( 'NONE', #7021, #689 ) ;
#2743 = ORIENTED_EDGE ( 'NONE', *, *, #1220, .F. ) ;
#2744 = DIRECTION ( 'NONE',  ( -0.000000000000000000, -0.000000000000000000, -1.000000000000000000 ) ) ;
#2745 = ORIENTED_EDGE ( 'NONE', *, *, #5517, .T. ) ;
#2746 = CARTESIAN_POINT ( 'NONE',  ( -713.0000000000000000, 39.99999999999987210, 0.000000000000000000 ) ) ;
#2747 = CARTESIAN_POINT ( 'NONE',  ( -194.2928932188135889, 5.177911802334350000, -204.9789019048591285 ) ) ;
#2748 = EDGE_CURVE ( 'NONE', #4755, #1136, #726, .T. ) ;
#2749 = DIRECTION ( 'NONE',  ( -0.000000000000000000, -0.000000000000000000, 1.000000000000000000 ) ) ;
#2750 = ORIENTED_EDGE ( 'NONE', *, *, #7426, .T. ) ;
#2751 = AXIS2_PLACEMENT_3D ( 'NONE', #5897, #2880, #7609 ) ;
#2752 = AXIS2_PLACEMENT_3D ( 'NONE', #1347, #3092, #6152 ) ;
#2753 = DIRECTION ( 'NONE',  ( 9.014704587052826863E-31, 1.000000000000000000, -3.301778511896374732E-15 ) ) ;
#2754 = CYLINDRICAL_SURFACE ( 'NONE', #7734, 12.99999999999999822 ) ;
#2755 = VERTEX_POINT ( 'NONE', #1660 ) ;
#2756 = ADVANCED_FACE ( 'NONE', ( #2926 ), #2292, .F. ) ;
#2757 = CARTESIAN_POINT ( 'NONE',  ( 0.000000000000000000, 442.5663706143591298, 12.00000000000000000 ) ) ;
#2758 = VERTEX_POINT ( 'NONE', #6569 ) ;
#2759 = AXIS2_PLACEMENT_3D ( 'NONE', #4643, #7622, #5203 ) ;
#2760 = CIRCLE ( 'NONE', #874, 13.00000000000012257 ) ;
#2761 = ORIENTED_EDGE ( 'NONE', *, *, #5342, .F. ) ;
#2762 = CYLINDRICAL_SURFACE ( 'NONE', #6304, 12.99999999999990052 ) ;
#2763 = VECTOR ( 'NONE', #3034, 1000.000000000000000 ) ;
#2764 = AXIS2_PLACEMENT_3D ( 'NONE', #1564, #5220, #3987 ) ;
#2765 = CARTESIAN_POINT ( 'NONE',  ( -360.0000000000000568, 464.9999999999998863, 0.000000000000000000 ) ) ;
#2766 = ORIENTED_EDGE ( 'NONE', *, *, #6735, .F. ) ;
#2767 = CARTESIAN_POINT ( 'NONE',  ( -206.2928932188135605, 12.00000000000007816, -215.0000000000000284 ) ) ;
#2768 = ORIENTED_EDGE ( 'NONE', *, *, #4086, .T. ) ;
#2769 = EDGE_CURVE ( 'NONE', #4441, #7237, #2113, .T. ) ;
#2770 = EDGE_CURVE ( 'NONE', #3614, #3021, #1234, .T. ) ;
#2771 = ORIENTED_EDGE ( 'NONE', *, *, #1036, .T. ) ;
#2772 =( LENGTH_UNIT ( ) NAMED_UNIT ( * ) SI_UNIT ( .MILLI., .METRE. ) );
#2773 = VECTOR ( 'NONE', #2108, 1000.000000000000000 ) ;
#2774 = CARTESIAN_POINT ( 'NONE',  ( 207.0000000000000284, 370.0000000000000000, 80.49999999999995737 ) ) ;
#2775 = DIRECTION ( 'NONE',  ( 1.000000000000000000, 0.000000000000000000, 0.000000000000000000 ) ) ;
#2776 = ORIENTED_EDGE ( 'NONE', *, *, #3229, .T. ) ;
#2777 = CARTESIAN_POINT ( 'NONE',  ( -1200.000000000000000, 429.4336293856407565, 39.43362938564032305 ) ) ;
#2778 = AXIS2_PLACEMENT_3D ( 'NONE', #2985, #5408, #7232 ) ;
#2779 = CARTESIAN_POINT ( 'NONE',  ( -210.1175474360017006, -1.317165617562747748, -194.2928932188135036 ) ) ;
#2780 = AXIS2_PLACEMENT_3D ( 'NONE', #7407, #4400, #7497 ) ;
#2781 = VERTEX_POINT ( 'NONE', #1693 ) ;
#2782 = ORIENTED_EDGE ( 'NONE', *, *, #1846, .T. ) ;
#2783 = EDGE_CURVE ( 'NONE', #531, #6195, #7055, .T. ) ;
#2784 = DIRECTION ( 'NONE',  ( -1.000000000000000000, 0.000000000000000000, -4.270088556250598741E-15 ) ) ;
#2785 = CARTESIAN_POINT ( 'NONE',  ( -1135.500000000001364, 430.5663706143603235, 382.0000000000000568 ) ) ;
#2786 = VECTOR ( 'NONE', #1335, 1000.000000000000000 ) ;
#2787 = DIRECTION ( 'NONE',  ( 0.000000000000000000, 0.000000000000000000, 1.000000000000000000 ) ) ;
#2788 = DIRECTION ( 'NONE',  ( -1.000000000000000000, -0.000000000000000000, -0.000000000000000000 ) ) ;
#2789 = AXIS2_PLACEMENT_3D ( 'NONE', #5811, #6877, #1445 ) ;
#2790 = VERTEX_POINT ( 'NONE', #4786 ) ;
#2791 = VECTOR ( 'NONE', #5256, 1000.000000000000000 ) ;
#2792 = CARTESIAN_POINT ( 'NONE',  ( 73.99999999999998579, 369.9999999999994884, 215.0000000000000000 ) ) ;
#2793 = VERTEX_POINT ( 'NONE', #7041 ) ;
#2794 = CARTESIAN_POINT ( 'NONE',  ( -195.0000000000000000, 11.99999999999999467, 2.739915825713870881E-14 ) ) ;
#2795 = CARTESIAN_POINT ( 'NONE',  ( 180.0000000000000000, 370.0000000000000568, 207.0000000000006253 ) ) ;
#2796 = CARTESIAN_POINT ( 'NONE',  ( 167.0000000000032117, 60.00000000000005684, -7.216449660063517513E-13 ) ) ;
#2797 = ORIENTED_EDGE ( 'NONE', *, *, #4040, .T. ) ;
#2798 = DIRECTION ( 'NONE',  ( 1.000000000000000000, -0.000000000000000000, 0.000000000000000000 ) ) ;
#2799 = ADVANCED_FACE ( 'NONE', ( #6016 ), #6526, .F. ) ;
#2800 = LINE ( 'NONE', #4470, #1267 ) ;
#2801 = ORIENTED_EDGE ( 'NONE', *, *, #144, .T. ) ;
#2802 = LINE ( 'NONE', #1535, #3749 ) ;
#2803 = ORIENTED_EDGE ( 'NONE', *, *, #800, .F. ) ;
#2804 = CARTESIAN_POINT ( 'NONE',  ( 100.0000000000032259, 59.99999999999949551, -7.216449660063517513E-13 ) ) ;
#2805 = CARTESIAN_POINT ( 'NONE',  ( 153.9999999999999716, 370.0000000000000568, 7.999999999999462652 ) ) ;
#2806 = ORIENTED_EDGE ( 'NONE', *, *, #2241, .T. ) ;
#2807 = EDGE_CURVE ( 'NONE', #3052, #5250, #5664, .T. ) ;
#2808 = CARTESIAN_POINT ( 'NONE',  ( -206.2928932188135889, 9.705254974873890106, -214.8679174869853910 ) ) ;
#2809 = ORIENTED_EDGE ( 'NONE', *, *, #1822, .F. ) ;
#2810 = EDGE_LOOP ( 'NONE', ( #2473, #3062, #408, #2782 ) ) ;
#2811 = CARTESIAN_POINT ( 'NONE',  ( -207.0000000000000284, 11.99999999999995914, -206.2928932188135036 ) ) ;
#2812 = LINE ( 'NONE', #6422, #7323 ) ;
#2813 = CARTESIAN_POINT ( 'NONE',  ( -1200.000000000000000, 430.5663706143590161, 12.00000000000001066 ) ) ;
#2814 = EDGE_CURVE ( 'NONE', #919, #4057, #5898, .T. ) ;
#2815 = ORIENTED_EDGE ( 'NONE', *, *, #5785, .F. ) ;
#2816 = DIRECTION ( 'NONE',  ( 1.000000000000000000, 0.000000000000000000, -3.491481338843134144E-15 ) ) ;
#2817 = CARTESIAN_POINT ( 'NONE',  ( -214.8679174858380065, 9.705254964939939555, -206.2928927188135049 ) ) ;
#2818 =( REPRESENTATION_RELATIONSHIP ('NONE','NONE', #1641, #3206 ) REPRESENTATION_RELATIONSHIP_WITH_TRANSFORMATION ( #1900 )SHAPE_REPRESENTATION_RELATIONSHIP( ) );
#2819 = VERTEX_POINT ( 'NONE', #2805 ) ;
#2820 = ORIENTED_EDGE ( 'NONE', *, *, #4509, .F. ) ;
#2821 = CYLINDRICAL_SURFACE ( 'NONE', #4056, 13.00000000000001066 ) ;
#2822 = CARTESIAN_POINT ( 'NONE',  ( -194.2928937188135592, 10.62315297896390653, -206.9207504915028153 ) ) ;
#2823 = CARTESIAN_POINT ( 'NONE',  ( -500.0000000000014211, 422.5663706143599256, 267.4336293856408133 ) ) ;
#2824 = EDGE_CURVE ( 'NONE', #4057, #6060, #1778, .T. ) ;
#2825 = EDGE_CURVE ( 'NONE', #4868, #4706, #3773, .T. ) ;
#2826 = FACE_OUTER_BOUND ( 'NONE', #6204, .T. ) ;
#2827 = ORIENTED_EDGE ( 'NONE', *, *, #4244, .F. ) ;
#2828 = LINE ( 'NONE', #5252, #3406 ) ;
#2829 = ORIENTED_EDGE ( 'NONE', *, *, #3061, .F. ) ;
#2830 = CARTESIAN_POINT ( 'NONE',  ( -10.00000000000000000, 0.000000000000000000, -9.999999999999998224 ) ) ;
#2831 = CARTESIAN_POINT ( 'NONE',  ( 0.000000000000000000, 437.4336293856424618, -430.5663706143591867 ) ) ;
#2832 = CARTESIAN_POINT ( 'NONE',  ( 207.0000000000000284, 370.0000000000000000, 160.4999999999999716 ) ) ;
#2833 = DIRECTION ( 'NONE',  ( -0.000000000000000000, -1.000000000000000000, 3.491481338843132961E-15 ) ) ;
#2834 = EDGE_CURVE ( 'NONE', #7538, #1402, #1987, .T. ) ;
#2835 = FACE_OUTER_BOUND ( 'NONE', #4370, .T. ) ;
#2836 = DIRECTION ( 'NONE',  ( 0.000000000000000000, 0.000000000000000000, 1.000000000000000000 ) ) ;
#2837 = EDGE_LOOP ( 'NONE', ( #3268, #7223, #7400, #97 ) ) ;
#2838 = DIRECTION ( 'NONE',  ( -0.000000000000000000, -0.000000000000000000, 1.000000000000000000 ) ) ;
#2839 = VERTEX_POINT ( 'NONE', #5861 ) ;
#2840 = AXIS2_PLACEMENT_3D ( 'NONE', #7148, #1919, #7419 ) ;
#2841 = DIRECTION ( 'NONE',  ( 1.000000000000000000, 0.000000000000000000, 0.000000000000000000 ) ) ;
#2842 = VECTOR ( 'NONE', #6781, 1000.000000000000000 ) ;
#2843 = LINE ( 'NONE', #2249, #6928 ) ;
#2844 = EDGE_LOOP ( 'NONE', ( #4001, #140, #6293, #5136 ) ) ;
#2845 = DIRECTION ( 'NONE',  ( 9.014704587052826863E-31, 1.000000000000000000, 0.000000000000000000 ) ) ;
#2846 = ORIENTED_EDGE ( 'NONE', *, *, #5678, .F. ) ;
#2847 = ORIENTED_EDGE ( 'NONE', *, *, #169, .F. ) ;
#2848 = CIRCLE ( 'NONE', #5261, 13.00000000000003197 ) ;
#2849 = CARTESIAN_POINT ( 'NONE',  ( -206.9207504915028153, 10.62315297896395982, -206.2928927188135049 ) ) ;
#2850 = AXIS2_PLACEMENT_3D ( 'NONE', #3838, #1449, #3875 ) ;
#2851 = ORIENTED_EDGE ( 'NONE', *, *, #3297, .F. ) ;
#2852 = EDGE_CURVE ( 'NONE', #2461, #3879, #2843, .T. ) ;
#2853 = ORIENTED_EDGE ( 'NONE', *, *, #5826, .T. ) ;
#2854 = CARTESIAN_POINT ( 'NONE',  ( -1055.500000000000000, 430.5663706143592435, 84.99999999999992895 ) ) ;
#2855 = CARTESIAN_POINT ( 'NONE',  ( -214.8679174858380065, 9.705254964939939555, -198.2928930521468374 ) ) ;
#2856 = ORIENTED_EDGE ( 'NONE', *, *, #5785, .T. ) ;
#2857 = EDGE_LOOP ( 'NONE', ( #6186, #6885, #5641, #549 ) ) ;
#2858 = CARTESIAN_POINT ( 'NONE',  ( -639.9999999999998863, 464.9999999999998863, -8.000000000000000000 ) ) ;
#2859 = DIRECTION ( 'NONE',  ( 0.000000000000000000, -4.270088556250598741E-15, -1.000000000000000000 ) ) ;
#2860 = FACE_BOUND ( 'NONE', #1401, .T. ) ;
#2861 = CARTESIAN_POINT ( 'NONE',  ( 0.000000000000000000, 0.000000000000000000, 195.0000000000000000 ) ) ;
#2862 = ORIENTED_EDGE ( 'NONE', *, *, #2528, .F. ) ;
#2863 = CLOSED_SHELL ( 'NONE', ( #2381, #6480, #5439, #7485, #2577, #4289, #5152, #3494, #3992, #5090, #1091, #4310, #3641, #1317, #6132, #5480, #730, #814, #5863, #3707, #4135, #6744, #3478, #20, #6829, #4566, #3152, #4758, #278, #1689, #2568, #1946, #5731, #4979, #6035, #5623, #1125, #59, #3952, #3105, #6865, #7509, #7471, #4897, #6243, #1345, #6690, #2681, #6785, #5427, #6851, #5041, #7136, #60 ) ) ;
#2864 = EDGE_CURVE ( 'NONE', #2572, #7335, #4675, .T. ) ;
#2865 = EDGE_CURVE ( 'NONE', #247, #6339, #5308, .T. ) ;
#2866 = CARTESIAN_POINT ( 'NONE',  ( -20.70710678118653547, 4.936529451241515432, -213.8678171597082098 ) ) ;
#2867 = DIRECTION ( 'NONE',  ( 0.000000000000000000, 0.000000000000000000, 1.000000000000000000 ) ) ;
#2868 = DIRECTION ( 'NONE',  ( -1.000000000000000000, -3.301778511896374732E-15, -0.000000000000000000 ) ) ;
#2869 = DIRECTION ( 'NONE',  ( -0.000000000000000000, -0.000000000000000000, 1.000000000000000000 ) ) ;
#2870 = FACE_BOUND ( 'NONE', #5452, .T. ) ;
#2871 = CARTESIAN_POINT ( 'NONE',  ( -12.70710711451985020, 9.705254964940058571, -214.8679174858380634 ) ) ;
#2872 = ORIENTED_EDGE ( 'NONE', *, *, #4967, .T. ) ;
#2873 = EDGE_CURVE ( 'NONE', #5598, #4904, #1729, .T. ) ;
#2874 = CARTESIAN_POINT ( 'NONE',  ( 2.348021200372008033E-13, 67.25000000000000000, 0.000000000000000000 ) ) ;
#2875 = EDGE_LOOP ( 'NONE', ( #3340, #3304, #6956, #425 ) ) ;
#2876 = AXIS2_PLACEMENT_3D ( 'NONE', #1300, #187, #830 ) ;
#2877 = AXIS2_PLACEMENT_3D ( 'NONE', #3516, #6457, #4200 ) ;
#2878 = FACE_BOUND ( 'NONE', #6479, .T. ) ;
#2879 = UNCERTAINTY_MEASURE_WITH_UNIT (LENGTH_MEASURE( 1.000000000000000082E-05 ), #6577, 'distance_accuracy_value', 'NONE');
#2880 = DIRECTION ( 'NONE',  ( 0.000000000000000000, 0.000000000000000000, 1.000000000000000000 ) ) ;
#2881 = DIRECTION ( 'NONE',  ( 0.000000000000000000, -1.000000000000000000, 0.000000000000000000 ) ) ;
#2882 = CARTESIAN_POINT ( 'NONE',  ( -166.2928932188135605, 55.24999999999997868, -215.0000000000001705 ) ) ;
#2883 = VECTOR ( 'NONE', #4684, 1000.000000000000000 ) ;
#2884 = AXIS2_PLACEMENT_3D ( 'NONE', #834, #7368, #6773 ) ;
#2885 = ORIENTED_EDGE ( 'NONE', *, *, #3752, .T. ) ;
#2886 = AXIS2_PLACEMENT_3D ( 'NONE', #7781, #7172, #411 ) ;
#2887 = EDGE_CURVE ( 'NONE', #4890, #3241, #1555, .T. ) ;
#2888 = ORIENTED_EDGE ( 'NONE', *, *, #2498, .T. ) ;
#2889 = CARTESIAN_POINT ( 'NONE',  ( -1199.999999999999773, 442.5663706143591298, 12.00000000000000000 ) ) ;
#2890 = ORIENTED_EDGE ( 'NONE', *, *, #3426, .T. ) ;
#2891 = VECTOR ( 'NONE', #1324, 1000.000000000000000 ) ;
#2892 = CIRCLE ( 'NONE', #4165, 13.00000000000034461 ) ;
#2893 = VERTEX_POINT ( 'NONE', #370 ) ;
#2894 = LINE ( 'NONE', #5, #4156 ) ;
#2895 = DIRECTION ( 'NONE',  ( 0.000000000000000000, 0.000000000000000000, 1.000000000000000000 ) ) ;
#2896 = ORIENTED_EDGE ( 'NONE', *, *, #3055, .F. ) ;
#2897 = EDGE_LOOP ( 'NONE', ( #3184, #5604, #2343, #2429 ) ) ;
#2898 = AXIS2_PLACEMENT_3D ( 'NONE', #1282, #6158, #2465 ) ;
#2899 = DIRECTION ( 'NONE',  ( -0.000000000000000000, -1.000000000000000000, 3.491481338843133355E-15 ) ) ;
#2900 = CARTESIAN_POINT ( 'NONE',  ( -385.4999999999999432, 422.5663706143603804, 402.4336293856400175 ) ) ;
#2901 = DIRECTION ( 'NONE',  ( -1.000000000000000000, 0.000000000000000000, 0.000000000000000000 ) ) ;
#2902 = VECTOR ( 'NONE', #2895, 1000.000000000000000 ) ;
#2903 = DIRECTION ( 'NONE',  ( -1.000000000000000000, -0.000000000000000000, -0.000000000000000000 ) ) ;
#2904 = AXIS2_PLACEMENT_3D ( 'NONE', #7252, #718, #601 ) ;
#2905 = ORIENTED_EDGE ( 'NONE', *, *, #1537, .T. ) ;
#2906 = VECTOR ( 'NONE', #4900, 1000.000000000000000 ) ;
#2907 = AXIS2_PLACEMENT_3D ( 'NONE', #1034, #7158, #6570 ) ;
#2908 = DIRECTION ( 'NONE',  ( -0.000000000000000000, 0.000000000000000000, -1.000000000000000000 ) ) ;
#2909 = CIRCLE ( 'NONE', #5321, 13.00000000000000533 ) ;
#2910 = DIRECTION ( 'NONE',  ( -0.000000000000000000, -0.000000000000000000, 1.000000000000000000 ) ) ;
#2911 = LINE ( 'NONE', #6441, #1523 ) ;
#2912 = LINE ( 'NONE', #2832, #6496 ) ;
#2913 = DIRECTION ( 'NONE',  ( -0.000000000000000000, -1.000000000000000000, 3.491481338843132961E-15 ) ) ;
#2914 = EDGE_CURVE ( 'NONE', #397, #5401, #3374, .T. ) ;
#2915 = VECTOR ( 'NONE', #508, 1000.000000000000000 ) ;
#2916 = CARTESIAN_POINT ( 'NONE',  ( -206.9207504915028153, 10.62315297896395982, -206.2928927188135049 ) ) ;
#2917 = ORIENTED_EDGE ( 'NONE', *, *, #1279, .F. ) ;
#2918 = CARTESIAN_POINT ( 'NONE',  ( -8.000000000000000000, 370.0000000000000000, 54.49999999999995737 ) ) ;
#2919 = ORIENTED_EDGE ( 'NONE', *, *, #2200, .T. ) ;
#2920 = AXIS2_PLACEMENT_3D ( 'NONE', #1009, #3422, #5363 ) ;
#2921 = APPLICATION_CONTEXT ( 'automotive_design' ) ;
#2922 = CARTESIAN_POINT ( 'NONE',  ( -64.49999999999866418, 430.5663706143602667, 369.0000000000003979 ) ) ;
#2923 = EDGE_CURVE ( 'NONE', #1534, #6271, #1398, .T. ) ;
#2924 = EDGE_CURVE ( 'NONE', #3974, #4180, #2247, .T. ) ;
#2925 =( NAMED_UNIT ( * ) PLANE_ANGLE_UNIT ( ) SI_UNIT ( $, .RADIAN. ) );
#2926 = FACE_OUTER_BOUND ( 'NONE', #3067, .T. ) ;
#2927 = PLANE ( 'NONE',  #3284 ) ;
#2928 = EDGE_LOOP ( 'NONE', ( #5742, #4159, #6108, #2475 ) ) ;
#2929 = VERTEX_POINT ( 'NONE', #6984 ) ;
#2930 = CARTESIAN_POINT ( 'NONE',  ( -7.999999999999807265, 55.25000000000069633, -166.2928932188134752 ) ) ;
#2931 = FACE_OUTER_BOUND ( 'NONE', #2199, .T. ) ;
#2932 = ORIENTED_EDGE ( 'NONE', *, *, #4757, .T. ) ;
#2933 = DIRECTION ( 'NONE',  ( -0.000000000000000000, -0.000000000000000000, -1.000000000000000000 ) ) ;
#2934 = DIRECTION ( 'NONE',  ( 0.000000000000000000, 0.000000000000000000, -1.000000000000000000 ) ) ;
#2935 = EDGE_LOOP ( 'NONE', ( #7745, #1853 ) ) ;
#2936 = ORIENTED_EDGE ( 'NONE', *, *, #4018, .F. ) ;
#2937 = CARTESIAN_POINT ( 'NONE',  ( 0.000000000000000000, 370.0000000000000000, 160.4999999999999716 ) ) ;
#2938 = FACE_BOUND ( 'NONE', #5822, .T. ) ;
#2939 = CARTESIAN_POINT ( 'NONE',  ( -48.70710678118651771, 42.25000000000002842, -207.0000000000001421 ) ) ;
#2940 = DIRECTION ( 'NONE',  ( 0.000000000000000000, 0.000000000000000000, 1.000000000000000000 ) ) ;
#2941 = ORIENTED_EDGE ( 'NONE', *, *, #654, .T. ) ;
#2942 = CARTESIAN_POINT ( 'NONE',  ( -64.50000000000324007, 47.43362938564082754, 69.43362938564074227 ) ) ;
#2943 = DIRECTION ( 'NONE',  ( 1.000000000000000000, 0.000000000000000000, 0.000000000000000000 ) ) ;
#2944 = LINE ( 'NONE', #4140, #3693 ) ;
#2945 = DIRECTION ( 'NONE',  ( 0.000000000000000000, 1.000000000000000000, 3.491481338843133355E-15 ) ) ;
#2946 = CARTESIAN_POINT ( 'NONE',  ( -0.4104744467977197719, 7.294935795784427413, -194.2928932188135605 ) ) ;
#2947 = DIRECTION ( 'NONE',  ( -1.000000000000000000, 0.000000000000000000, 0.000000000000000000 ) ) ;
#2948 = ORIENTED_EDGE ( 'NONE', *, *, #903, .F. ) ;
#2949 = PLANE ( 'NONE',  #4416 ) ;
#2950 = VERTEX_POINT ( 'NONE', #5087 ) ;
#2951 = ADVANCED_FACE ( 'NONE', ( #3978 ), #2619, .F. ) ;
#2952 = PRODUCT ( 'Part4', 'Part4', '', ( #3235 ) ) ;
#2953 = DIRECTION ( 'NONE',  ( -0.000000000000000000, -0.000000000000000000, -1.000000000000000000 ) ) ;
#2954 = CARTESIAN_POINT ( 'NONE',  ( 0.000000000000000000, 0.000000000000000000, -8.000000000000000000 ) ) ;
#2955 = DIRECTION ( 'NONE',  ( 0.000000000000000000, -0.000000000000000000, 1.000000000000000000 ) ) ;
#2956 = CARTESIAN_POINT ( 'NONE',  ( -7.999999999999958256, 11.99999999999995737, -206.2928932188135605 ) ) ;
#2957 = AXIS2_PLACEMENT_3D ( 'NONE', #6327, #7637, #262 ) ;
#2958 = VERTEX_POINT ( 'NONE', #3254 ) ;
#2959 = VERTEX_POINT ( 'NONE', #6235 ) ;
#2960 = ADVANCED_FACE ( 'NONE', ( #5677 ), #4456, .F. ) ;
#2961 = ADVANCED_FACE ( 'NONE', ( #2741 ), #5165, .F. ) ;
#2962 = DIRECTION ( 'NONE',  ( -1.000000000000000000, 0.000000000000000000, 0.000000000000000000 ) ) ;
#2963 = VECTOR ( 'NONE', #2753, 1000.000000000000000 ) ;
#2964 = FACE_OUTER_BOUND ( 'NONE', #4869, .T. ) ;
#2965 =( NAMED_UNIT ( * ) PLANE_ANGLE_UNIT ( ) SI_UNIT ( $, .RADIAN. ) );
#2966 = CIRCLE ( 'NONE', #1446, 13.00000000000001066 ) ;
#2967 = ORIENTED_EDGE ( 'NONE', *, *, #2924, .F. ) ;
#2968 = DIRECTION ( 'NONE',  ( -1.000000000000000000, 0.000000000000000000, 0.000000000000000000 ) ) ;
#2969 = CARTESIAN_POINT ( 'NONE',  ( -814.5000000000002274, 422.5663706143598688, 254.4336293856395628 ) ) ;
#2970 = ORIENTED_EDGE ( 'NONE', *, *, #5214, .T. ) ;
#2971 = ORIENTED_EDGE ( 'NONE', *, *, #2147, .T. ) ;
#2972 = AXIS2_PLACEMENT_3D ( 'NONE', #5140, #944, #4472 ) ;
#2973 = EDGE_CURVE ( 'NONE', #417, #4274, #1516, .T. ) ;
#2974 = FACE_OUTER_BOUND ( 'NONE', #6323, .T. ) ;
#2975 = FACE_OUTER_BOUND ( 'NONE', #6730, .T. ) ;
#2976 = FACE_OUTER_BOUND ( 'NONE', #701, .T. ) ;
#2977 = FACE_BOUND ( 'NONE', #3445, .T. ) ;
#2978 = ORIENTED_EDGE ( 'NONE', *, *, #4, .T. ) ;
#2979 = DIRECTION ( 'NONE',  ( 0.000000000000000000, 1.000000000000000000, 3.491481338843133355E-15 ) ) ;
#2980 = CARTESIAN_POINT ( 'NONE',  ( -360.0000000000000568, 464.9999999999998863, 0.000000000000000000 ) ) ;
#2981 = DIRECTION ( 'NONE',  ( 1.000000000000000000, 0.000000000000000000, -0.000000000000000000 ) ) ;
#2982 = PLANE ( 'NONE',  #551 ) ;
#2983 = LINE ( 'NONE', #4773, #5883 ) ;
#2984 = ORIENTED_EDGE ( 'NONE', *, *, #7718, .F. ) ;
#2985 = CARTESIAN_POINT ( 'NONE',  ( 0.000000000000000000, 0.000000000000000000, 0.000000000000000000 ) ) ;
#2986 = ORIENTED_EDGE ( 'NONE', *, *, #2924, .T. ) ;
#2987 = ADVANCED_FACE ( 'NONE', ( #251 ), #3900, .F. ) ;
#2988 = DIRECTION ( 'NONE',  ( -3.301778511896374732E-15, 1.000000000000000000, 0.000000000000000000 ) ) ;
#2989 = ORIENTED_EDGE ( 'NONE', *, *, #3164, .F. ) ;
#2990 = FACE_OUTER_BOUND ( 'NONE', #748, .T. ) ;
#2991 = MECHANICAL_DESIGN_GEOMETRIC_PRESENTATION_REPRESENTATION (  '', ( #596 ), #4519 ) ;
#2992 = DIRECTION ( 'NONE',  ( 3.491481338843134144E-15, -0.000000000000000000, 1.000000000000000000 ) ) ;
#2993 = CARTESIAN_POINT ( 'NONE',  ( -560.0000000000000000, 429.4336293856408133, 34.43362938564070674 ) ) ;
#2994 = EDGE_CURVE ( 'NONE', #2431, #2713, #2668, .T. ) ;
#2995 = CARTESIAN_POINT ( 'NONE',  ( -814.5000000000002274, 500.0000000000009095, 254.4336293856392786 ) ) ;
#2996 = ORIENTED_EDGE ( 'NONE', *, *, #2783, .T. ) ;
#2997 = VECTOR ( 'NONE', #4026, 1000.000000000000000 ) ;
#2998 = EDGE_LOOP ( 'NONE', ( #5071, #7816 ) ) ;
#2999 = AXIS2_PLACEMENT_3D ( 'NONE', #715, #7403, #3122 ) ;
#3000 = FACE_OUTER_BOUND ( 'NONE', #3400, .T. ) ;
#3001 = CARTESIAN_POINT ( 'NONE',  ( -699.9999999999985221, 500.0000000000009095, 254.4336293856405007 ) ) ;
#3002 = CARTESIAN_POINT ( 'NONE',  ( 672.2500000000017053, 236.2734773955475589, 214.2928932188136457 ) ) ;
#3003 = ORIENTED_EDGE ( 'NONE', *, *, #5890, .T. ) ;
#3004 = CARTESIAN_POINT ( 'NONE',  ( 207.0000000000000284, 60.00000000000000000, 134.5000000000031832 ) ) ;
#3005 = VECTOR ( 'NONE', #7514, 1000.000000000000000 ) ;
#3006 = CIRCLE ( 'NONE', #7569, 12.99999999999999822 ) ;
#3007 = AXIS2_PLACEMENT_3D ( 'NONE', #2495, #1790, #2458 ) ;
#3008 = ADVANCED_FACE ( 'NONE', ( #6944 ), #4574, .F. ) ;
#3009 = EDGE_CURVE ( 'NONE', #1784, #579, #3520, .T. ) ;
#3010 = CARTESIAN_POINT ( 'NONE',  ( -826.9999999999998863, 464.9999999999998863, 2.000000000000000000 ) ) ;
#3011 = VERTEX_POINT ( 'NONE', #6274 ) ;
#3012 = CARTESIAN_POINT ( 'NONE',  ( -1042.500000000000000, 357.4336293856409270, -8.000000000000000000 ) ) ;
#3013 = AXIS2_PLACEMENT_3D ( 'NONE', #1913, #6154, #3740 ) ;
#3014 = AXIS2_PLACEMENT_3D ( 'NONE', #993, #4828, #5831 ) ;
#3015 = CARTESIAN_POINT ( 'NONE',  ( -1042.500000000000000, 357.4336293856409270, 69.43362938564074227 ) ) ;
#3016 = CYLINDRICAL_SURFACE ( 'NONE', #4242, 12.99999999999979039 ) ;
#3017 = FACE_BOUND ( 'NONE', #6113, .T. ) ;
#3018 = EDGE_CURVE ( 'NONE', #5488, #2572, #1471, .T. ) ;
#3019 = EDGE_CURVE ( 'NONE', #5237, #3474, #3133, .T. ) ;
#3020 = VECTOR ( 'NONE', #3147, 1000.000000000000000 ) ;
#3021 = VERTEX_POINT ( 'NONE', #5125 ) ;
#3022 = DIRECTION ( 'NONE',  ( -0.000000000000000000, -0.000000000000000000, -1.000000000000000000 ) ) ;
#3023 = AXIS2_PLACEMENT_3D ( 'NONE', #25, #5633, #1839 ) ;
#3024 = CARTESIAN_POINT ( 'NONE',  ( -195.0000000000000000, -8.000000000000015987, 2.775557561562891351E-14 ) ) ;
#3025 = CARTESIAN_POINT ( 'NONE',  ( -513.0000000000004547, 174.9999999999998863, 2.000000000000000000 ) ) ;
#3026 = ORIENTED_EDGE ( 'NONE', *, *, #4591, .F. ) ;
#3027 = AXIS2_PLACEMENT_3D ( 'NONE', #491, #2908, #2310 ) ;
#3028 = FACE_BOUND ( 'NONE', #2642, .T. ) ;
#3029 = AXIS2_PLACEMENT_3D ( 'NONE', #3363, #3927, #2058 ) ;
#3030 = ORIENTED_EDGE ( 'NONE', *, *, #4039, .F. ) ;
#3031 = DIRECTION ( 'NONE',  ( -1.000000000000000000, 0.000000000000000000, 0.000000000000000000 ) ) ;
#3032 = AXIS2_PLACEMENT_3D ( 'NONE', #4212, #5475, #5512 ) ;
#3033 = EDGE_LOOP ( 'NONE', ( #4226, #2011, #3180, #723 ) ) ;
#3034 = DIRECTION ( 'NONE',  ( 0.000000000000000000, 1.000000000000000000, 0.000000000000000000 ) ) ;
#3035 = ORIENTED_EDGE ( 'NONE', *, *, #1506, .T. ) ;
#3036 = AXIS2_PLACEMENT_3D ( 'NONE', #3388, #303, #6333 ) ;
#3037 = AXIS2_PLACEMENT_3D ( 'NONE', #2794, #4540, #1478 ) ;
#3038 = DIRECTION ( 'NONE',  ( -1.000000000000000000, 0.000000000000000000, 0.000000000000000000 ) ) ;
#3039 =( LENGTH_UNIT ( ) NAMED_UNIT ( * ) SI_UNIT ( .MILLI., .METRE. ) );
#3040 = DIRECTION ( 'NONE',  ( 1.000000000000000000, 0.000000000000000000, 0.000000000000000000 ) ) ;
#3041 = VERTEX_POINT ( 'NONE', #2109 ) ;
#3042 = ORIENTED_EDGE ( 'NONE', *, *, #2031, .T. ) ;
#3043 = CIRCLE ( 'NONE', #2160, 12.99999999999997691 ) ;
#3044 = DIRECTION ( 'NONE',  ( -0.000000000000000000, -1.000000000000000000, 3.491481338843132961E-15 ) ) ;
#3045 = PLANE ( 'NONE',  #1200 ) ;
#3046 =( NAMED_UNIT ( * ) SI_UNIT ( $, .STERADIAN. ) SOLID_ANGLE_UNIT ( ) );
#3047 = VERTEX_POINT ( 'NONE', #4532 ) ;
#3048 = EDGE_CURVE ( 'NONE', #6195, #531, #5539, .T. ) ;
#3049 = DIRECTION ( 'NONE',  ( -0.000000000000000000, -1.000000000000000000, 3.491481338843133355E-15 ) ) ;
#3050 = CARTESIAN_POINT ( 'NONE',  ( -640.0000000000000000, 429.4336293856408133, 34.43362938564070674 ) ) ;
#3051 = DIRECTION ( 'NONE',  ( 0.000000000000000000, -4.270088556250591641E-15, 1.000000000000000000 ) ) ;
#3052 = VERTEX_POINT ( 'NONE', #7020 ) ;
#3053 = FACE_BOUND ( 'NONE', #74, .T. ) ;
#3054 = FACE_BOUND ( 'NONE', #2398, .T. ) ;
#3055 = EDGE_CURVE ( 'NONE', #5316, #7364, #6305, .T. ) ;
#3056 = DIRECTION ( 'NONE',  ( 1.000000000000000000, -0.000000000000000000, -0.000000000000000000 ) ) ;
#3057 = CARTESIAN_POINT ( 'NONE',  ( -20.70710678118653902, 7.761917670744857389, -206.3206902958249884 ) ) ;
#3058 = ORIENTED_EDGE ( 'NONE', *, *, #3534, .F. ) ;
#3059 = LINE ( 'NONE', #4811, #2265 ) ;
#3060 = DIRECTION ( 'NONE',  ( -0.000000000000000000, -1.000000000000000000, -0.000000000000000000 ) ) ;
#3061 = EDGE_CURVE ( 'NONE', #1534, #5696, #6434, .T. ) ;
#3062 = ORIENTED_EDGE ( 'NONE', *, *, #1459, .F. ) ;
#3063 = ADVANCED_FACE ( 'NONE', ( #2938, #4015, #527, #5877, #2975 ), #1591, .F. ) ;
#3064 = DIRECTION ( 'NONE',  ( 0.000000000000000000, -1.000000000000000000, -3.491481338843133355E-15 ) ) ;
#3065 = VERTEX_POINT ( 'NONE', #2822 ) ;
#3066 = CARTESIAN_POINT ( 'NONE',  ( -0.1320825141619859366, 9.705254964939722839, -202.2928933854802267 ) ) ;
#3067 = EDGE_LOOP ( 'NONE', ( #6673, #1318, #750, #1983 ) ) ;
#3068 = CARTESIAN_POINT ( 'NONE',  ( 0.000000000000000000, -8.000000000000000000, 0.000000000000000000 ) ) ;
#3069 = VERTEX_POINT ( 'NONE', #7064 ) ;
#3070 = LINE ( 'NONE', #5494, #7180 ) ;
#3071 = EDGE_CURVE ( 'NONE', #1561, #6965, #2121, .T. ) ;
#3072 = CARTESIAN_POINT ( 'NONE',  ( -385.4999999999997158, 430.5663706143598688, 254.4336293856395059 ) ) ;
#3073 = CARTESIAN_POINT ( 'NONE',  ( 11.99999999999995737, 430.0000000000000000, 19.99999999999995737 ) ) ;
#3074 = CARTESIAN_POINT ( 'NONE',  ( -1200.000000000000000, 464.9999999999998863, 0.000000000000000000 ) ) ;
#3075 = DIRECTION ( 'NONE',  ( -0.000000000000000000, -1.000000000000000000, 3.491481338843132961E-15 ) ) ;
#3076 = ORIENTED_EDGE ( 'NONE', *, *, #1803, .F. ) ;
#3077 = ORIENTED_EDGE ( 'NONE', *, *, #4476, .T. ) ;
#3078 = MECHANICAL_DESIGN_GEOMETRIC_PRESENTATION_REPRESENTATION (  '', ( #4731 ), #2190 ) ;
#3079 = CARTESIAN_POINT ( 'NONE',  ( -144.4999999999987494, 500.0000000000011937, 381.9999999999999432 ) ) ;
#3080 = CARTESIAN_POINT ( 'NONE',  ( -50.24999999999891287, -8.000000000000000000, -39.99999999999495515 ) ) ;
#3081 = DIRECTION ( 'NONE',  ( 1.000000000000000000, 3.538835890992685487E-16, 2.624158165557556053E-17 ) ) ;
#3082 = EDGE_LOOP ( 'NONE', ( #7001, #5982, #6389, #1228 ) ) ;
#3083 = PRODUCT_DEFINITION_SHAPE ( 'NONE', 'NONE',  #2610 ) ;
#3084 = CARTESIAN_POINT ( 'NONE',  ( -131.5000000000000284, 357.4336293856408133, -8.000000000000000000 ) ) ;
#3085 = AXIS2_PLACEMENT_3D ( 'NONE', #811, #5639, #4377 ) ;
#3086 = DIRECTION ( 'NONE',  ( -0.000000000000000000, -0.000000000000000000, -1.000000000000000000 ) ) ;
#3087 = DIRECTION ( 'NONE',  ( -0.000000000000000000, -1.000000000000000000, 3.491481338843132961E-15 ) ) ;
#3088 = ORIENTED_EDGE ( 'NONE', *, *, #893, .F. ) ;
#3089 = DIRECTION ( 'NONE',  ( -1.000000000000000000, 4.845403715540893213E-31, -1.387778780781445676E-16 ) ) ;
#3090 = EDGE_CURVE ( 'NONE', #7582, #7285, #483, .T. ) ;
#3091 = CIRCLE ( 'NONE', #5499, 13.00000000000000533 ) ;
#3092 = DIRECTION ( 'NONE',  ( -0.000000000000000000, -1.000000000000000000, 3.491481338843133355E-15 ) ) ;
#3093 = CARTESIAN_POINT ( 'NONE',  ( -840.0000000000001137, 429.4336293856408133, 34.43362938564070674 ) ) ;
#3094 = DIRECTION ( 'NONE',  ( -1.290957005378089075E-16, -3.301778511896375126E-15, -1.000000000000000000 ) ) ;
#3095 = ORIENTED_EDGE ( 'NONE', *, *, #5826, .F. ) ;
#3096 = CIRCLE ( 'NONE', #1582, 13.00000000000001066 ) ;
#3097 = ADVANCED_FACE ( 'NONE', ( #4763 ), #6540, .F. ) ;
#3098 = CARTESIAN_POINT ( 'NONE',  ( -500.0000000000000000, 500.0000000000013074, 402.4336293856405291 ) ) ;
#3099 = DIRECTION ( 'NONE',  ( 0.000000000000000000, 4.270088556250666583E-15, 1.000000000000000000 ) ) ;
#3100 = ORIENTED_EDGE ( 'NONE', *, *, #7620, .F. ) ;
#3101 = CARTESIAN_POINT ( 'NONE',  ( -500.0000000000000000, 430.5663706143603235, 389.4336293856407565 ) ) ;
#3102 = CIRCLE ( 'NONE', #2092, 12.00000000000001066 ) ;
#3103 = VERTEX_POINT ( 'NONE', #2900 ) ;
#3104 = EDGE_CURVE ( 'NONE', #2553, #6969, #5930, .T. ) ;
#3105 = ADVANCED_FACE ( 'NONE', ( #7747 ), #6435, .T. ) ;
#3106 = VERTEX_POINT ( 'NONE', #4175 ) ;
#3107 = DIRECTION ( 'NONE',  ( 0.000000000000000000, -1.000000000000000000, 3.491481338843133355E-15 ) ) ;
#3108 = ORIENTED_EDGE ( 'NONE', *, *, #4357, .F. ) ;
#3109 = CARTESIAN_POINT ( 'NONE',  ( -7.999999999999852562, 42.25000000000070344, -31.29289321881345387 ) ) ;
#3110 =( LENGTH_UNIT ( ) NAMED_UNIT ( * ) SI_UNIT ( .MILLI., .METRE. ) );
#3111 = LINE ( 'NONE', #6725, #7480 ) ;
#3112 =( LENGTH_UNIT ( ) NAMED_UNIT ( * ) SI_UNIT ( .MILLI., .METRE. ) );
#3113 = EDGE_CURVE ( 'NONE', #353, #6969, #3419, .T. ) ;
#3114 = CARTESIAN_POINT ( 'NONE',  ( -8.679309704175144802, 7.761917670744771236, -194.2928932188135605 ) ) ;
#3115 = ORIENTED_EDGE ( 'NONE', *, *, #4647, .F. ) ;
#3116 = ORIENTED_EDGE ( 'NONE', *, *, #2620, .F. ) ;
#3117 = DIRECTION ( 'NONE',  ( -1.000000000000000000, 0.000000000000000000, -4.270088556250598741E-15 ) ) ;
#3118 = MECHANICAL_DESIGN_GEOMETRIC_PRESENTATION_REPRESENTATION (  '', ( #7682 ), #1097 ) ;
#3119 = CYLINDRICAL_SURFACE ( 'NONE', #4780, 13.00000000000001066 ) ;
#3120 = ORIENTED_EDGE ( 'NONE', *, *, #3404, .T. ) ;
#3121 = CARTESIAN_POINT ( 'NONE',  ( 0.000000000000000000, 0.000000000000000000, -8.000000000000000000 ) ) ;
#3122 = DIRECTION ( 'NONE',  ( 1.000000000000000000, 0.000000000000000000, 0.000000000000000000 ) ) ;
#3123 = EDGE_CURVE ( 'NONE', #6999, #5816, #5843, .T. ) ;
#3124 =( GEOMETRIC_REPRESENTATION_CONTEXT ( 3 ) GLOBAL_UNCERTAINTY_ASSIGNED_CONTEXT ( ( #4153 ) ) GLOBAL_UNIT_ASSIGNED_CONTEXT ( ( #4838, #6695, #1859 ) ) REPRESENTATION_CONTEXT ( 'NONE', 'WORKASPACE' ) );
#3125 = CARTESIAN_POINT ( 'NONE',  ( -840.0000000000001137, 427.4336293856408133, 34.43362938564069964 ) ) ;
#3126 = ORIENTED_EDGE ( 'NONE', *, *, #6236, .F. ) ;
#3127 = VECTOR ( 'NONE', #7200, 1000.000000000000000 ) ;
#3128 = LINE ( 'NONE', #124, #1135 ) ;
#3129 = FACE_BOUND ( 'NONE', #4339, .T. ) ;
#3130 = CIRCLE ( 'NONE', #5163, 13.00000000000001066 ) ;
#3131 = DIRECTION ( 'NONE',  ( 3.486207565248076192E-15, 0.000000000000000000, -1.000000000000000000 ) ) ;
#3132 = AXIS2_PLACEMENT_3D ( 'NONE', #4912, #7247, #7211 ) ;
#3133 = CIRCLE ( 'NONE', #1492, 13.00000000000001066 ) ;
#3134 = FACE_BOUND ( 'NONE', #2673, .T. ) ;
#3135 = EDGE_CURVE ( 'NONE', #6453, #5728, #4612, .T. ) ;
#3136 = ORIENTED_EDGE ( 'NONE', *, *, #1417, .F. ) ;
#3137 = ORIENTED_EDGE ( 'NONE', *, *, #7762, .F. ) ;
#3138 = AXIS2_PLACEMENT_3D ( 'NONE', #721, #86, #4215 ) ;
#3139 = VECTOR ( 'NONE', #5610, 1000.000000000000000 ) ;
#3140 = DIRECTION ( 'NONE',  ( -4.270088556250600319E-15, 1.000000000000000000, 0.000000000000000000 ) ) ;
#3141 = DIRECTION ( 'NONE',  ( 1.290957005378089075E-16, 3.301778511896374732E-15, 1.000000000000000000 ) ) ;
#3142 = CARTESIAN_POINT ( 'NONE',  ( -560.0000000000000000, 429.4336293856408133, 34.43362938564070674 ) ) ;
#3143 = VECTOR ( 'NONE', #782, 1000.000000000000000 ) ;
#3144 = VECTOR ( 'NONE', #7515, 1000.000000000000000 ) ;
#3145 = ORIENTED_EDGE ( 'NONE', *, *, #422, .T. ) ;
#3146 = EDGE_LOOP ( 'NONE', ( #7385, #3126 ) ) ;
#3147 = DIRECTION ( 'NONE',  ( 0.000000000000000000, -3.491481338843133355E-15, -1.000000000000000000 ) ) ;
#3148 = EDGE_LOOP ( 'NONE', ( #4157, #4171, #6298, #4751 ) ) ;
#3149 = CIRCLE ( 'NONE', #5053, 13.00000000000000533 ) ;
#3150 = CARTESIAN_POINT ( 'NONE',  ( -827.4999999999995453, 174.9999999999998863, 2.000000000000000000 ) ) ;
#3151 = DIRECTION ( 'NONE',  ( 0.000000000000000000, 0.000000000000000000, 1.000000000000000000 ) ) ;
#3152 = ADVANCED_FACE ( 'NONE', ( #1161 ), #5913, .F. ) ;
#3153 = DIRECTION ( 'NONE',  ( 1.000000000000000000, 0.000000000000000000, 0.000000000000000000 ) ) ;
#3154 = SURFACE_STYLE_USAGE ( .BOTH. , #1371 ) ;
#3155 = VECTOR ( 'NONE', #1387, 1000.000000000000000 ) ;
#3156 = DIRECTION ( 'NONE',  ( -1.000000000000000000, 0.000000000000000000, -0.000000000000000000 ) ) ;
#3157 = CARTESIAN_POINT ( 'NONE',  ( -14.36791751045990395, 1.304252366732665092, -194.2928932188136173 ) ) ;
#3158 = ORIENTED_EDGE ( 'NONE', *, *, #7326, .F. ) ;
#3159 = ORIENTED_EDGE ( 'NONE', *, *, #343, .T. ) ;
#3160 = VECTOR ( 'NONE', #4677, 1000.000000000000000 ) ;
#3161 = DIRECTION ( 'NONE',  ( -4.270088556250600319E-15, 1.000000000000000000, 0.000000000000000000 ) ) ;
#3162 = FACE_OUTER_BOUND ( 'NONE', #3675, .T. ) ;
#3163 = EDGE_CURVE ( 'NONE', #7242, #1343, #7106, .T. ) ;
#3164 = EDGE_CURVE ( 'NONE', #6592, #6310, #354, .T. ) ;
#3165 = APPLICATION_PROTOCOL_DEFINITION ( 'draft international standard', 'automotive_design', 1998, #492 ) ;
#3166 = VERTEX_POINT ( 'NONE', #2304 ) ;
#3167 = CARTESIAN_POINT ( 'NONE',  ( 3.487173069540940396E-13, 29.25000000000071410, -166.2928932188134752 ) ) ;
#3168 = AXIS2_PLACEMENT_3D ( 'NONE', #1850, #3075, #5498 ) ;
#3169 = CARTESIAN_POINT ( 'NONE',  ( -385.4999999999999432, 430.5663706143602667, 376.4336293856399607 ) ) ;
#3170 = LINE ( 'NONE', #7448, #4810 ) ;
#3171 = AXIS2_PLACEMENT_3D ( 'NONE', #2831, #2981, #1600 ) ;
#3172 = EDGE_LOOP ( 'NONE', ( #6276, #647 ) ) ;
#3173 = VERTEX_POINT ( 'NONE', #1711 ) ;
#3174 = FACE_OUTER_BOUND ( 'NONE', #3383, .T. ) ;
#3175 = PLANE ( 'NONE',  #7317 ) ;
#3176 = AXIS2_PLACEMENT_3D ( 'NONE', #413, #1677, #6437 ) ;
#3177 = CYLINDRICAL_SURFACE ( 'NONE', #2585, 13.00000000000001776 ) ;
#3178 = FACE_OUTER_BOUND ( 'NONE', #7598, .T. ) ;
#3179 = ORIENTED_EDGE ( 'NONE', *, *, #1761, .T. ) ;
#3180 = ORIENTED_EDGE ( 'NONE', *, *, #6966, .T. ) ;
#3181 = DIRECTION ( 'NONE',  ( 1.000000000000000000, 3.338921167859689429E-15, 5.916456789157586789E-31 ) ) ;
#3182 = CARTESIAN_POINT ( 'NONE',  ( -300.0000000000000000, 464.9999999999999432, -8.000000000000000000 ) ) ;
#3183 = DIRECTION ( 'NONE',  ( 0.000000000000000000, 0.000000000000000000, -1.000000000000000000 ) ) ;
#3184 = ORIENTED_EDGE ( 'NONE', *, *, #3744, .F. ) ;
#3185 = ORIENTED_EDGE ( 'NONE', *, *, #4375, .T. ) ;
#3186 = CARTESIAN_POINT ( 'NONE',  ( -1042.499999999996589, 47.43362938564094122, 69.43362938564074227 ) ) ;
#3187 = ORIENTED_EDGE ( 'NONE', *, *, #5566, .T. ) ;
#3188 = DIRECTION ( 'NONE',  ( -0.000000000000000000, -0.000000000000000000, -1.000000000000000000 ) ) ;
#3189 = EDGE_CURVE ( 'NONE', #3379, #2461, #5416, .T. ) ;
#3190 = DIRECTION ( 'NONE',  ( -1.000000000000000000, 0.000000000000000000, 0.000000000000000000 ) ) ;
#3191 = DIRECTION ( 'NONE',  ( -0.000000000000000000, -0.000000000000000000, -1.000000000000000000 ) ) ;
#3192 = CARTESIAN_POINT ( 'NONE',  ( -8.000000000000000000, 60.00000000000000000, 147.5000000000031832 ) ) ;
#3193 = CARTESIAN_POINT ( 'NONE',  ( -560.0000000000000000, 464.9999999999998863, 429.4336293856406996 ) ) ;
#3194 = ORIENTED_EDGE ( 'NONE', *, *, #3797, .F. ) ;
#3195 = ADVANCED_FACE ( 'NONE', ( #4365 ), #7253, .F. ) ;
#3196 = ORIENTED_EDGE ( 'NONE', *, *, #13, .T. ) ;
#3197 = CARTESIAN_POINT ( 'NONE',  ( -372.4999999999999432, 39.99999999999987210, 0.000000000000000000 ) ) ;
#3198 = SHAPE_DEFINITION_REPRESENTATION ( #2385, #1641 ) ;
#3199 = ORIENTED_EDGE ( 'NONE', *, *, #3580, .F. ) ;
#3200 = CARTESIAN_POINT ( 'NONE',  ( -77.50000000000324007, 47.43362938564082754, -8.000000000000000000 ) ) ;
#3201 = PLANE ( 'NONE',  #3418 ) ;
#3202 = CARTESIAN_POINT ( 'NONE',  ( -20.70710678118654258, -8.000000000000000000, -194.2928932188135320 ) ) ;
#3203 = VERTEX_POINT ( 'NONE', #3662 ) ;
#3204 = EDGE_CURVE ( 'NONE', #5341, #1313, #4915, .T. ) ;
#3205 = ADVANCED_FACE ( 'NONE', ( #4293 ), #1231, .F. ) ;
#3206 = SHAPE_REPRESENTATION ( 'C-Channel', ( #2120 ), #5296 ) ;
#3207 = LINE ( 'NONE', #195, #5442 ) ;
#3208 = CARTESIAN_POINT ( 'NONE',  ( -144.4999999999987494, 430.5663706143603235, 382.0000000000001705 ) ) ;
#3209 = DIRECTION ( 'NONE',  ( -1.000000000000000000, 0.000000000000000000, -3.486207565248076192E-15 ) ) ;
#3210 = CARTESIAN_POINT ( 'NONE',  ( -1200.000000000000000, -1.469576158976823797E-13, -8.000000000000000000 ) ) ;
#3211 = DIRECTION ( 'NONE',  ( 1.000000000000000000, 0.000000000000000000, 0.000000000000000000 ) ) ;
#3212 = VERTEX_POINT ( 'NONE', #4962 ) ;
#3213 = ORIENTED_EDGE ( 'NONE', *, *, #6704, .T. ) ;
#3214 = AXIS2_PLACEMENT_3D ( 'NONE', #1357, #6200, #778 ) ;
#3215 = CARTESIAN_POINT ( 'NONE',  ( -814.5000000000000000, 39.99999999999987210, 0.000000000000000000 ) ) ;
#3216 = DIRECTION ( 'NONE',  ( -0.000000000000000000, -0.000000000000000000, -1.000000000000000000 ) ) ;
#3217 = FACE_OUTER_BOUND ( 'NONE', #6085, .T. ) ;
#3218 = CIRCLE ( 'NONE', #1831, 13.00000000000001066 ) ;
#3219 = VERTEX_POINT ( 'NONE', #3775 ) ;
#3220 = EDGE_CURVE ( 'NONE', #7608, #4045, #6078, .T. ) ;
#3221 = AXIS2_PLACEMENT_3D ( 'NONE', #1899, #6769, #2486 ) ;
#3222 = EDGE_LOOP ( 'NONE', ( #1247, #3100, #6424, #5568, #7434, #6833 ) ) ;
#3223 = DIRECTION ( 'NONE',  ( 0.000000000000000000, -0.000000000000000000, 1.000000000000000000 ) ) ;
#3224 = ORIENTED_EDGE ( 'NONE', *, *, #6380, .T. ) ;
#3225 = LINE ( 'NONE', #7596, #1739 ) ;
#3226 = CARTESIAN_POINT ( 'NONE',  ( 207.0000000000000000, 0.000000000000000000, 215.0000000000007105 ) ) ;
#3227 = CARTESIAN_POINT ( 'NONE',  ( -687.0000000000000000, 39.99999999999987210, 2.000000000000000000 ) ) ;
#3228 = CARTESIAN_POINT ( 'NONE',  ( -560.0000000000000000, 464.9999999999998863, -8.000000000000000000 ) ) ;
#3229 = EDGE_CURVE ( 'NONE', #3462, #78, #6664, .T. ) ;
#3230 = CYLINDRICAL_SURFACE ( 'NONE', #6209, 13.00000000000000533 ) ;
#3231 = ORIENTED_EDGE ( 'NONE', *, *, #6882, .T. ) ;
#3232 = DIRECTION ( 'NONE',  ( -1.000000000000000000, -0.000000000000000000, -0.000000000000000000 ) ) ;
#3233 = ORIENTED_EDGE ( 'NONE', *, *, #2814, .T. ) ;
#3234 = CARTESIAN_POINT ( 'NONE',  ( -1135.500000000000227, 422.5663706143592435, 72.00000000000014211 ) ) ;
#3235 = PRODUCT_CONTEXT ( 'NONE', #1706, 'mechanical' ) ;
#3236 = PRODUCT_DEFINITION ( 'UNKNOWN', '', #5655, #5819 ) ;
#3237 = ORIENTED_EDGE ( 'NONE', *, *, #5970, .F. ) ;
#3238 = CARTESIAN_POINT ( 'NONE',  ( -1055.500000000001137, 500.0000000000011937, 369.0000000000000568 ) ) ;
#3239 = CARTESIAN_POINT ( 'NONE',  ( -215.0000000000000284, 11.99999999999993072, -206.2928932188134752 ) ) ;
#3240 = CARTESIAN_POINT ( 'NONE',  ( -157.5000000000032401, 47.43362938564082754, -8.000000000000000000 ) ) ;
#3241 = VERTEX_POINT ( 'NONE', #125 ) ;
#3242 =( GEOMETRIC_REPRESENTATION_CONTEXT ( 3 ) GLOBAL_UNCERTAINTY_ASSIGNED_CONTEXT ( ( #3598 ) ) GLOBAL_UNIT_ASSIGNED_CONTEXT ( ( #2679, #2965, #3046 ) ) REPRESENTATION_CONTEXT ( 'NONE', 'WORKASPACE' ) );
#3243 = DIRECTION ( 'NONE',  ( -1.000000000000000000, 0.000000000000000000, 0.000000000000000000 ) ) ;
#3244 = DIRECTION ( 'NONE',  ( -0.000000000000000000, -1.000000000000000000, 3.491481338843133355E-15 ) ) ;
#3245 = ORIENTED_EDGE ( 'NONE', *, *, #4857, .F. ) ;
#3246 = ADVANCED_FACE ( 'NONE', ( #3054, #765, #6706, #719, #5513 ), #5476, .F. ) ;
#3247 = ADVANCED_FACE ( 'NONE', ( #7292, #3129, #1275, #685, #3704 ), #3175, .T. ) ;
#3248 = DIRECTION ( 'NONE',  ( 0.000000000000000000, -4.270088556250671316E-15, -1.000000000000000000 ) ) ;
#3249 = CARTESIAN_POINT ( 'NONE',  ( -1135.499999999996817, 47.43362938564096254, 69.43362938564074227 ) ) ;
#3250 = ORIENTED_EDGE ( 'NONE', *, *, #2314, .F. ) ;
#3251 = VERTEX_POINT ( 'NONE', #602 ) ;
#3252 = DIRECTION ( 'NONE',  ( 1.000000000000000000, 0.000000000000000000, 0.000000000000000000 ) ) ;
#3253 = VECTOR ( 'NONE', #7313, 1000.000000000000000 ) ;
#3254 = CARTESIAN_POINT ( 'NONE',  ( -20.70710678118653547, 10.62315297300361472, -206.9207504908144131 ) ) ;
#3255 = CARTESIAN_POINT ( 'NONE',  ( -8.707106781186519484, 11.99999999999986144, -215.0000000000000284 ) ) ;
#3256 = ADVANCED_FACE ( 'NONE', ( #7819 ), #5436, .F. ) ;
#3257 = EDGE_CURVE ( 'NONE', #63, #6334, #7439, .T. ) ;
#3258 = AXIS2_PLACEMENT_3D ( 'NONE', #4721, #1702, #1669 ) ;
#3259 = AXIS2_PLACEMENT_3D ( 'NONE', #3649, #7332, #41 ) ;
#3260 = EDGE_LOOP ( 'NONE', ( #2144, #4714, #816, #857 ) ) ;
#3261 = AXIS2_PLACEMENT_3D ( 'NONE', #1432, #290, #3859 ) ;
#3262 = ORIENTED_EDGE ( 'NONE', *, *, #3841, .T. ) ;
#3263 = FACE_OUTER_BOUND ( 'NONE', #3362, .T. ) ;
#3264 = ORIENTED_EDGE ( 'NONE', *, *, #3781, .F. ) ;
#3265 = CARTESIAN_POINT ( 'NONE',  ( 166.9999999999999716, 370.0000000000000568, -7.216449660063517513E-13 ) ) ;
#3266 = VECTOR ( 'NONE', #5226, 1000.000000000000000 ) ;
#3267 = CYLINDRICAL_SURFACE ( 'NONE', #2957, 13.00000000000001066 ) ;
#3268 = ORIENTED_EDGE ( 'NONE', *, *, #4827, .F. ) ;
#3269 = AXIS2_PLACEMENT_3D ( 'NONE', #3208, #3244, #3888 ) ;
#3270 = PLANE ( 'NONE',  #2920 ) ;
#3271 = DIRECTION ( 'NONE',  ( -3.301778511896374732E-15, 1.000000000000000000, 0.000000000000000000 ) ) ;
#3272 = DIRECTION ( 'NONE',  ( 1.000000000000000000, -0.000000000000000000, -0.000000000000000000 ) ) ;
#3273 = AXIS2_PLACEMENT_3D ( 'NONE', #3215, #289, #6273 ) ;
#3274 = ORIENTED_EDGE ( 'NONE', *, *, #2715, .F. ) ;
#3275 = CIRCLE ( 'NONE', #117, 13.00000000000001066 ) ;
#3276 = CARTESIAN_POINT ( 'NONE',  ( -1135.500000000001364, 500.0000000000011937, 381.9999999999998295 ) ) ;
#3277 = ORIENTED_EDGE ( 'NONE', *, *, #3796, .T. ) ;
#3278 = DIRECTION ( 'NONE',  ( -1.000000000000000000, -3.338921167859689429E-15, -5.916456789157586789E-31 ) ) ;
#3279 = AXIS2_PLACEMENT_3D ( 'NONE', #7818, #4802, #2494 ) ;
#3280 = ORIENTED_EDGE ( 'NONE', *, *, #2336, .F. ) ;
#3281 = DIRECTION ( 'NONE',  ( 1.000000000000000000, 0.000000000000000000, 0.000000000000000000 ) ) ;
#3282 = DIRECTION ( 'NONE',  ( 0.000000000000000000, 0.000000000000000000, -1.000000000000000000 ) ) ;
#3283 = CARTESIAN_POINT ( 'NONE',  ( -48.70710678118651771, 29.25000000000000000, -215.0000000000000853 ) ) ;
#3284 = AXIS2_PLACEMENT_3D ( 'NONE', #5899, #3563, #2845 ) ;
#3285 = VERTEX_POINT ( 'NONE', #1827 ) ;
#3286 = COLOUR_RGB ( '',0.7921568627450980005, 0.8196078431372548767, 0.9333333333333333481 ) ;
#3287 = DIRECTION ( 'NONE',  ( 1.000000000000000000, 0.000000000000000000, 0.000000000000000000 ) ) ;
#3288 = DIRECTION ( 'NONE',  ( 0.000000000000000000, 0.000000000000000000, 1.000000000000000000 ) ) ;
#3289 = ORIENTED_EDGE ( 'NONE', *, *, #5481, .F. ) ;
#3290 = EDGE_CURVE ( 'NONE', #3510, #4479, #2255, .T. ) ;
#3291 = VECTOR ( 'NONE', #6249, 1000.000000000000000 ) ;
#3292 = CARTESIAN_POINT ( 'NONE',  ( -1200.000000000000000, 422.5663706143604941, 429.4336293856406996 ) ) ;
#3293 = AXIS2_PLACEMENT_3D ( 'NONE', #1255, #3191, #6171 ) ;
#3294 = DIRECTION ( 'NONE',  ( 0.000000000000000000, 0.000000000000000000, 1.000000000000000000 ) ) ;
#3295 = ORIENTED_EDGE ( 'NONE', *, *, #6502, .F. ) ;
#3296 = VERTEX_POINT ( 'NONE', #4330 ) ;
#3297 = EDGE_CURVE ( 'NONE', #1385, #6445, #3617, .T. ) ;
#3298 = CARTESIAN_POINT ( 'NONE',  ( -206.2928932188135889, 11.54003799752372750, -207.0000000000000284 ) ) ;
#3299 = AXIS2_PLACEMENT_3D ( 'NONE', #4347, #6762, #3153 ) ;
#3300 = CARTESIAN_POINT ( 'NONE',  ( 0.000000000000000000, 417.4336293856408133, -8.000000000000000000 ) ) ;
#3301 = AXIS2_PLACEMENT_3D ( 'NONE', #5373, #5338, #4667 ) ;
#3302 = DIRECTION ( 'NONE',  ( 3.491481338843134144E-15, -0.000000000000000000, 1.000000000000000000 ) ) ;
#3303 = ORIENTED_EDGE ( 'NONE', *, *, #6380, .F. ) ;
#3304 = ORIENTED_EDGE ( 'NONE', *, *, #3697, .T. ) ;
#3305 = EDGE_CURVE ( 'NONE', #4971, #5874, #3738, .T. ) ;
#3306 = EDGE_CURVE ( 'NONE', #6310, #6592, #4406, .T. ) ;
#3307 = CARTESIAN_POINT ( 'NONE',  ( -814.5000000000000000, 39.99999999999987210, 0.000000000000000000 ) ) ;
#3308 = ORIENTED_EDGE ( 'NONE', *, *, #2359, .T. ) ;
#3309 = CARTESIAN_POINT ( 'NONE',  ( -487.0000000000004547, 174.9999999999998863, -8.000000000000000000 ) ) ;
#3310 = CARTESIAN_POINT ( 'NONE',  ( 0.000000000000000000, 417.4336293856407565, 0.000000000000000000 ) ) ;
#3311 = FACE_OUTER_BOUND ( 'NONE', #2224, .T. ) ;
#3312 = EDGE_LOOP ( 'NONE', ( #3610, #6008, #35, #3120 ) ) ;
#3313 = DIRECTION ( 'NONE',  ( 0.000000000000000000, -1.000000000000000000, -3.491481338843133355E-15 ) ) ;
#3314 = DIRECTION ( 'NONE',  ( 0.000000000000000000, -4.270088556250591641E-15, 1.000000000000000000 ) ) ;
#3315 = ORIENTED_EDGE ( 'NONE', *, *, #4774, .F. ) ;
#3316 = ADVANCED_FACE ( 'NONE', ( #6383 ), #4996, .F. ) ;
#3317 = CARTESIAN_POINT ( 'NONE',  ( -206.2928932188135605, 11.99999999999987210, -195.0000000000000000 ) ) ;
#3318 = ORIENTED_EDGE ( 'NONE', *, *, #4118, .F. ) ;
#3319 = EDGE_LOOP ( 'NONE', ( #5684, #2067, #5866, #7543 ) ) ;
#3320 = CARTESIAN_POINT ( 'NONE',  ( -207.0000000000001421, 42.25000000000004974, -31.29289321881345387 ) ) ;
#3321 = DIRECTION ( 'NONE',  ( 1.000000000000000000, 3.301778511896375126E-15, 0.000000000000000000 ) ) ;
#3322 = EDGE_LOOP ( 'NONE', ( #3415, #403, #6149, #7069 ) ) ;
#3323 = CARTESIAN_POINT ( 'NONE',  ( -899.9999999999998863, 464.9999999999998863, -8.000000000000000000 ) ) ;
#3324 = VERTEX_POINT ( 'NONE', #3328 ) ;
#3325 = ADVANCED_FACE ( 'NONE', ( #6975 ), #6301, .F. ) ;
#3326 = VERTEX_POINT ( 'NONE', #2574 ) ;
#3327 = PRESENTATION_STYLE_ASSIGNMENT (( #5153 ) ) ;
#3328 = CARTESIAN_POINT ( 'NONE',  ( -1068.499999999999773, 357.4336293856409270, -8.000000000000000000 ) ) ;
#3329 = DIRECTION ( 'NONE',  ( 0.000000000000000000, 0.000000000000000000, -1.000000000000000000 ) ) ;
#3330 = ORIENTED_EDGE ( 'NONE', *, *, #5282, .T. ) ;
#3331 = DIRECTION ( 'NONE',  ( 3.486207565248076192E-15, 0.000000000000000000, -1.000000000000000000 ) ) ;
#3332 = DIRECTION ( 'NONE',  ( -0.000000000000000000, -0.000000000000000000, 1.000000000000000000 ) ) ;
#3333 = EDGE_LOOP ( 'NONE', ( #808, #2130, #1447, #7570 ) ) ;
#3334 = ORIENTED_EDGE ( 'NONE', *, *, #2834, .T. ) ;
#3335 = EDGE_CURVE ( 'NONE', #676, #7324, #612, .T. ) ;
#3336 = FACE_OUTER_BOUND ( 'NONE', #1061, .T. ) ;
#3337 = DIRECTION ( 'NONE',  ( -1.000000000000000000, 0.000000000000000000, 0.000000000000000000 ) ) ;
#3338 = CARTESIAN_POINT ( 'NONE',  ( 0.000000000000000000, 0.000000000000000000, 0.000000000000000000 ) ) ;
#3339 = EDGE_CURVE ( 'NONE', #5232, #919, #6347, .T. ) ;
#3340 = ORIENTED_EDGE ( 'NONE', *, *, #1994, .F. ) ;
#3341 = CIRCLE ( 'NONE', #51, 13.00000000000001066 ) ;
#3342 = CARTESIAN_POINT ( 'NONE',  ( -64.49999999999977263, 430.5663706143591298, 59.00000000000039790 ) ) ;
#3343 = ORIENTED_EDGE ( 'NONE', *, *, #5522, .F. ) ;
#3344 = LINE ( 'NONE', #1088, #3937 ) ;
#3345 = CARTESIAN_POINT ( 'NONE',  ( 3.482344524265709458E-13, 29.25000000000071410, -166.2928932188134752 ) ) ;
#3346 = CARTESIAN_POINT ( 'NONE',  ( 0.000000000000000000, 430.5663706143590161, 12.00000000000001066 ) ) ;
#3347 = ORIENTED_EDGE ( 'NONE', *, *, #530, .F. ) ;
#3348 = EDGE_CURVE ( 'NONE', #434, #3065, #1462, .T. ) ;
#3349 = ADVANCED_FACE ( 'NONE', ( #1504 ), #7537, .F. ) ;
#3350 = DIRECTION ( 'NONE',  ( 0.000000000000000000, -1.000000000000000000, 3.491481338843133355E-15 ) ) ;
#3351 = DIRECTION ( 'NONE',  ( 0.000000000000000000, 0.000000000000000000, 1.000000000000000000 ) ) ;
#3352 = CIRCLE ( 'NONE', #4372, 13.00000000000001066 ) ;
#3353 = VERTEX_POINT ( 'NONE', #1388 ) ;
#3354 = MANIFOLD_SOLID_BREP ( 'Cut-Extrude2', #4625 ) ;
#3355 = FACE_OUTER_BOUND ( 'NONE', #1342, .T. ) ;
#3356 = ORIENTED_EDGE ( 'NONE', *, *, #144, .F. ) ;
#3357 = PRODUCT_DEFINITION_CONTEXT ( 'detailed design', #2163, 'design' ) ;
#3358 = ORIENTED_EDGE ( 'NONE', *, *, #6761, .T. ) ;
#3359 = EDGE_CURVE ( 'NONE', #6867, #1343, #4402, .T. ) ;
#3360 = CARTESIAN_POINT ( 'NONE',  ( 0.000000000000000000, 437.4336293856378006, 12.00000000000006573 ) ) ;
#3361 = DIRECTION ( 'NONE',  ( 0.000000000000000000, -1.000000000000000000, 3.491481338843133355E-15 ) ) ;
#3362 = EDGE_LOOP ( 'NONE', ( #4679, #2054, #3262, #3681 ) ) ;
#3363 = CARTESIAN_POINT ( 'NONE',  ( -64.50000000000324007, 47.43362938564082754, -8.000000000000000000 ) ) ;
#3364 = EDGE_LOOP ( 'NONE', ( #7233, #2579 ) ) ;
#3365 = VERTEX_POINT ( 'NONE', #5154 ) ;
#3366 = ORIENTED_EDGE ( 'NONE', *, *, #1309, .F. ) ;
#3367 = ORIENTED_EDGE ( 'NONE', *, *, #4527, .F. ) ;
#3368 = EDGE_CURVE ( 'NONE', #7603, #1603, #2760, .T. ) ;
#3369 = DIRECTION ( 'NONE',  ( 0.000000000000000000, 0.000000000000000000, -1.000000000000000000 ) ) ;
#3370 = DIRECTION ( 'NONE',  ( 1.000000000000000000, 0.000000000000000000, -1.152819845712009823E-16 ) ) ;
#3371 = ORIENTED_EDGE ( 'NONE', *, *, #7526, .F. ) ;
#3372 = ORIENTED_EDGE ( 'NONE', *, *, #2125, .F. ) ;
#3373 = DIRECTION ( 'NONE',  ( 0.000000000000000000, -0.000000000000000000, 1.000000000000000000 ) ) ;
#3374 = LINE ( 'NONE', #6313, #3513 ) ;
#3375 = CARTESIAN_POINT ( 'NONE',  ( 207.0000000000000284, 60.00000000000000000, 67.50000000000319744 ) ) ;
#3376 = EDGE_CURVE ( 'NONE', #3923, #6410, #2609, .T. ) ;
#3377 = ORIENTED_EDGE ( 'NONE', *, *, #6391, .T. ) ;
#3378 = CARTESIAN_POINT ( 'NONE',  ( -20.70710678118653902, -8.000000000000069278, -195.0000000000000000 ) ) ;
#3379 = VERTEX_POINT ( 'NONE', #4563 ) ;
#3380 = DIRECTION ( 'NONE',  ( 0.000000000000000000, 0.000000000000000000, 1.000000000000000000 ) ) ;
#3381 = LINE ( 'NONE', #4582, #7060 ) ;
#3382 = FACE_OUTER_BOUND ( 'NONE', #4505, .T. ) ;
#3383 = EDGE_LOOP ( 'NONE', ( #4087, #5652, #5376, #4553 ) ) ;
#3384 = AXIS2_PLACEMENT_3D ( 'NONE', #3109, #3831, #4939 ) ;
#3385 = AXIS2_PLACEMENT_3D ( 'NONE', #1154, #79, #5952 ) ;
#3386 = VECTOR ( 'NONE', #6031, 1000.000000000000000 ) ;
#3387 = CARTESIAN_POINT ( 'NONE',  ( -1068.499999999996817, 47.43362938564094122, 0.000000000000000000 ) ) ;
#3388 = CARTESIAN_POINT ( 'NONE',  ( -300.0000000000000568, 499.9999999999998863, -8.000000000000000000 ) ) ;
#3389 = EDGE_LOOP ( 'NONE', ( #7094, #7290, #2591, #4224 ) ) ;
#3390 = DIRECTION ( 'NONE',  ( -1.000000000000000000, 0.000000000000000000, -0.000000000000000000 ) ) ;
#3391 = EDGE_LOOP ( 'NONE', ( #7161, #3995 ) ) ;
#3392 = VECTOR ( 'NONE', #5871, 1000.000000000000000 ) ;
#3393 = EDGE_CURVE ( 'NONE', #1334, #4479, #3814, .T. ) ;
#3394 = ORIENTED_EDGE ( 'NONE', *, *, #7669, .T. ) ;
#3395 = CARTESIAN_POINT ( 'NONE',  ( -10.00000000000000000, -8.000000000000000000, -9.999999999999998224 ) ) ;
#3396 = AXIS2_PLACEMENT_3D ( 'NONE', #2942, #2233, #7071 ) ;
#3397 = CYLINDRICAL_SURFACE ( 'NONE', #6919, 13.00000000000000533 ) ;
#3398 = ORIENTED_EDGE ( 'NONE', *, *, #7799, .F. ) ;
#3399 = CARTESIAN_POINT ( 'NONE',  ( -204.9999999999999432, -8.000000000000000000, 2.363280683709619247E-14 ) ) ;
#3400 = EDGE_LOOP ( 'NONE', ( #898, #2872, #2415, #7542 ) ) ;
#3401 = ORIENTED_EDGE ( 'NONE', *, *, #189, .F. ) ;
#3402 = VECTOR ( 'NONE', #4093, 1000.000000000000000 ) ;
#3403 = EDGE_CURVE ( 'NONE', #6499, #7126, #1880, .T. ) ;
#3404 = EDGE_CURVE ( 'NONE', #295, #772, #6689, .T. ) ;
#3405 = SURFACE_STYLE_FILL_AREA ( #358 ) ;
#3406 = VECTOR ( 'NONE', #7671, 1000.000000000000000 ) ;
#3407 = DIRECTION ( 'NONE',  ( -0.7071067811865476838, -2.468850131082265344E-15, 0.7071067811865473507 ) ) ;
#3408 = DIRECTION ( 'NONE',  ( 0.000000000000000000, 4.270088556250666583E-15, 1.000000000000000000 ) ) ;
#3409 = ORIENTED_EDGE ( 'NONE', *, *, #3071, .T. ) ;
#3410 = LINE ( 'NONE', #5835, #3902 ) ;
#3411 = AXIS2_PLACEMENT_3D ( 'NONE', #3125, #2606, #798 ) ;
#3412 = DIRECTION ( 'NONE',  ( 0.000000000000000000, -1.000000000000000000, 0.000000000000000000 ) ) ;
#3413 = VECTOR ( 'NONE', #280, 1000.000000000000000 ) ;
#3414 = ORIENTED_EDGE ( 'NONE', *, *, #4546, .F. ) ;
#3415 = ORIENTED_EDGE ( 'NONE', *, *, #4458, .T. ) ;
#3416 = EDGE_CURVE ( 'NONE', #2950, #4706, #4781, .T. ) ;
#3417 = CARTESIAN_POINT ( 'NONE',  ( -207.0000000000001990, 67.25000000000002842, 2.739915825713870881E-14 ) ) ;
#3418 = AXIS2_PLACEMENT_3D ( 'NONE', #6224, #192, #644 ) ;
#3419 = LINE ( 'NONE', #2228, #868 ) ;
#3420 = VECTOR ( 'NONE', #5725, 1000.000000000000000 ) ;
#3421 = DIRECTION ( 'NONE',  ( 0.000000000000000000, 0.000000000000000000, 1.000000000000000000 ) ) ;
#3422 = DIRECTION ( 'NONE',  ( 0.000000000000000000, 0.000000000000000000, 1.000000000000000000 ) ) ;
#3423 = AXIS2_PLACEMENT_3D ( 'NONE', #6069, #7288, #797 ) ;
#3424 = ORIENTED_EDGE ( 'NONE', *, *, #5247, .T. ) ;
#3425 = VECTOR ( 'NONE', #2868, 1000.000000000000000 ) ;
#3426 = EDGE_CURVE ( 'NONE', #6822, #397, #6052, .T. ) ;
#3427 = CARTESIAN_POINT ( 'NONE',  ( 4.410368199450331282E-29, -1.530005414238173027E-14, -206.2928932188135605 ) ) ;
#3428 = ORIENTED_EDGE ( 'NONE', *, *, #3752, .F. ) ;
#3429 = FACE_OUTER_BOUND ( 'NONE', #5715, .T. ) ;
#3430 = CARTESIAN_POINT ( 'NONE',  ( -8.000000000000000000, 370.0000000000000000, 160.4999999999999716 ) ) ;
#3431 = CARTESIAN_POINT ( 'NONE',  ( -144.5000000000000284, 357.4336293856408133, -8.000000000000000000 ) ) ;
#3432 = LINE ( 'NONE', #5096, #2075 ) ;
#3433 = ORIENTED_EDGE ( 'NONE', *, *, #6194, .T. ) ;
#3434 = FACE_OUTER_BOUND ( 'NONE', #846, .T. ) ;
#3435 = DIRECTION ( 'NONE',  ( 1.000000000000000000, 0.000000000000000000, 0.000000000000000000 ) ) ;
#3436 = ORIENTED_EDGE ( 'NONE', *, *, #3788, .F. ) ;
#3437 = EDGE_CURVE ( 'NONE', #6490, #3353, #4921, .T. ) ;
#3438 = DIRECTION ( 'NONE',  ( -0.000000000000000000, -1.000000000000000000, -0.000000000000000000 ) ) ;
#3439 = ORIENTED_EDGE ( 'NONE', *, *, #6986, .T. ) ;
#3440 = CARTESIAN_POINT ( 'NONE',  ( -300.0000000000000568, 499.9999999999998863, -8.000000000000000000 ) ) ;
#3441 = CARTESIAN_POINT ( 'NONE',  ( -560.0000000000000000, 464.9999999999998863, 429.4336293856406996 ) ) ;
#3442 = EDGE_CURVE ( 'NONE', #1724, #3741, #2219, .T. ) ;
#3443 = ORIENTED_EDGE ( 'NONE', *, *, #2280, .F. ) ;
#3444 = CARTESIAN_POINT ( 'NONE',  ( -899.9999999999998863, 499.9999999999998863, -8.000000000000000000 ) ) ;
#3445 = EDGE_LOOP ( 'NONE', ( #1851, #5046 ) ) ;
#3446 = ORIENTED_EDGE ( 'NONE', *, *, #699, .T. ) ;
#3447 = CARTESIAN_POINT ( 'NONE',  ( -1055.499999999999773, 357.4336293856409270, -8.000000000000000000 ) ) ;
#3448 = AXIS2_PLACEMENT_3D ( 'NONE', #1134, #7794, #2947 ) ;
#3449 = CARTESIAN_POINT ( 'NONE',  ( -360.0000000000000568, 429.4336293856407565, 47.43362938564074227 ) ) ;
#3450 = VERTEX_POINT ( 'NONE', #1583 ) ;
#3451 = CARTESIAN_POINT ( 'NONE',  ( -360.0000000000000568, 437.4336293856408702, 21.43362938564070319 ) ) ;
#3452 = ADVANCED_FACE ( 'NONE', ( #4862 ), #1844, .F. ) ;
#3453 = ADVANCED_FACE ( 'NONE', ( #5458 ), #4050, .T. ) ;
#3454 = CARTESIAN_POINT ( 'NONE',  ( -214.8679174846906506, 9.705254955005980122, -194.2928932188135036 ) ) ;
#3455 = ORIENTED_EDGE ( 'NONE', *, *, #5205, .F. ) ;
#3456 = ORIENTED_EDGE ( 'NONE', *, *, #4431, .F. ) ;
#3457 = CARTESIAN_POINT ( 'NONE',  ( -852.9999999999998863, 464.9999999999998863, -8.000000000000000000 ) ) ;
#3458 = DIRECTION ( 'NONE',  ( 0.000000000000000000, -0.000000000000000000, 1.000000000000000000 ) ) ;
#3459 = DIRECTION ( 'NONE',  ( -0.000000000000000000, -0.000000000000000000, -1.000000000000000000 ) ) ;
#3460 = CARTESIAN_POINT ( 'NONE',  ( 100.0000000000032259, 59.99999999999949551, 215.0000000000000000 ) ) ;
#3461 = EDGE_CURVE ( 'NONE', #5239, #4571, #1771, .T. ) ;
#3462 = VERTEX_POINT ( 'NONE', #7238 ) ;
#3463 = CARTESIAN_POINT ( 'NONE',  ( -144.5000000000000284, 357.4336293856408133, 0.000000000000000000 ) ) ;
#3464 = DIRECTION ( 'NONE',  ( 0.000000000000000000, 0.000000000000000000, 1.000000000000000000 ) ) ;
#3465 = DIRECTION ( 'NONE',  ( 0.000000000000000000, 0.000000000000000000, -1.000000000000000000 ) ) ;
#3466 = DIRECTION ( 'NONE',  ( -0.000000000000000000, -1.000000000000000000, -0.000000000000000000 ) ) ;
#3467 = DIRECTION ( 'NONE',  ( -1.000000000000000000, 0.000000000000000000, 0.000000000000000000 ) ) ;
#3468 = AXIS2_PLACEMENT_3D ( 'NONE', #4495, #963, #327 ) ;
#3469 = EDGE_CURVE ( 'NONE', #6748, #1603, #5199, .T. ) ;
#3470 = CYLINDRICAL_SURFACE ( 'NONE', #3448, 13.00000000000001066 ) ;
#3471 = EDGE_LOOP ( 'NONE', ( #4192, #1113, #2112, #7523 ) ) ;
#3472 = MANIFOLD_SOLID_BREP ( 'Cut-Extrude4', #1596 ) ;
#3473 = CARTESIAN_POINT ( 'NONE',  ( 0.000000000000000000, -8.000000000000000000, -194.2928932188135320 ) ) ;
#3474 = VERTEX_POINT ( 'NONE', #4601 ) ;
#3475 = LINE ( 'NONE', #7690, #4191 ) ;
#3476 = EDGE_CURVE ( 'NONE', #7005, #3510, #2812, .T. ) ;
#3477 = CARTESIAN_POINT ( 'NONE',  ( -1055.499999999999773, 357.4336293856409270, 69.43362938564074227 ) ) ;
#3478 = ADVANCED_FACE ( 'NONE', ( #5415 ), #4198, .T. ) ;
#3479 = VECTOR ( 'NONE', #1868, 1000.000000000000000 ) ;
#3480 = CARTESIAN_POINT ( 'NONE',  ( -50.24999999999972289, 0.000000000000000000, -157.5857864376220050 ) ) ;
#3481 = DIRECTION ( 'NONE',  ( -0.000000000000000000, -1.000000000000000000, -0.000000000000000000 ) ) ;
#3482 = ORIENTED_EDGE ( 'NONE', *, *, #1537, .F. ) ;
#3483 = ORIENTED_EDGE ( 'NONE', *, *, #3580, .T. ) ;
#3484 = CARTESIAN_POINT ( 'NONE',  ( 11.99999999999995737, 430.0000000000000000, 19.99999999999995737 ) ) ;
#3485 = CIRCLE ( 'NONE', #5127, 13.00000000000012257 ) ;
#3486 = CARTESIAN_POINT ( 'NONE',  ( -48.70710678118648929, 42.25000000000071054, 1.387778780781445676E-13 ) ) ;
#3487 = ORIENTED_EDGE ( 'NONE', *, *, #4254, .T. ) ;
#3488 = DIRECTION ( 'NONE',  ( 0.000000000000000000, 1.000000000000000000, 0.000000000000000000 ) ) ;
#3489 = CARTESIAN_POINT ( 'NONE',  ( -1135.500000000001364, 422.5663706143603804, 394.9999999999998863 ) ) ;
#3490 = ORIENTED_EDGE ( 'NONE', *, *, #7325, .T. ) ;
#3491 = VERTEX_POINT ( 'NONE', #3594 ) ;
#3492 = DIRECTION ( 'NONE',  ( -0.000000000000000000, -1.000000000000000000, 3.491481338843133355E-15 ) ) ;
#3493 = CARTESIAN_POINT ( 'NONE',  ( -5.551115123125782702E-14, 0.000000000000000000, 195.0000000000000000 ) ) ;
#3494 = ADVANCED_FACE ( 'NONE', ( #582, #2990, #2401 ), #6208, .T. ) ;
#3495 = FACE_BOUND ( 'NONE', #432, .T. ) ;
#3496 = DIRECTION ( 'NONE',  ( 0.9933958742345312398, 0.1147372522497006747, -0.000000000000000000 ) ) ;
#3497 = ORIENTED_EDGE ( 'NONE', *, *, #3220, .T. ) ;
#3498 = FACE_OUTER_BOUND ( 'NONE', #556, .T. ) ;
#3499 = STYLED_ITEM ( 'NONE', ( #6135 ), #284 ) ;
#3500 = DIRECTION ( 'NONE',  ( 0.000000000000000000, -4.270088556250591641E-15, 1.000000000000000000 ) ) ;
#3501 = EDGE_CURVE ( 'NONE', #3767, #2758, #5675, .T. ) ;
#3502 = CARTESIAN_POINT ( 'NONE',  ( -166.2928932188135605, 42.25000000000002842, -207.0000000000001137 ) ) ;
#3503 = CARTESIAN_POINT ( 'NONE',  ( 73.99999999999998579, 369.9999999999994884, 7.999999999999741540 ) ) ;
#3504 = EDGE_CURVE ( 'NONE', #4121, #176, #1123, .T. ) ;
#3505 = FACE_BOUND ( 'NONE', #2008, .T. ) ;
#3506 = DIRECTION ( 'NONE',  ( -0.000000000000000000, -0.000000000000000000, -1.000000000000000000 ) ) ;
#3507 = VECTOR ( 'NONE', #4712, 1000.000000000000000 ) ;
#3508 = ORIENTED_EDGE ( 'NONE', *, *, #5118, .T. ) ;
#3509 = DIRECTION ( 'NONE',  ( 0.000000000000000000, 0.000000000000000000, -1.000000000000000000 ) ) ;
#3510 = VERTEX_POINT ( 'NONE', #4384 ) ;
#3511 = CIRCLE ( 'NONE', #217, 12.99999999999998401 ) ;
#3512 = CIRCLE ( 'NONE', #2751, 13.00000000000001066 ) ;
#3513 = VECTOR ( 'NONE', #2034, 1000.000000000000000 ) ;
#3514 = FACE_BOUND ( 'NONE', #1044, .T. ) ;
#3515 = SURFACE_STYLE_FILL_AREA ( #6567 ) ;
#3516 = CARTESIAN_POINT ( 'NONE',  ( -1135.500000000000000, 357.4336293856409270, 69.43362938564074227 ) ) ;
#3517 = DIRECTION ( 'NONE',  ( 0.000000000000000000, -0.000000000000000000, 1.000000000000000000 ) ) ;
#3518 = AXIS2_PLACEMENT_3D ( 'NONE', #3292, #283, #2698 ) ;
#3519 = VERTEX_POINT ( 'NONE', #3226 ) ;
#3520 = CIRCLE ( 'NONE', #3261, 13.00000000000173195 ) ;
#3521 = VERTEX_POINT ( 'NONE', #6099 ) ;
#3522 = LINE ( 'NONE', #517, #1651 ) ;
#3523 = EDGE_CURVE ( 'NONE', #4584, #7090, #6811, .T. ) ;
#3524 = LINE ( 'NONE', #1783, #2734 ) ;
#3525 = AXIS2_PLACEMENT_3D ( 'NONE', #3754, #98, #1884 ) ;
#3526 =( GEOMETRIC_REPRESENTATION_CONTEXT ( 3 ) GLOBAL_UNCERTAINTY_ASSIGNED_CONTEXT ( ( #4632 ) ) GLOBAL_UNIT_ASSIGNED_CONTEXT ( ( #4230, #6644, #31 ) ) REPRESENTATION_CONTEXT ( 'NONE', 'WORKASPACE' ) );
#3527 = VERTEX_POINT ( 'NONE', #669 ) ;
#3528 = DIRECTION ( 'NONE',  ( -1.000000000000000000, 0.000000000000000000, 0.000000000000000000 ) ) ;
#3529 = CARTESIAN_POINT ( 'NONE',  ( -131.5000000000032117, 47.43362938564082754, 0.000000000000000000 ) ) ;
#3530 = VERTEX_POINT ( 'NONE', #145 ) ;
#3531 = ORIENTED_EDGE ( 'NONE', *, *, #1995, .F. ) ;
#3532 = CIRCLE ( 'NONE', #1010, 13.00000000000001066 ) ;
#3533 = CARTESIAN_POINT ( 'NONE',  ( -1055.500000000001137, 500.0000000000011937, 381.9999999999998295 ) ) ;
#3534 = EDGE_CURVE ( 'NONE', #5918, #3997, #7316, .T. ) ;
#3535 = DIRECTION ( 'NONE',  ( -0.000000000000000000, 1.000000000000000000, -3.491481338843133355E-15 ) ) ;
#3536 = FACE_BOUND ( 'NONE', #4259, .T. ) ;
#3537 = VECTOR ( 'NONE', #5431, 1000.000000000000000 ) ;
#3538 = CYLINDRICAL_SURFACE ( 'NONE', #3176, 13.00000000000001066 ) ;
#3539 = CIRCLE ( 'NONE', #7594, 13.00000000000176037 ) ;
#3540 = ORIENTED_EDGE ( 'NONE', *, *, #455, .F. ) ;
#3541 = EDGE_CURVE ( 'NONE', #78, #1625, #6797, .T. ) ;
#3542 = VECTOR ( 'NONE', #6813, 1000.000000000000000 ) ;
#3543 = CARTESIAN_POINT ( 'NONE',  ( -20.70710678118653547, 9.705254955006104467, -214.8679174846906790 ) ) ;
#3544 = DIRECTION ( 'NONE',  ( 1.000000000000000000, 0.000000000000000000, 0.000000000000000000 ) ) ;
#3545 = DIRECTION ( 'NONE',  ( 1.000000000000000000, 0.000000000000000000, 0.000000000000000000 ) ) ;
#3546 = CARTESIAN_POINT ( 'NONE',  ( 180.0000000000000000, 370.0000000000000568, 7.999999999999372058 ) ) ;
#3547 = DIRECTION ( 'NONE',  ( 0.000000000000000000, 0.000000000000000000, -1.000000000000000000 ) ) ;
#3548 = AXIS2_PLACEMENT_3D ( 'NONE', #3193, #5017, #631 ) ;
#3549 = CIRCLE ( 'NONE', #1150, 13.00000000000003908 ) ;
#3550 = CARTESIAN_POINT ( 'NONE',  ( -207.0000000000000284, 11.54003799752374526, -206.2928932188135036 ) ) ;
#3551 = EDGE_CURVE ( 'NONE', #1412, #6410, #2259, .T. ) ;
#3552 = EDGE_CURVE ( 'NONE', #772, #295, #5547, .T. ) ;
#3553 = EDGE_LOOP ( 'NONE', ( #1301, #6241, #6721, #3414, #6915, #7825, #4263, #1157 ) ) ;
#3554 = MANIFOLD_SOLID_BREP ( 'Cut-Extrude2', #2863 ) ;
#3555 = DIRECTION ( 'NONE',  ( -1.000000000000000000, 0.000000000000000000, 0.000000000000000000 ) ) ;
#3556 = ORIENTED_EDGE ( 'NONE', *, *, #2009, .T. ) ;
#3557 = AXIS2_PLACEMENT_3D ( 'NONE', #5329, #2788, #2940 ) ;
#3558 = CARTESIAN_POINT ( 'NONE',  ( -1122.499999999999773, 357.4336293856409270, 69.43362938564074227 ) ) ;
#3559 = FACE_BOUND ( 'NONE', #2555, .T. ) ;
#3560 = CARTESIAN_POINT ( 'NONE',  ( 0.000000000000000000, 0.000000000000000000, 0.000000000000000000 ) ) ;
#3561 = DIRECTION ( 'NONE',  ( -1.000000000000000000, 3.491481338843132961E-15, 0.000000000000000000 ) ) ;
#3562 = EDGE_CURVE ( 'NONE', #3971, #675, #5055, .T. ) ;
#3563 = DIRECTION ( 'NONE',  ( 1.000000000000000000, -9.014704587052826863E-31, 2.976455789662467469E-45 ) ) ;
#3564 = ORIENTED_EDGE ( 'NONE', *, *, #6360, .T. ) ;
#3565 = VERTEX_POINT ( 'NONE', #178 ) ;
#3566 = DIRECTION ( 'NONE',  ( -1.000000000000000000, 0.000000000000000000, -3.486207565248076192E-15 ) ) ;
#3567 = DIRECTION ( 'NONE',  ( -0.000000000000000000, -0.000000000000000000, -1.000000000000000000 ) ) ;
#3568 = DIRECTION ( 'NONE',  ( 0.000000000000000000, 0.000000000000000000, 1.000000000000000000 ) ) ;
#3569 = VERTEX_POINT ( 'NONE', #1292 ) ;
#3570 = CARTESIAN_POINT ( 'NONE',  ( -0.1320825141619859366, 9.705254964939722839, -200.2928934688135598 ) ) ;
#3571 = EDGE_CURVE ( 'NONE', #91, #919, #103, .T. ) ;
#3572 = DIRECTION ( 'NONE',  ( 0.000000000000000000, -4.270088556250023661E-15, -1.000000000000000000 ) ) ;
#3573 = EDGE_LOOP ( 'NONE', ( #5242, #474, #5523, #1672 ) ) ;
#3574 = CIRCLE ( 'NONE', #4585, 13.00000000000001066 ) ;
#3575 = EDGE_LOOP ( 'NONE', ( #2697, #1956 ) ) ;
#3576 = PLANE ( 'NONE',  #1386 ) ;
#3577 = DIRECTION ( 'NONE',  ( 0.000000000000000000, 0.000000000000000000, -1.000000000000000000 ) ) ;
#3578 = CARTESIAN_POINT ( 'NONE',  ( -215.0000000000002274, 67.25000000000000000, 2.632990618166809156E-14 ) ) ;
#3579 = FACE_BOUND ( 'NONE', #4216, .T. ) ;
#3580 = EDGE_CURVE ( 'NONE', #2239, #4879, #2000, .T. ) ;
#3581 = EDGE_LOOP ( 'NONE', ( #6181, #7634 ) ) ;
#3582 = DIRECTION ( 'NONE',  ( -0.000000000000000000, -1.000000000000000000, 3.491481338843132961E-15 ) ) ;
#3583 = DIRECTION ( 'NONE',  ( 0.000000000000000000, 0.000000000000000000, -1.000000000000000000 ) ) ;
#3584 = LINE ( 'NONE', #7789, #3425 ) ;
#3585 = DIRECTION ( 'NONE',  ( -0.000000000000000000, -0.000000000000000000, 1.000000000000000000 ) ) ;
#3586 = CYLINDRICAL_SURFACE ( 'NONE', #2707, 13.00000000000001066 ) ;
#3587 = PRODUCT_DEFINITION ( 'UNKNOWN', '', #5025, #1776 ) ;
#3588 = VERTEX_POINT ( 'NONE', #7359 ) ;
#3589 = CARTESIAN_POINT ( 'NONE',  ( -206.2928932188135889, 9.705254974873890106, -214.8679174869853910 ) ) ;
#3590 = ORIENTED_EDGE ( 'NONE', *, *, #7025, .T. ) ;
#3591 = LINE ( 'NONE', #5302, #4123 ) ;
#3592 = ORIENTED_EDGE ( 'NONE', *, *, #2748, .T. ) ;
#3593 = PRODUCT_DEFINITION_SHAPE ( 'NONE', 'NONE',  #7850 ) ;
#3594 = CARTESIAN_POINT ( 'NONE',  ( -7.999999999999766409, 67.25000000000002842, -206.2928932188135605 ) ) ;
#3595 = EDGE_CURVE ( 'NONE', #579, #1784, #5422, .T. ) ;
#3596 = ADVANCED_FACE ( 'NONE', ( #6244 ), #6444, .F. ) ;
#3597 = CARTESIAN_POINT ( 'NONE',  ( -8.000000000000000000, 0.000000000000000000, 0.000000000000000000 ) ) ;
#3598 = UNCERTAINTY_MEASURE_WITH_UNIT (LENGTH_MEASURE( 1.000000000000000082E-05 ), #2679, 'distance_accuracy_value', 'NONE');
#3599 = CARTESIAN_POINT ( 'NONE',  ( -1199.999999999999773, 442.5663706143591298, -8.000000000000010658 ) ) ;
#3600 = DIRECTION ( 'NONE',  ( -1.000000000000000000, -0.000000000000000000, -0.000000000000000000 ) ) ;
#3601 = AXIS2_PLACEMENT_3D ( 'NONE', #894, #3302, #6395 ) ;
#3602 = EDGE_LOOP ( 'NONE', ( #1095, #7192 ) ) ;
#3603 = ORIENTED_EDGE ( 'NONE', *, *, #320, .T. ) ;
#3604 = CARTESIAN_POINT ( 'NONE',  ( -20.70710678118653547, 9.705254955006104467, -214.8679174846906790 ) ) ;
#3605 = CARTESIAN_POINT ( 'NONE',  ( 0.000000000000000000, 0.000000000000000000, -8.000000000000000000 ) ) ;
#3606 = EDGE_CURVE ( 'NONE', #6397, #2124, #2892, .T. ) ;
#3607 = EDGE_CURVE ( 'NONE', #4949, #1753, #5176, .T. ) ;
#3608 =( NAMED_UNIT ( * ) SI_UNIT ( $, .STERADIAN. ) SOLID_ANGLE_UNIT ( ) );
#3609 = AXIS2_PLACEMENT_3D ( 'NONE', #5719, #2787, #4613 ) ;
#3610 = ORIENTED_EDGE ( 'NONE', *, *, #7370, .F. ) ;
#3611 = VECTOR ( 'NONE', #3271, 1000.000000000000000 ) ;
#3612 = DIRECTION ( 'NONE',  ( 0.000000000000000000, 0.000000000000000000, 1.000000000000000000 ) ) ;
#3613 = CYLINDRICAL_SURFACE ( 'NONE', #4680, 12.99999999999999822 ) ;
#3614 = VERTEX_POINT ( 'NONE', #3912 ) ;
#3615 = VECTOR ( 'NONE', #6409, 1000.000000000000000 ) ;
#3616 = DIRECTION ( 'NONE',  ( -2.021756243043704781E-31, 6.123233995736766036E-17, -1.000000000000000000 ) ) ;
#3617 = LINE ( 'NONE', #6742, #3386 ) ;
#3618 = FACE_BOUND ( 'NONE', #5039, .T. ) ;
#3619 = DIRECTION ( 'NONE',  ( -1.000000000000000000, -0.000000000000000000, -0.000000000000000000 ) ) ;
#3620 = ORIENTED_EDGE ( 'NONE', *, *, #769, .T. ) ;
#3621 = DIRECTION ( 'NONE',  ( -1.000000000000000000, 0.000000000000000000, 0.000000000000000000 ) ) ;
#3622 = DIRECTION ( 'NONE',  ( 1.000000000000000000, 0.000000000000000000, 0.000000000000000000 ) ) ;
#3623 = CARTESIAN_POINT ( 'NONE',  ( 86.99999999999998579, 369.9999999999994884, 215.0000000000000000 ) ) ;
#3624 = ORIENTED_EDGE ( 'NONE', *, *, #6712, .T. ) ;
#3625 = ADVANCED_FACE ( 'NONE', ( #7597 ), #1020, .T. ) ;
#3626 = CARTESIAN_POINT ( 'NONE',  ( -1.132182840291940273, 4.936529451241276512, -194.2928932188135605 ) ) ;
#3627 = CLOSED_SHELL ( 'NONE', ( #6842, #4908, #6124, #1081, #5085, #6841, #137, #1915, #843, #2723, #3195, #2799, #6262, #6220, #198, #5717, #5468, #7590, #3849, #4725, #7107, #4195, #5032, #7264, #2578, #2463, #2297, #7571, #1907, #490, #199, #3453, #4217, #5606, #6012, #5840, #1439, #4466, #4717, #1336, #2055, #3349, #4326, #2419, #3205, #3893, #2148, #5142, #3657, #2099, #3008, #5183, #3816, #3097, #7670, #6947, #2631, #940 ) ) ;
#3628 = ORIENTED_EDGE ( 'NONE', *, *, #1047, .F. ) ;
#3629 = DIRECTION ( 'NONE',  ( -0.000000000000000000, -0.000000000000000000, 1.000000000000000000 ) ) ;
#3630 = ORIENTED_EDGE ( 'NONE', *, *, #4784, .T. ) ;
#3631 = CARTESIAN_POINT ( 'NONE',  ( -16.70710694785319461, 10.62315297896398647, -206.9207504915028153 ) ) ;
#3632 = ORIENTED_EDGE ( 'NONE', *, *, #1616, .T. ) ;
#3633 = EDGE_CURVE ( 'NONE', #5802, #6748, #1754, .T. ) ;
#3634 = CARTESIAN_POINT ( 'NONE',  ( -1200.000000000000000, 0.000000000000000000, -8.000000000000000000 ) ) ;
#3635 = PRESENTATION_LAYER_ASSIGNMENT (  '', '', ( #6912 ) ) ;
#3636 = PLANE ( 'NONE',  #776 ) ;
#3637 =( NAMED_UNIT ( * ) SI_UNIT ( $, .STERADIAN. ) SOLID_ANGLE_UNIT ( ) );
#3638 = DIRECTION ( 'NONE',  ( -0.000000000000000000, -0.000000000000000000, 1.000000000000000000 ) ) ;
#3639 = CARTESIAN_POINT ( 'NONE',  ( -385.4999999999997158, 500.0000000000009095, 267.4336293856410407 ) ) ;
#3640 = ORIENTED_EDGE ( 'NONE', *, *, #2090, .T. ) ;
#3641 = ADVANCED_FACE ( 'NONE', ( #5691 ), #421, .F. ) ;
#3642 = PRODUCT_DEFINITION_FORMATION_WITH_SPECIFIED_SOURCE ( 'ANY', '', #5493, .NOT_KNOWN. ) ;
#3643 = CIRCLE ( 'NONE', #731, 13.00000000000003908 ) ;
#3644 = EDGE_LOOP ( 'NONE', ( #1977, #696 ) ) ;
#3645 = AXIS2_PLACEMENT_3D ( 'NONE', #2134, #4444, #2727 ) ;
#3646 = LINE ( 'NONE', #6063, #7600 ) ;
#3647 = DIRECTION ( 'NONE',  ( 0.000000000000000000, 0.000000000000000000, -1.000000000000000000 ) ) ;
#3648 = ORIENTED_EDGE ( 'NONE', *, *, #882, .T. ) ;
#3649 = CARTESIAN_POINT ( 'NONE',  ( 3.053113317719180486E-13, 42.25000000000073186, -31.29289321881345387 ) ) ;
#3650 = AXIS2_PLACEMENT_3D ( 'NONE', #2202, #6954, #5804 ) ;
#3651 = VECTOR ( 'NONE', #3891, 1000.000000000000000 ) ;
#3652 = VECTOR ( 'NONE', #4442, 1000.000000000000000 ) ;
#3653 = VECTOR ( 'NONE', #4485, 1000.000000000000000 ) ;
#3654 = DIRECTION ( 'NONE',  ( -1.000000000000000000, 0.000000000000000000, 0.000000000000000000 ) ) ;
#3655 = DIRECTION ( 'NONE',  ( 1.000000000000000000, 0.000000000000000000, 0.000000000000000000 ) ) ;
#3656 = ORIENTED_EDGE ( 'NONE', *, *, #7125, .F. ) ;
#3657 = ADVANCED_FACE ( 'NONE', ( #6366 ), #5135, .F. ) ;
#3658 = EDGE_CURVE ( 'NONE', #1002, #6367, #749, .T. ) ;
#3659 = DIRECTION ( 'NONE',  ( -0.000000000000000000, -0.000000000000000000, -1.000000000000000000 ) ) ;
#3660 = AXIS2_PLACEMENT_3D ( 'NONE', #4825, #2554, #3107 ) ;
#3661 = PRESENTATION_LAYER_ASSIGNMENT (  '', '', ( #1496 ) ) ;
#3662 = CARTESIAN_POINT ( 'NONE',  ( -500.0000000000014211, 422.5663706143598120, 241.4336293856407565 ) ) ;
#3663 = CARTESIAN_POINT ( 'NONE',  ( 0.000000000000000000, 430.0000000000000000, 0.000000000000000000 ) ) ;
#3664 = CARTESIAN_POINT ( 'NONE',  ( -1055.500000000001137, 422.5663706143602667, 369.0000000000003411 ) ) ;
#3665 = VECTOR ( 'NONE', #6786, 1000.000000000000000 ) ;
#3666 = ORIENTED_EDGE ( 'NONE', *, *, #3018, .F. ) ;
#3667 = ADVANCED_FACE ( 'NONE', ( #3382 ), #3267, .F. ) ;
#3668 = FACE_OUTER_BOUND ( 'NONE', #5673, .T. ) ;
#3669 = VECTOR ( 'NONE', #6661, 1000.000000000000000 ) ;
#3670 = CARTESIAN_POINT ( 'NONE',  ( -144.5000000000000284, 357.4336293856408133, 69.43362938564074227 ) ) ;
#3671 = VERTEX_POINT ( 'NONE', #5807 ) ;
#3672 = CIRCLE ( 'NONE', #6075, 13.00000000000003197 ) ;
#3673 = LINE ( 'NONE', #6828, #2457 ) ;
#3674 = VECTOR ( 'NONE', #7495, 1000.000000000000000 ) ;
#3675 = EDGE_LOOP ( 'NONE', ( #6907, #3187, #3726, #7817 ) ) ;
#3676 = LINE ( 'NONE', #4452, #2387 ) ;
#3677 = ADVANCED_FACE ( 'NONE', ( #6955 ), #382, .F. ) ;
#3678 = AXIS2_PLACEMENT_3D ( 'NONE', #6151, #3616, #6030 ) ;
#3679 = ORIENTED_EDGE ( 'NONE', *, *, #3744, .T. ) ;
#3680 = DIRECTION ( 'NONE',  ( 3.301778511896374337E-15, -1.000000000000000000, 0.000000000000000000 ) ) ;
#3681 = ORIENTED_EDGE ( 'NONE', *, *, #4211, .T. ) ;
#3682 = FACE_BOUND ( 'NONE', #2400, .T. ) ;
#3683 = CARTESIAN_POINT ( 'NONE',  ( -1200.000000000000000, 422.5663706143619152, 12.00000000000006573 ) ) ;
#3684 = VECTOR ( 'NONE', #1374, 1000.000000000000000 ) ;
#3685 = AXIS2_PLACEMENT_3D ( 'NONE', #6768, #2164, #3161 ) ;
#3686 = CARTESIAN_POINT ( 'NONE',  ( -500.0000000000014211, 422.5663706143598688, 254.4336293856407849 ) ) ;
#3687 =( NAMED_UNIT ( * ) SI_UNIT ( $, .STERADIAN. ) SOLID_ANGLE_UNIT ( ) );
#3688 =( NAMED_UNIT ( * ) SI_UNIT ( $, .STERADIAN. ) SOLID_ANGLE_UNIT ( ) );
#3689 = EDGE_CURVE ( 'NONE', #1500, #1412, #3432, .T. ) ;
#3690 = LINE ( 'NONE', #5578, #3684 ) ;
#3691 = ORIENTED_EDGE ( 'NONE', *, *, #7796, .T. ) ;
#3692 = ORIENTED_EDGE ( 'NONE', *, *, #1459, .T. ) ;
#3693 = VECTOR ( 'NONE', #4659, 1000.000000000000000 ) ;
#3694 = DIRECTION ( 'NONE',  ( -0.000000000000000000, -0.000000000000000000, -1.000000000000000000 ) ) ;
#3695 = CYLINDRICAL_SURFACE ( 'NONE', #7414, 13.00000000000012257 ) ;
#3696 = CARTESIAN_POINT ( 'NONE',  ( 1222.500000000000682, 12.56637061435910319, 231.0000000000000000 ) ) ;
#3697 = EDGE_CURVE ( 'NONE', #4460, #3326, #5372, .T. ) ;
#3698 = ORIENTED_EDGE ( 'NONE', *, *, #3416, .F. ) ;
#3699 = DIRECTION ( 'NONE',  ( 0.000000000000000000, 0.000000000000000000, 1.000000000000000000 ) ) ;
#3700 = DIRECTION ( 'NONE',  ( 0.000000000000000000, -1.000000000000000000, -3.491481338843133355E-15 ) ) ;
#3701 = DIRECTION ( 'NONE',  ( -1.000000000000000000, 0.000000000000000000, 0.000000000000000000 ) ) ;
#3702 = ORIENTED_EDGE ( 'NONE', *, *, #2672, .T. ) ;
#3703 = CARTESIAN_POINT ( 'NONE',  ( -1199.999999999999773, 442.5663706143591298, 12.00000000000000000 ) ) ;
#3704 = FACE_OUTER_BOUND ( 'NONE', #4483, .T. ) ;
#3705 = DIRECTION ( 'NONE',  ( 1.000000000000000000, 0.000000000000000000, 0.000000000000000000 ) ) ;
#3706 = EDGE_CURVE ( 'NONE', #6860, #3588, #3981, .T. ) ;
#3707 = ADVANCED_FACE ( 'NONE', ( #1528 ), #904, .F. ) ;
#3708 = CARTESIAN_POINT ( 'NONE',  ( -20.70710678118653547, -1.385000512714451570E-13, -196.4558058261758902 ) ) ;
#3709 = ORIENTED_EDGE ( 'NONE', *, *, #3551, .F. ) ;
#3710 = DIRECTION ( 'NONE',  ( -0.000000000000000000, 1.000000000000000000, -0.000000000000000000 ) ) ;
#3711 = FACE_OUTER_BOUND ( 'NONE', #4012, .T. ) ;
#3712 = EDGE_LOOP ( 'NONE', ( #6250, #5112, #4894, #6603 ) ) ;
#3713 = FACE_OUTER_BOUND ( 'NONE', #3720, .T. ) ;
#3714 = CIRCLE ( 'NONE', #7759, 13.00000000000001066 ) ;
#3715 = ADVANCED_FACE ( 'NONE', ( #3311 ), #4504, .F. ) ;
#3716 = ORIENTED_EDGE ( 'NONE', *, *, #6857, .T. ) ;
#3717 = CARTESIAN_POINT ( 'NONE',  ( 167.0000000000032117, 60.00000000000005684, 7.999999999999417355 ) ) ;
#3718 = ORIENTED_EDGE ( 'NONE', *, *, #5640, .T. ) ;
#3719 = CARTESIAN_POINT ( 'NONE',  ( -207.0000000000000000, -7.098823800577204864E-13, 0.000000000000000000 ) ) ;
#3720 = EDGE_LOOP ( 'NONE', ( #1068, #3136, #3947, #6961 ) ) ;
#3721 = DIRECTION ( 'NONE',  ( 0.000000000000000000, 4.270088556250653172E-15, 1.000000000000000000 ) ) ;
#3722 = CARTESIAN_POINT ( 'NONE',  ( 86.99999999999998579, 369.9999999999994884, 7.999999999999696243 ) ) ;
#3723 = DIRECTION ( 'NONE',  ( -0.000000000000000000, 1.000000000000000000, -3.491481338843133355E-15 ) ) ;
#3724 = CIRCLE ( 'NONE', #6246, 13.00000000000012257 ) ;
#3725 = CARTESIAN_POINT ( 'NONE',  ( -1055.500000000001137, 430.5663706143603235, 382.0000000000000568 ) ) ;
#3726 = ORIENTED_EDGE ( 'NONE', *, *, #1474, .T. ) ;
#3727 = ORIENTED_EDGE ( 'NONE', *, *, #3163, .T. ) ;
#3728 = FACE_BOUND ( 'NONE', #6321, .T. ) ;
#3729 = DIRECTION ( 'NONE',  ( 0.000000000000000000, 0.000000000000000000, 1.000000000000000000 ) ) ;
#3730 = EDGE_LOOP ( 'NONE', ( #2078, #7710 ) ) ;
#3731 = CARTESIAN_POINT ( 'NONE',  ( -640.0000000000000000, 437.4336293856408702, 21.43362938564070319 ) ) ;
#3732 = CIRCLE ( 'NONE', #7012, 13.00000000000001066 ) ;
#3733 = DIRECTION ( 'NONE',  ( 0.000000000000000000, 0.000000000000000000, 1.000000000000000000 ) ) ;
#3734 = CARTESIAN_POINT ( 'NONE',  ( -215.0000000000000000, 0.000000000000000000, -10.00000000000004619 ) ) ;
#3735 = ORIENTED_EDGE ( 'NONE', *, *, #1114, .T. ) ;
#3736 = CARTESIAN_POINT ( 'NONE',  ( 207.0000000000000000, 430.0000000000000000, -7.227366371405288191E-13 ) ) ;
#3737 = AXIS2_PLACEMENT_3D ( 'NONE', #4253, #7410, #767 ) ;
#3738 = LINE ( 'NONE', #3015, #7827 ) ;
#3739 = DIRECTION ( 'NONE',  ( -1.000000000000000000, 3.491481338843132961E-15, 0.000000000000000000 ) ) ;
#3740 = DIRECTION ( 'NONE',  ( 0.000000000000000000, -4.270088556250589275E-15, -1.000000000000000000 ) ) ;
#3741 = VERTEX_POINT ( 'NONE', #3346 ) ;
#3742 = ORIENTED_EDGE ( 'NONE', *, *, #842, .F. ) ;
#3743 = AXIS2_PLACEMENT_3D ( 'NONE', #5767, #181, #822 ) ;
#3744 = EDGE_CURVE ( 'NONE', #5882, #2362, #3341, .T. ) ;
#3745 = CYLINDRICAL_SURFACE ( 'NONE', #5181, 13.00000000000001066 ) ;
#3746 = CARTESIAN_POINT ( 'NONE',  ( -48.70710678118651771, 42.25000000000002842, -207.0000000000001421 ) ) ;
#3747 = VERTEX_POINT ( 'NONE', #459 ) ;
#3748 = CARTESIAN_POINT ( 'NONE',  ( -652.9999999999998863, 464.9999999999998863, 429.4336293856406996 ) ) ;
#3749 = VECTOR ( 'NONE', #6372, 1000.000000000000000 ) ;
#3750 = EDGE_LOOP ( 'NONE', ( #5141, #6855, #4276, #5559 ) ) ;
#3751 = VERTEX_POINT ( 'NONE', #7755 ) ;
#3752 = EDGE_CURVE ( 'NONE', #7528, #4378, #576, .T. ) ;
#3753 = ADVANCED_FACE ( 'NONE', ( #7076 ), #7230, .F. ) ;
#3754 = CARTESIAN_POINT ( 'NONE',  ( -385.4999999999999432, 500.0000000000013074, 389.4336293856397333 ) ) ;
#3755 = VERTEX_POINT ( 'NONE', #6598 ) ;
#3756 = DIRECTION ( 'NONE',  ( 0.000000000000000000, -4.270088556250666583E-15, -1.000000000000000000 ) ) ;
#3757 = DIRECTION ( 'NONE',  ( 1.290957005378089075E-16, 3.301778511896374732E-15, 1.000000000000000000 ) ) ;
#3758 = VECTOR ( 'NONE', #1628, 1000.000000000000000 ) ;
#3759 = CARTESIAN_POINT ( 'NONE',  ( -64.49999999999977263, 430.5663706143592435, 85.00000000000008527 ) ) ;
#3760 = CARTESIAN_POINT ( 'NONE',  ( -215.0000000000000000, -8.000000000000000000, -10.00000000000004619 ) ) ;
#3761 = CARTESIAN_POINT ( 'NONE',  ( -17.08881139169835706, 0.2678070468295443707, -194.2928932188135320 ) ) ;
#3762 = EDGE_LOOP ( 'NONE', ( #479, #688, #2038, #2159 ) ) ;
#3763 = ORIENTED_EDGE ( 'NONE', *, *, #3339, .F. ) ;
#3764 = LINE ( 'NONE', #6908, #4438 ) ;
#3765 = PRESENTATION_LAYER_ASSIGNMENT (  '', '', ( #3499 ) ) ;
#3766 = DIRECTION ( 'NONE',  ( -0.000000000000000000, -1.000000000000000000, 0.000000000000000000 ) ) ;
#3767 = VERTEX_POINT ( 'NONE', #7115 ) ;
#3768 = CYLINDRICAL_SURFACE ( 'NONE', #5414, 13.00000000000176037 ) ;
#3769 = FACE_OUTER_BOUND ( 'NONE', #6429, .T. ) ;
#3770 = CYLINDRICAL_SURFACE ( 'NONE', #2394, 13.00000000000001066 ) ;
#3771 = EDGE_LOOP ( 'NONE', ( #4789, #1830, #2171, #2971 ) ) ;
#3772 = EDGE_LOOP ( 'NONE', ( #1744, #1608, #5279, #2138 ) ) ;
#3773 = CIRCLE ( 'NONE', #4905, 12.99999999999999822 ) ;
#3774 = DIRECTION ( 'NONE',  ( 0.000000000000000000, 4.270088556250653172E-15, 1.000000000000000000 ) ) ;
#3775 = CARTESIAN_POINT ( 'NONE',  ( -827.5000000000000000, 39.99999999999987210, -8.000000000000000000 ) ) ;
#3776 = VECTOR ( 'NONE', #5054, 1000.000000000000000 ) ;
#3777 = LINE ( 'NONE', #1912, #6513 ) ;
#3778 = CARTESIAN_POINT ( 'NONE',  ( -840.0000000000001137, 429.4336293856408133, 34.43362938564070674 ) ) ;
#3779 = ORIENTED_EDGE ( 'NONE', *, *, #6413, .F. ) ;
#3780 = ORIENTED_EDGE ( 'NONE', *, *, #2769, .T. ) ;
#3781 = EDGE_CURVE ( 'NONE', #3474, #5237, #4867, .T. ) ;
#3782 = CIRCLE ( 'NONE', #361, 12.00000000000000000 ) ;
#3783 = VECTOR ( 'NONE', #5783, 1000.000000000000000 ) ;
#3784 = CARTESIAN_POINT ( 'NONE',  ( 11.99999999999995559, 430.0000000000000568, 195.0000000000000000 ) ) ;
#3785 = LINE ( 'NONE', #4969, #451 ) ;
#3786 = DIRECTION ( 'NONE',  ( -0.000000000000000000, -1.000000000000000000, 3.491481338843133355E-15 ) ) ;
#3787 = CIRCLE ( 'NONE', #487, 13.00000000000001066 ) ;
#3788 = EDGE_CURVE ( 'NONE', #3844, #633, #2983, .T. ) ;
#3789 = ORIENTED_EDGE ( 'NONE', *, *, #7756, .F. ) ;
#3790 = ORIENTED_EDGE ( 'NONE', *, *, #5490, .F. ) ;
#3791 = DIRECTION ( 'NONE',  ( 0.000000000000000000, 0.000000000000000000, -1.000000000000000000 ) ) ;
#3792 = ORIENTED_EDGE ( 'NONE', *, *, #6554, .F. ) ;
#3793 = AXIS2_PLACEMENT_3D ( 'NONE', #2386, #3710, #1242 ) ;
#3794 = CARTESIAN_POINT ( 'NONE',  ( -1200.000000000000000, 0.000000000000000000, 0.000000000000000000 ) ) ;
#3795 = CARTESIAN_POINT ( 'NONE',  ( -4.336808689942017736E-14, 0.000000000000000000, 19.99999999999995737 ) ) ;
#3796 = EDGE_CURVE ( 'NONE', #3285, #2959, #6624, .T. ) ;
#3797 = EDGE_CURVE ( 'NONE', #2074, #560, #5747, .T. ) ;
#3798 = AXIS2_PLACEMENT_3D ( 'NONE', #526, #6506, #6539 ) ;
#3799 = DIRECTION ( 'NONE',  ( 0.000000000000000000, 4.270088556250591641E-15, -1.000000000000000000 ) ) ;
#3800 = DIRECTION ( 'NONE',  ( 0.000000000000000000, -3.491481338843134933E-15, 1.000000000000000000 ) ) ;
#3801 = ORIENTED_EDGE ( 'NONE', *, *, #2046, .F. ) ;
#3802 = EDGE_LOOP ( 'NONE', ( #2846, #6123, #3194, #7013 ) ) ;
#3803 = CIRCLE ( 'NONE', #7463, 13.00000000000001066 ) ;
#3804 = AXIS2_PLACEMENT_3D ( 'NONE', #4122, #2182, #4600 ) ;
#3805 = FACE_OUTER_BOUND ( 'NONE', #5667, .T. ) ;
#3806 = ORIENTED_EDGE ( 'NONE', *, *, #5709, .F. ) ;
#3807 = EDGE_CURVE ( 'NONE', #6791, #293, #6637, .T. ) ;
#3808 = CARTESIAN_POINT ( 'NONE',  ( -201.8968029214178443, 2.072589458139091789, -194.2928932188135036 ) ) ;
#3809 = PLANE ( 'NONE',  #3645 ) ;
#3810 = CARTESIAN_POINT ( 'NONE',  ( -144.5000000000032401, 47.43362938564082754, 69.43362938564074227 ) ) ;
#3811 = AXIS2_PLACEMENT_3D ( 'NONE', #465, #2992, #1690 ) ;
#3812 = ORIENTED_EDGE ( 'NONE', *, *, #4576, .T. ) ;
#3813 = PLANE ( 'NONE',  #7206 ) ;
#3814 = LINE ( 'NONE', #6228, #6942 ) ;
#3815 = FACE_BOUND ( 'NONE', #471, .T. ) ;
#3816 = ADVANCED_FACE ( 'NONE', ( #1169 ), #3586, .F. ) ;
#3817 = DIRECTION ( 'NONE',  ( 0.000000000000000000, -1.000000000000000000, -3.491481338843133355E-15 ) ) ;
#3818 = EDGE_LOOP ( 'NONE', ( #2175, #2978, #4058, #2664 ) ) ;
#3819 = ORIENTED_EDGE ( 'NONE', *, *, #3071, .F. ) ;
#3820 = DIRECTION ( 'NONE',  ( 3.338921167859689429E-15, -1.000000000000000000, 0.000000000000000000 ) ) ;
#3821 = DIRECTION ( 'NONE',  ( -0.000000000000000000, -0.000000000000000000, -1.000000000000000000 ) ) ;
#3822 = DIRECTION ( 'NONE',  ( -0.000000000000000000, 0.000000000000000000, -1.000000000000000000 ) ) ;
#3823 = EDGE_CURVE ( 'NONE', #2461, #3379, #1950, .T. ) ;
#3824 = B_SPLINE_CURVE_WITH_KNOTS ( 'NONE', 3,
 ( #1620, #4044, #5193, #1498 ),
 .UNSPECIFIED., .F., .F.,
 ( 4, 4 ),
 ( 0.000000000000000000, 1.000000000000000000 ),
 .UNSPECIFIED. ) ;
#3825 = ADVANCED_FACE ( 'NONE', ( #4818, #6485, #6635, #2315, #5449, #1204, #617, #3028, #7717, #1648, #5927, #4075, #3505, #5888, #4736, #2870, #5294 ), #4108, .F. ) ;
#3826 = ORIENTED_EDGE ( 'NONE', *, *, #5944, .F. ) ;
#3827 = ORIENTED_EDGE ( 'NONE', *, *, #1159, .F. ) ;
#3828 = DIRECTION ( 'NONE',  ( -1.000000000000000000, 0.000000000000000000, 0.000000000000000000 ) ) ;
#3829 = VERTEX_POINT ( 'NONE', #4260 ) ;
#3830 = PRODUCT_RELATED_PRODUCT_CATEGORY ( 'part', '', ( #5493 ) ) ;
#3831 = DIRECTION ( 'NONE',  ( 1.000000000000000000, -3.491481338843132961E-15, -0.000000000000000000 ) ) ;
#3832 = DIRECTION ( 'NONE',  ( 0.000000000000000000, 0.000000000000000000, 1.000000000000000000 ) ) ;
#3833 = DIRECTION ( 'NONE',  ( -1.000000000000000000, 0.000000000000000000, -0.000000000000000000 ) ) ;
#3834 =( NAMED_UNIT ( * ) SI_UNIT ( $, .STERADIAN. ) SOLID_ANGLE_UNIT ( ) );
#3835 = DIRECTION ( 'NONE',  ( -0.000000000000000000, -0.000000000000000000, -1.000000000000000000 ) ) ;
#3836 = LINE ( 'NONE', #6998, #5833 ) ;
#3837 = EDGE_LOOP ( 'NONE', ( #6846, #1552 ) ) ;
#3838 = CARTESIAN_POINT ( 'NONE',  ( -500.0000000000000000, 39.99999999999987210, 2.000000000000000000 ) ) ;
#3839 = ORIENTED_EDGE ( 'NONE', *, *, #2031, .F. ) ;
#3840 = EDGE_CURVE ( 'NONE', #6831, #3755, #5565, .T. ) ;
#3841 = EDGE_CURVE ( 'NONE', #2790, #6545, #5006, .T. ) ;
#3842 = DIRECTION ( 'NONE',  ( 0.000000000000000000, 0.000000000000000000, -1.000000000000000000 ) ) ;
#3843 = ITEM_DEFINED_TRANSFORMATION ( 'NONE', 'NONE', #7555,  #2120 ) ;
#3844 = VERTEX_POINT ( 'NONE', #1989 ) ;
#3845 = DIRECTION ( 'NONE',  ( -1.000000000000000000, -3.338921167859689429E-15, -5.916456789157586789E-31 ) ) ;
#3846 = CARTESIAN_POINT ( 'NONE',  ( -8.707106781186524813, 11.99999999999987210, -195.0000000000000000 ) ) ;
#3847 = CARTESIAN_POINT ( 'NONE',  ( -385.5000000000003979, 174.9999999999998863, 0.000000000000000000 ) ) ;
#3848 = ORIENTED_EDGE ( 'NONE', *, *, #1954, .F. ) ;
#3849 = ADVANCED_FACE ( 'NONE', ( #3217 ), #2507, .F. ) ;
#3850 = EDGE_CURVE ( 'NONE', #3519, #1753, #661, .T. ) ;
#3851 = LINE ( 'NONE', #6264, #3413 ) ;
#3852 = DIRECTION ( 'NONE',  ( 1.000000000000000000, 0.000000000000000000, 0.000000000000000000 ) ) ;
#3853 = DIRECTION ( 'NONE',  ( 0.000000000000000000, 0.000000000000000000, -1.000000000000000000 ) ) ;
#3854 = CARTESIAN_POINT ( 'NONE',  ( -202.2928933854802267, 9.705254964939930673, -214.8679174858380350 ) ) ;
#3855 = EDGE_LOOP ( 'NONE', ( #4238, #3108 ) ) ;
#3856 = EDGE_LOOP ( 'NONE', ( #708, #6097, #2806, #6386 ) ) ;
#3857 = AXIS2_PLACEMENT_3D ( 'NONE', #3142, #55, #6717 ) ;
#3858 = CYLINDRICAL_SURFACE ( 'NONE', #496, 13.00000000000001066 ) ;
#3859 = DIRECTION ( 'NONE',  ( 0.000000000000000000, 4.270088556250033128E-15, 1.000000000000000000 ) ) ;
#3860 = FACE_OUTER_BOUND ( 'NONE', #2298, .T. ) ;
#3861 = AXIS2_PLACEMENT_3D ( 'NONE', #7782, #2341, #2544 ) ;
#3862 = ORIENTED_EDGE ( 'NONE', *, *, #4254, .F. ) ;
#3863 = ORIENTED_EDGE ( 'NONE', *, *, #376, .T. ) ;
#3864 = DIRECTION ( 'NONE',  ( -0.000000000000000000, 1.000000000000000000, -0.000000000000000000 ) ) ;
#3865 = ORIENTED_EDGE ( 'NONE', *, *, #1096, .F. ) ;
#3866 = AXIS2_PLACEMENT_3D ( 'NONE', #2641, #2050, #4589 ) ;
#3867 = DIRECTION ( 'NONE',  ( 1.000000000000000000, -0.000000000000000000, -1.224646799147353207E-16 ) ) ;
#3868 = DIRECTION ( 'NONE',  ( 0.000000000000000000, 0.000000000000000000, -1.000000000000000000 ) ) ;
#3869 = ORIENTED_EDGE ( 'NONE', *, *, #6029, .T. ) ;
#3870 = CARTESIAN_POINT ( 'NONE',  ( 2.623882111172651010E-13, 55.25000000000075318, -31.29289321881345387 ) ) ;
#3871 = CARTESIAN_POINT ( 'NONE',  ( -687.0000000000000000, 39.99999999999987210, 0.000000000000000000 ) ) ;
#3872 = DIRECTION ( 'NONE',  ( -0.000000000000000000, -0.000000000000000000, -1.000000000000000000 ) ) ;
#3873 = ORIENTED_EDGE ( 'NONE', *, *, #422, .F. ) ;
#3874 = EDGE_CURVE ( 'NONE', #4095, #864, #3673, .T. ) ;
#3875 = DIRECTION ( 'NONE',  ( -1.000000000000000000, 0.000000000000000000, 0.000000000000000000 ) ) ;
#3876 = ORIENTED_EDGE ( 'NONE', *, *, #4418, .T. ) ;
#3877 = LINE ( 'NONE', #7490, #7305 ) ;
#3878 = PRODUCT_CONTEXT ( 'NONE', #7120, 'mechanical' ) ;
#3879 = VERTEX_POINT ( 'NONE', #4889 ) ;
#3880 = CARTESIAN_POINT ( 'NONE',  ( -206.3206902958248747, 7.761917670744863607, -194.2928932188135036 ) ) ;
#3881 = CARTESIAN_POINT ( 'NONE',  ( -164.7499999999997726, -8.000000000000000000, -26.99999999999398170 ) ) ;
#3882 = AXIS2_PLACEMENT_3D ( 'NONE', #3080, #4241, #4280 ) ;
#3883 = EDGE_CURVE ( 'NONE', #560, #2325, #1285, .T. ) ;
#3884 = DIRECTION ( 'NONE',  ( 0.000000000000000000, 1.000000000000000000, 0.000000000000000000 ) ) ;
#3885 = EDGE_LOOP ( 'NONE', ( #761, #6344, #6584, #5056 ) ) ;
#3886 = MECHANICAL_DESIGN_GEOMETRIC_PRESENTATION_REPRESENTATION (  '', ( #6535 ), #6037 ) ;
#3887 = CARTESIAN_POINT ( 'NONE',  ( -1200.000000000000000, -1.469576158976823797E-13, -8.000000000000000000 ) ) ;
#3888 = DIRECTION ( 'NONE',  ( 0.000000000000000000, 4.270088556250671316E-15, 1.000000000000000000 ) ) ;
#3889 = ORIENTED_EDGE ( 'NONE', *, *, #1858, .F. ) ;
#3890 = PRODUCT_DEFINITION_FORMATION_WITH_SPECIFIED_SOURCE ( 'ANY', '', #2952, .NOT_KNOWN. ) ;
#3891 = DIRECTION ( 'NONE',  ( -0.000000000000000000, 1.000000000000000000, 3.491481338843133355E-15 ) ) ;
#3892 = EDGE_CURVE ( 'NONE', #7242, #417, #6005, .T. ) ;
#3893 = ADVANCED_FACE ( 'NONE', ( #2430 ), #138, .F. ) ;
#3894 = CARTESIAN_POINT ( 'NONE',  ( -48.70710678118648929, 29.25000000000071054, 1.817009987327974395E-13 ) ) ;
#3895 = VERTEX_POINT ( 'NONE', #7350 ) ;
#3896 = EDGE_LOOP ( 'NONE', ( #6043, #442, #4341, #7311 ) ) ;
#3897 = DIRECTION ( 'NONE',  ( 0.000000000000000000, 1.000000000000000000, 0.000000000000000000 ) ) ;
#3898 = CIRCLE ( 'NONE', #2876, 13.00000000000001066 ) ;
#3899 = AXIS2_PLACEMENT_3D ( 'NONE', #5382, #3561, #5979 ) ;
#3900 = PLANE ( 'NONE',  #860 ) ;
#3901 = CYLINDRICAL_SURFACE ( 'NONE', #4237, 13.00000000000001066 ) ;
#3902 = VECTOR ( 'NONE', #2816, 1000.000000000000000 ) ;
#3903 = AXIS2_PLACEMENT_3D ( 'NONE', #4245, #6659, #2452 ) ;
#3904 = ORIENTED_EDGE ( 'NONE', *, *, #4877, .T. ) ;
#3905 = AXIS2_PLACEMENT_3D ( 'NONE', #5397, #6476, #446 ) ;
#3906 = ORIENTED_EDGE ( 'NONE', *, *, #5419, .T. ) ;
#3907 = CARTESIAN_POINT ( 'NONE',  ( 154.0000000000031832, 60.00000000000005684, -7.216449660063517513E-13 ) ) ;
#3908 = ORIENTED_EDGE ( 'NONE', *, *, #3442, .T. ) ;
#3909 = DIRECTION ( 'NONE',  ( -1.000000000000000000, -3.301778511896374732E-15, -0.000000000000000000 ) ) ;
#3910 = DIRECTION ( 'NONE',  ( -1.000000000000000000, 0.000000000000000000, 0.000000000000000000 ) ) ;
#3911 = VECTOR ( 'NONE', #3555, 1000.000000000000000 ) ;
#3912 = CARTESIAN_POINT ( 'NONE',  ( -50.24999999999972289, 0.000000000000000000, -144.5857864376220050 ) ) ;
#3913 = VERTEX_POINT ( 'NONE', #1399 ) ;
#3914 = AXIS2_PLACEMENT_3D ( 'NONE', #6759, #4426, #1406 ) ;
#3915 = DIRECTION ( 'NONE',  ( 0.000000000000000000, 4.270088556250591641E-15, -1.000000000000000000 ) ) ;
#3916 = CARTESIAN_POINT ( 'NONE',  ( -7.999999999999958256, 11.99999999999995737, 0.000000000000000000 ) ) ;
#3917 = CIRCLE ( 'NONE', #6946, 13.00000000000034461 ) ;
#3918 = ORIENTED_EDGE ( 'NONE', *, *, #501, .F. ) ;
#3919 = CARTESIAN_POINT ( 'NONE',  ( -640.0000000000000000, 429.4336293856408702, 21.43362938564067477 ) ) ;
#3920 = VERTEX_POINT ( 'NONE', #6237 ) ;
#3921 = AXIS2_PLACEMENT_3D ( 'NONE', #4032, #201, #4891 ) ;
#3922 = AXIS2_PLACEMENT_3D ( 'NONE', #6741, #1745, #4919 ) ;
#3923 = VERTEX_POINT ( 'NONE', #7302 ) ;
#3924 = EDGE_CURVE ( 'NONE', #5874, #3324, #5117, .T. ) ;
#3925 = DIRECTION ( 'NONE',  ( 0.000000000000000000, -1.000000000000000000, -3.491481338843133355E-15 ) ) ;
#3926 = DIRECTION ( 'NONE',  ( 0.000000000000000000, 0.000000000000000000, -1.000000000000000000 ) ) ;
#3927 = DIRECTION ( 'NONE',  ( 0.000000000000000000, 0.000000000000000000, -1.000000000000000000 ) ) ;
#3928 = EDGE_LOOP ( 'NONE', ( #5674, #2188, #3233, #6504 ) ) ;
#3929 = ORIENTED_EDGE ( 'NONE', *, *, #1019, .F. ) ;
#3930 = CIRCLE ( 'NONE', #4561, 12.99999999999997691 ) ;
#3931 = CARTESIAN_POINT ( 'NONE',  ( -1200.000000000000000, 429.4336293856424618, -430.5663706143594140 ) ) ;
#3932 =( NAMED_UNIT ( * ) SI_UNIT ( $, .STERADIAN. ) SOLID_ANGLE_UNIT ( ) );
#3933 = EDGE_LOOP ( 'NONE', ( #2484, #5196, #3508, #657 ) ) ;
#3934 = EDGE_CURVE ( 'NONE', #1662, #1731, #6091, .T. ) ;
#3935 = CIRCLE ( 'NONE', #392, 12.99999999999979039 ) ;
#3936 = CARTESIAN_POINT ( 'NONE',  ( -640.0000000000000000, 437.4336293856408702, 34.43362938564073517 ) ) ;
#3937 = VECTOR ( 'NONE', #4734, 1000.000000000000000 ) ;
#3938 = DIRECTION ( 'NONE',  ( 0.000000000000000000, 0.000000000000000000, 1.000000000000000000 ) ) ;
#3939 = EDGE_LOOP ( 'NONE', ( #6145, #3904, #5735, #5771 ) ) ;
#3940 = ORIENTED_EDGE ( 'NONE', *, *, #3048, .F. ) ;
#3941 = CARTESIAN_POINT ( 'NONE',  ( -206.2928932188135889, 10.62315298492428361, -206.9207504921912459 ) ) ;
#3942 = VECTOR ( 'NONE', #1443, 1000.000000000000000 ) ;
#3943 = DIRECTION ( 'NONE',  ( -1.000000000000000000, 0.000000000000000000, 0.000000000000000000 ) ) ;
#3944 = EDGE_CURVE ( 'NONE', #6940, #95, #438, .T. ) ;
#3945 = EDGE_CURVE ( 'NONE', #4888, #5097, #6385, .T. ) ;
#3946 = DIRECTION ( 'NONE',  ( 0.000000000000000000, -4.270088556250598741E-15, -1.000000000000000000 ) ) ;
#3947 = ORIENTED_EDGE ( 'NONE', *, *, #4985, .T. ) ;
#3948 = LINE ( 'NONE', #4023, #4291 ) ;
#3949 = ORIENTED_EDGE ( 'NONE', *, *, #4672, .F. ) ;
#3950 = CARTESIAN_POINT ( 'NONE',  ( -7.774664772390813898E-13, 0.000000000000000000, 215.0000000000000000 ) ) ;
#3951 = CARTESIAN_POINT ( 'NONE',  ( -194.2928932188135889, 4.009700629462250809, -204.0705284616009862 ) ) ;
#3952 = ADVANCED_FACE ( 'NONE', ( #3713 ), #729, .T. ) ;
#3953 = DIRECTION ( 'NONE',  ( 1.000000000000000000, 3.491481338843133355E-15, 0.000000000000000000 ) ) ;
#3954 = ORIENTED_EDGE ( 'NONE', *, *, #6824, .T. ) ;
#3955 = DIRECTION ( 'NONE',  ( -0.000000000000000000, -0.000000000000000000, -1.000000000000000000 ) ) ;
#3956 = FACE_OUTER_BOUND ( 'NONE', #6222, .T. ) ;
#3957 = ORIENTED_EDGE ( 'NONE', *, *, #6761, .F. ) ;
#3958 = DIRECTION ( 'NONE',  ( -0.000000000000000000, -1.000000000000000000, 3.491481338843133355E-15 ) ) ;
#3959 = ORIENTED_EDGE ( 'NONE', *, *, #1704, .T. ) ;
#3960 = EDGE_CURVE ( 'NONE', #4256, #353, #564, .T. ) ;
#3961 = VERTEX_POINT ( 'NONE', #1320 ) ;
#3962 = DIRECTION ( 'NONE',  ( 1.000000000000000000, 0.000000000000000000, 0.000000000000000000 ) ) ;
#3963 = DIRECTION ( 'NONE',  ( 0.000000000000000000, -1.000000000000000000, 0.000000000000000000 ) ) ;
#3964 = ORIENTED_EDGE ( 'NONE', *, *, #4431, .T. ) ;
#3965 = LINE ( 'NONE', #6342, #3674 ) ;
#3966 = ORIENTED_EDGE ( 'NONE', *, *, #189, .T. ) ;
#3967 = ORIENTED_EDGE ( 'NONE', *, *, #7769, .F. ) ;
#3968 = DIRECTION ( 'NONE',  ( 0.000000000000000000, 0.000000000000000000, 1.000000000000000000 ) ) ;
#3969 =( LENGTH_UNIT ( ) NAMED_UNIT ( * ) SI_UNIT ( .MILLI., .METRE. ) );
#3970 = DIRECTION ( 'NONE',  ( 1.000000000000000000, -3.469446951953614189E-15, 0.000000000000000000 ) ) ;
#3971 = VERTEX_POINT ( 'NONE', #4970 ) ;
#3972 = CARTESIAN_POINT ( 'NONE',  ( 0.000000000000000000, 417.4336293856408133, 12.00000000000000000 ) ) ;
#3973 = CYLINDRICAL_SURFACE ( 'NONE', #5047, 20.00000000000000000 ) ;
#3974 = VERTEX_POINT ( 'NONE', #1953 ) ;
#3975 = EDGE_LOOP ( 'NONE', ( #4683, #2694, #1025, #342, #1434, #3727 ) ) ;
#3976 = B_SPLINE_CURVE_WITH_KNOTS ( 'NONE', 3,
 ( #1532, #4545, #6959, #788 ),
 .UNSPECIFIED., .F., .F.,
 ( 4, 4 ),
 ( 0.000000000000000000, 1.000000000000000000 ),
 .UNSPECIFIED. ) ;
#3977 = CARTESIAN_POINT ( 'NONE',  ( -1135.500000000000227, 500.0000000000002274, 84.99999999999968736 ) ) ;
#3978 = FACE_OUTER_BOUND ( 'NONE', #3856, .T. ) ;
#3979 = DIRECTION ( 'NONE',  ( 0.000000000000000000, -1.000000000000000000, 3.491481338843133355E-15 ) ) ;
#3980 = EDGE_LOOP ( 'NONE', ( #6370, #5572, #1171, #2853 ) ) ;
#3981 = CIRCLE ( 'NONE', #4488, 12.99999999999998401 ) ;
#3982 = EDGE_CURVE ( 'NONE', #6804, #5384, #1826, .T. ) ;
#3983 = CARTESIAN_POINT ( 'NONE',  ( -814.5000000000002274, 422.5663706143598688, 254.4336293856395628 ) ) ;
#3984 = ORIENTED_EDGE ( 'NONE', *, *, #3403, .F. ) ;
#3985 = DIRECTION ( 'NONE',  ( 0.000000000000000000, 1.000000000000000000, 0.000000000000000000 ) ) ;
#3986 = CARTESIAN_POINT ( 'NONE',  ( -194.2928937188135592, 10.62315297896390653, -206.9207504915028153 ) ) ;
#3987 = DIRECTION ( 'NONE',  ( 0.000000000000000000, -0.000000000000000000, 1.000000000000000000 ) ) ;
#3988 = ORIENTED_EDGE ( 'NONE', *, *, #2825, .F. ) ;
#3989 = AXIS2_PLACEMENT_3D ( 'NONE', #5362, #4064, #2901 ) ;
#3990 = CARTESIAN_POINT ( 'NONE',  ( -164.7499999999997726, 0.000000000000000000, -144.5857864376209818 ) ) ;
#3991 = EDGE_CURVE ( 'NONE', #7363, #2819, #5602, .T. ) ;
#3992 = ADVANCED_FACE ( 'NONE', ( #7547, #4457, #2071 ), #1433, .F. ) ;
#3993 = CARTESIAN_POINT ( 'NONE',  ( -899.9999999999998863, 464.9999999999998863, 0.000000000000000000 ) ) ;
#3994 = AXIS2_PLACEMENT_3D ( 'NONE', #5005, #4300, #3099 ) ;
#3995 = ORIENTED_EDGE ( 'NONE', *, *, #2498, .F. ) ;
#3996 = LINE ( 'NONE', #5653, #3615 ) ;
#3997 = VERTEX_POINT ( 'NONE', #6903 ) ;
#3998 = EDGE_LOOP ( 'NONE', ( #3780, #7045, #812, #7777 ) ) ;
#3999 = DIRECTION ( 'NONE',  ( -1.000000000000000000, 0.000000000000000000, 0.000000000000000000 ) ) ;
#4000 = CARTESIAN_POINT ( 'NONE',  ( -8.000000000000055067, 0.000000000000000000, 195.0000000000000000 ) ) ;
#4001 = ORIENTED_EDGE ( 'NONE', *, *, #1294, .T. ) ;
#4002 = CARTESIAN_POINT ( 'NONE',  ( -398.5000000000003979, 174.9999999999998863, -8.000000000000000000 ) ) ;
#4003 = VERTEX_POINT ( 'NONE', #3255 ) ;
#4004 = VERTEX_POINT ( 'NONE', #2195 ) ;
#4005 = CYLINDRICAL_SURFACE ( 'NONE', #7727, 12.00000000000000000 ) ;
#4006 = SURFACE_SIDE_STYLE ('',( #2440 ) ) ;
#4007 = DIRECTION ( 'NONE',  ( 0.000000000000000000, 0.000000000000000000, 1.000000000000000000 ) ) ;
#4008 = AXIS2_PLACEMENT_3D ( 'NONE', #4124, #1699, #5984 ) ;
#4009 = EDGE_LOOP ( 'NONE', ( #1936, #3428, #1188, #3640 ) ) ;
#4010 = DIRECTION ( 'NONE',  ( 1.000000000000000000, 0.000000000000000000, 0.000000000000000000 ) ) ;
#4011 = DIRECTION ( 'NONE',  ( 0.000000000000000000, 0.000000000000000000, -1.000000000000000000 ) ) ;
#4012 = EDGE_LOOP ( 'NONE', ( #3199, #7805, #945, #1375 ) ) ;
#4013 = EDGE_LOOP ( 'NONE', ( #7396, #7688 ) ) ;
#4014 = DIRECTION ( 'NONE',  ( 0.000000000000000000, 0.000000000000000000, -1.000000000000000000 ) ) ;
#4015 = FACE_BOUND ( 'NONE', #3644, .T. ) ;
#4016 = CARTESIAN_POINT ( 'NONE',  ( -164.7499999999997726, -8.000000000000000000, -39.99999999999398170 ) ) ;
#4017 = DIRECTION ( 'NONE',  ( 4.270088556250596374E-15, -1.000000000000000000, 0.000000000000000000 ) ) ;
#4018 = EDGE_CURVE ( 'NONE', #1787, #6791, #7507, .T. ) ;
#4019 = EDGE_LOOP ( 'NONE', ( #5951, #2896 ) ) ;
#4020 = AXIS2_PLACEMENT_3D ( 'NONE', #3560, #4785, #7431 ) ;
#4021 = VECTOR ( 'NONE', #7029, 1000.000000000000000 ) ;
#4022 = AXIS2_PLACEMENT_3D ( 'NONE', #3441, #5941, #2322 ) ;
#4023 = CARTESIAN_POINT ( 'NONE',  ( -50.24999999999891287, 2.000000000000000000, -26.99999999999497646 ) ) ;
#4024 = ORIENTED_EDGE ( 'NONE', *, *, #7644, .F. ) ;
#4025 = CARTESIAN_POINT ( 'NONE',  ( -652.9999999999998863, 464.9999999999998863, -8.000000000000000000 ) ) ;
#4026 = DIRECTION ( 'NONE',  ( 1.000000000000000000, -0.000000000000000000, -1.290957005378089075E-16 ) ) ;
#4027 = DIRECTION ( 'NONE',  ( -0.000000000000000000, -0.000000000000000000, -1.000000000000000000 ) ) ;
#4028 = EDGE_LOOP ( 'NONE', ( #3398, #634 ) ) ;
#4029 = ADVANCED_FACE ( 'NONE', ( #6275 ), #207, .F. ) ;
#4030 = VECTOR ( 'NONE', #4463, 1000.000000000000000 ) ;
#4031 = AXIS2_PLACEMENT_3D ( 'NONE', #5755, #2340, #5991 ) ;
#4032 = CARTESIAN_POINT ( 'NONE',  ( 166.9999999999999716, 370.0000000000000568, -7.216449660063517513E-13 ) ) ;
#4033 = DIRECTION ( 'NONE',  ( 0.000000000000000000, 0.000000000000000000, -1.000000000000000000 ) ) ;
#4034 = ORIENTED_EDGE ( 'NONE', *, *, #6636, .T. ) ;
#4035 = LINE ( 'NONE', #4078, #5132 ) ;
#4036 = ORIENTED_EDGE ( 'NONE', *, *, #5489, .T. ) ;
#4037 = AXIS2_PLACEMENT_3D ( 'NONE', #841, #6858, #4451 ) ;
#4038 = VECTOR ( 'NONE', #7617, 1000.000000000000000 ) ;
#4039 = EDGE_CURVE ( 'NONE', #1883, #6271, #3732, .T. ) ;
#4040 = EDGE_CURVE ( 'NONE', #340, #7561, #2742, .T. ) ;
#4041 = AXIS2_PLACEMENT_3D ( 'NONE', #7111, #2198, #7787 ) ;
#4042 = CARTESIAN_POINT ( 'NONE',  ( -8.000000000000000000, 370.0000000000000000, 67.49999999999995737 ) ) ;
#4043 = ORIENTED_EDGE ( 'NONE', *, *, #6629, .F. ) ;
#4044 = CARTESIAN_POINT ( 'NONE',  ( -0.04412455403708865492, 10.46679555759130942, -206.2928932188135605 ) ) ;
#4045 = VERTEX_POINT ( 'NONE', #3338 ) ;
#4046 = EDGE_LOOP ( 'NONE', ( #6067, #1536, #7412, #3277 ) ) ;
#4047 = AXIS2_PLACEMENT_3D ( 'NONE', #478, #2373, #4247 ) ;
#4048 = DIRECTION ( 'NONE',  ( 1.224646799147353207E-16, -0.000000000000000000, 1.000000000000000000 ) ) ;
#4049 = CIRCLE ( 'NONE', #629, 13.00000000000001066 ) ;
#4050 = PLANE ( 'NONE',  #489 ) ;
#4051 = ORIENTED_EDGE ( 'NONE', *, *, #7258, .F. ) ;
#4052 = ADVANCED_FACE ( 'NONE', ( #3860 ), #3901, .F. ) ;
#4053 = ORIENTED_EDGE ( 'NONE', *, *, #4, .F. ) ;
#4054 = LINE ( 'NONE', #6470, #4913 ) ;
#4055 = CARTESIAN_POINT ( 'NONE',  ( -144.4999999999997442, 422.5663706143592435, 72.00000000000025580 ) ) ;
#4056 = AXIS2_PLACEMENT_3D ( 'NONE', #1048, #5281, #2153 ) ;
#4057 = VERTEX_POINT ( 'NONE', #4533 ) ;
#4058 = ORIENTED_EDGE ( 'NONE', *, *, #1460, .T. ) ;
#4059 = CARTESIAN_POINT ( 'NONE',  ( -385.4999999999999432, 39.99999999999987210, 0.000000000000000000 ) ) ;
#4060 = VECTOR ( 'NONE', #3700, 1000.000000000000000 ) ;
#4061 = DIRECTION ( 'NONE',  ( 0.000000000000000000, -4.270088556250591641E-15, 1.000000000000000000 ) ) ;
#4062 = EDGE_CURVE ( 'NONE', #5882, #6334, #6945, .T. ) ;
#4063 = MECHANICAL_DESIGN_GEOMETRIC_PRESENTATION_REPRESENTATION (  '', ( #5569 ), #2156 ) ;
#4064 = DIRECTION ( 'NONE',  ( 0.000000000000000000, 0.000000000000000000, -1.000000000000000000 ) ) ;
#4065 = CARTESIAN_POINT ( 'NONE',  ( -500.0000000000014211, 500.0000000000009095, 254.4336293856405007 ) ) ;
#4066 = AXIS2_PLACEMENT_3D ( 'NONE', #2453, #4876, #6699 ) ;
#4067 = ORIENTED_EDGE ( 'NONE', *, *, #5394, .T. ) ;
#4068 = CIRCLE ( 'NONE', #2667, 13.00000000000034461 ) ;
#4069 = ADVANCED_BREP_SHAPE_REPRESENTATION ( '', ( #818, #2120 ), #3242 ) ;
#4070 = CARTESIAN_POINT ( 'NONE',  ( 86.99999999999998579, 369.9999999999994884, -7.216449660063517513E-13 ) ) ;
#4071 = DIRECTION ( 'NONE',  ( 0.000000000000000000, 1.000000000000000000, 0.000000000000000000 ) ) ;
#4072 = DIRECTION ( 'NONE',  ( 0.000000000000000000, 1.000000000000000000, 0.000000000000000000 ) ) ;
#4073 = FACE_OUTER_BOUND ( 'NONE', #3222, .T. ) ;
#4074 = EDGE_CURVE ( 'NONE', #1183, #7042, #6258, .T. ) ;
#4075 = FACE_BOUND ( 'NONE', #660, .T. ) ;
#4076 = CARTESIAN_POINT ( 'NONE',  ( -206.9207504915028153, 10.62315297896395982, -198.2928930521468374 ) ) ;
#4077 = ORIENTED_EDGE ( 'NONE', *, *, #2873, .F. ) ;
#4078 = CARTESIAN_POINT ( 'NONE',  ( -207.0000000000001990, 67.25000000000002842, -206.2928932188134468 ) ) ;
#4079 = ORIENTED_EDGE ( 'NONE', *, *, #941, .F. ) ;
#4080 = B_SPLINE_CURVE_WITH_KNOTS ( 'NONE', 3,
 ( #1667, #1264, #593, #6617 ),
 .UNSPECIFIED., .F., .F.,
 ( 4, 4 ),
 ( 4.166666548825282040E-08, 1.000000000000000000 ),
 .UNSPECIFIED. ) ;
#4081 = DIRECTION ( 'NONE',  ( -1.000000000000000000, -0.000000000000000000, 0.000000000000000000 ) ) ;
#4082 = CARTESIAN_POINT ( 'NONE',  ( -64.50000000000000000, 357.4336293856408133, 0.000000000000000000 ) ) ;
#4083 = DIRECTION ( 'NONE',  ( -1.000000000000000000, 0.000000000000000000, 0.000000000000000000 ) ) ;
#4084 = ORIENTED_EDGE ( 'NONE', *, *, #4603, .T. ) ;
#4085 = ADVANCED_FACE ( 'NONE', ( #5088, #2704, #1556, #5126, #7628 ), #2157, .T. ) ;
#4086 = EDGE_CURVE ( 'NONE', #5113, #3296, #5753, .T. ) ;
#4087 = ORIENTED_EDGE ( 'NONE', *, *, #6316, .T. ) ;
#4088 = CARTESIAN_POINT ( 'NONE',  ( -1800.289821118911732, 417.4336293856408133, 12.00000000000000000 ) ) ;
#4089 = CIRCLE ( 'NONE', #4368, 13.00000000000001066 ) ;
#4090 = DIRECTION ( 'NONE',  ( -0.000000000000000000, -0.000000000000000000, -1.000000000000000000 ) ) ;
#4091 = ORIENTED_EDGE ( 'NONE', *, *, #2852, .F. ) ;
#4092 = CARTESIAN_POINT ( 'NONE',  ( 73.99999999999998579, 369.9999999999994884, -7.216449660063517513E-13 ) ) ;
#4093 = DIRECTION ( 'NONE',  ( 0.000000000000000000, -1.000000000000000000, 0.000000000000000000 ) ) ;
#4094 = ORIENTED_EDGE ( 'NONE', *, *, #7157, .F. ) ;
#4095 = VERTEX_POINT ( 'NONE', #2622 ) ;
#4096 = EDGE_CURVE ( 'NONE', #3527, #4560, #7270, .T. ) ;
#4097 = EDGE_CURVE ( 'NONE', #6495, #2627, #311, .T. ) ;
#4098 = CYLINDRICAL_SURFACE ( 'NONE', #637, 12.99999999999979039 ) ;
#4099 = DIRECTION ( 'NONE',  ( -1.000000000000000000, 0.000000000000000000, 0.000000000000000000 ) ) ;
#4100 = FACE_OUTER_BOUND ( 'NONE', #3896, .T. ) ;
#4101 = VECTOR ( 'NONE', #1682, 1000.000000000000227 ) ;
#4102 = LINE ( 'NONE', #3870, #522 ) ;
#4103 = ORIENTED_EDGE ( 'NONE', *, *, #5170, .F. ) ;
#4104 = CARTESIAN_POINT ( 'NONE',  ( -814.5000000000000000, 422.5663706143603235, 389.4336293856400175 ) ) ;
#4105 = DIRECTION ( 'NONE',  ( -0.000000000000000000, 1.000000000000000000, 3.491481338843133355E-15 ) ) ;
#4106 = CARTESIAN_POINT ( 'NONE',  ( 87.00000000000321165, 59.99999999999949551, -7.216449660063517513E-13 ) ) ;
#4107 = CARTESIAN_POINT ( 'NONE',  ( -64.49999999999977263, 430.5663706143591867, 72.00000000000024158 ) ) ;
#4108 = PLANE ( 'NONE',  #2840 ) ;
#4109 = AXIS2_PLACEMENT_3D ( 'NONE', #6125, #694, #2551 ) ;
#4110 = CARTESIAN_POINT ( 'NONE',  ( -20.70710678118653547, 9.705254955006104467, -214.8679174846906790 ) ) ;
#4111 = EDGE_LOOP ( 'NONE', ( #4492, #3709 ) ) ;
#4112 = FACE_OUTER_BOUND ( 'NONE', #4508, .T. ) ;
#4113 = ORIENTED_EDGE ( 'NONE', *, *, #229, .F. ) ;
#4114 = DIRECTION ( 'NONE',  ( 0.000000000000000000, 0.000000000000000000, 1.000000000000000000 ) ) ;
#4115 = AXIS2_PLACEMENT_3D ( 'NONE', #2276, #7112, #4733 ) ;
#4116 = CYLINDRICAL_SURFACE ( 'NONE', #5530, 13.00000000000001066 ) ;
#4117 = AXIS2_PLACEMENT_3D ( 'NONE', #6558, #2283, #2798 ) ;
#4118 = EDGE_CURVE ( 'NONE', #5870, #541, #7588, .T. ) ;
#4119 = LINE ( 'NONE', #7687, #3160 ) ;
#4120 = ORIENTED_EDGE ( 'NONE', *, *, #7208, .F. ) ;
#4121 = VERTEX_POINT ( 'NONE', #4575 ) ;
#4122 = CARTESIAN_POINT ( 'NONE',  ( -1135.500000000001364, 422.5663706143603235, 382.0000000000001137 ) ) ;
#4123 = VECTOR ( 'NONE', #462, 1000.000000000000000 ) ;
#4124 = CARTESIAN_POINT ( 'NONE',  ( -164.7499999999997726, 0.000000000000000000, -39.99999999999398170 ) ) ;
#4125 = EDGE_CURVE ( 'NONE', #5384, #6804, #2966, .T. ) ;
#4126 = ORIENTED_EDGE ( 'NONE', *, *, #1794, .T. ) ;
#4127 = CARTESIAN_POINT ( 'NONE',  ( -206.2928932188135889, 9.705254974873890106, -214.8679174869853910 ) ) ;
#4128 = CARTESIAN_POINT ( 'NONE',  ( -195.0000000000000000, -8.000000000000015987, -194.2928932188134752 ) ) ;
#4129 = ORIENTED_EDGE ( 'NONE', *, *, #1220, .T. ) ;
#4130 = ORIENTED_EDGE ( 'NONE', *, *, #2009, .F. ) ;
#4131 = FACE_OUTER_BOUND ( 'NONE', #7202, .T. ) ;
#4132 = DIRECTION ( 'NONE',  ( -0.000000000000000000, -1.000000000000000000, 0.000000000000000000 ) ) ;
#4133 = CARTESIAN_POINT ( 'NONE',  ( -1169.999999999999773, 437.4336293856406996, 69.43362938564057174 ) ) ;
#4134 = EDGE_CURVE ( 'NONE', #3173, #1343, #1676, .T. ) ;
#4135 = ADVANCED_FACE ( 'NONE', ( #2976 ), #6509, .F. ) ;
#4136 = LINE ( 'NONE', #5962, #4319 ) ;
#4137 = ORIENTED_EDGE ( 'NONE', *, *, #5582, .F. ) ;
#4138 = CARTESIAN_POINT ( 'NONE',  ( -51.49999999999998579, 357.4336293856408133, -8.000000000000000000 ) ) ;
#4139 = CYLINDRICAL_SURFACE ( 'NONE', #575, 13.00000000000003197 ) ;
#4140 = CARTESIAN_POINT ( 'NONE',  ( 4.189777606611744249E-14, 11.99999999999992895, 0.000000000000000000 ) ) ;
#4141 = DIRECTION ( 'NONE',  ( -0.000000000000000000, -0.000000000000000000, 1.000000000000000000 ) ) ;
#4142 = CARTESIAN_POINT ( 'NONE',  ( -15.14801898616395803, -7.553654921950760937, -194.2928932188135605 ) ) ;
#4143 = EDGE_CURVE ( 'NONE', #5834, #1376, #5377, .T. ) ;
#4144 = LINE ( 'NONE', #386, #2586 ) ;
#4145 = VECTOR ( 'NONE', #916, 1000.000000000000000 ) ;
#4146 = VERTEX_POINT ( 'NONE', #7707 ) ;
#4147 = CARTESIAN_POINT ( 'NONE',  ( 86.99999999999998579, 369.9999999999994884, 207.0000000000002842 ) ) ;
#4148 = EDGE_LOOP ( 'NONE', ( #7151, #2829 ) ) ;
#4149 = CIRCLE ( 'NONE', #4529, 12.99999999999984546 ) ;
#4150 = CIRCLE ( 'NONE', #5929, 13.00000000000000533 ) ;
#4151 = VECTOR ( 'NONE', #7139, 1000.000000000000000 ) ;
#4152 = DIRECTION ( 'NONE',  ( 0.000000000000000000, -0.9933958742919013485, 0.1147372517529902797 ) ) ;
#4153 = UNCERTAINTY_MEASURE_WITH_UNIT (LENGTH_MEASURE( 1.000000000000000082E-05 ), #4838, 'distance_accuracy_value', 'NONE');
#4154 = PLANE ( 'NONE',  #4655 ) ;
#4155 = FACE_OUTER_BOUND ( 'NONE', #3818, .T. ) ;
#4156 = VECTOR ( 'NONE', #1738, 1000.000000000000000 ) ;
#4157 = ORIENTED_EDGE ( 'NONE', *, *, #7067, .F. ) ;
#4158 = AXIS2_PLACEMENT_3D ( 'NONE', #3722, #6133, #2557 ) ;
#4159 = ORIENTED_EDGE ( 'NONE', *, *, #4877, .F. ) ;
#4160 = CARTESIAN_POINT ( 'NONE',  ( -500.0000000000000000, 422.5663706143603235, 389.4336293856408133 ) ) ;
#4161 = DIRECTION ( 'NONE',  ( 0.000000000000000000, 1.000000000000000000, 3.491481338843133355E-15 ) ) ;
#4162 = ADVANCED_FACE ( 'NONE', ( #4100 ), #7221, .F. ) ;
#4163 = AXIS2_PLACEMENT_3D ( 'NONE', #6950, #6240, #2114 ) ;
#4164 = EDGE_CURVE ( 'NONE', #1158, #2781, #2268, .T. ) ;
#4165 = AXIS2_PLACEMENT_3D ( 'NONE', #856, #5727, #6995 ) ;
#4166 = ORIENTED_EDGE ( 'NONE', *, *, #4333, .F. ) ;
#4167 = PRODUCT ( 'straight-bracket', 'straight-bracket', '', ( #3878 ) ) ;
#4168 = DIRECTION ( 'NONE',  ( 1.000000000000000000, 0.000000000000000000, 0.000000000000000000 ) ) ;
#4169 = LINE ( 'NONE', #1742, #2012 ) ;
#4170 = ORIENTED_EDGE ( 'NONE', *, *, #5238, .F. ) ;
#4171 = ORIENTED_EDGE ( 'NONE', *, *, #1547, .F. ) ;
#4172 = VECTOR ( 'NONE', #3582, 1000.000000000000000 ) ;
#4173 = EDGE_CURVE ( 'NONE', #1931, #3755, #2330, .T. ) ;
#4174 = PLANE ( 'NONE',  #3032 ) ;
#4175 = CARTESIAN_POINT ( 'NONE',  ( -398.4999999999999432, 39.99999999999987210, 0.000000000000000000 ) ) ;
#4176 = FACE_BOUND ( 'NONE', #73, .T. ) ;
#4177 = VECTOR ( 'NONE', #3412, 1000.000000000000000 ) ;
#4178 = CARTESIAN_POINT ( 'NONE',  ( -4.336808689942017736E-14, 430.0000000000000000, 19.99999999999995737 ) ) ;
#4179 = AXIS2_PLACEMENT_3D ( 'NONE', #961, #3373, #369 ) ;
#4180 = VERTEX_POINT ( 'NONE', #2229 ) ;
#4181 = CIRCLE ( 'NONE', #768, 13.00000000000001066 ) ;
#4182 = EDGE_CURVE ( 'NONE', #6028, #2893, #1637, .T. ) ;
#4183 = EDGE_CURVE ( 'NONE', #7331, #3450, #1712, .T. ) ;
#4184 = CARTESIAN_POINT ( 'NONE',  ( 3.053113317719180486E-13, 42.25000000000071765, -166.2928932188134752 ) ) ;
#4185 = AXIS2_PLACEMENT_3D ( 'NONE', #1626, #4048, #1039 ) ;
#4186 = CARTESIAN_POINT ( 'NONE',  ( 11.99999999999995559, 0.000000000000000000, 195.0000000000000000 ) ) ;
#4187 = CARTESIAN_POINT ( 'NONE',  ( -1055.500000000001137, 430.5663706143603235, 382.0000000000000568 ) ) ;
#4188 = DIRECTION ( 'NONE',  ( 1.000000000000000000, 0.000000000000000000, 0.000000000000000000 ) ) ;
#4189 = CARTESIAN_POINT ( 'NONE',  ( -17.57365695637357561, -7.999999999999998224, -194.2928932188135036 ) ) ;
#4190 = CIRCLE ( 'NONE', #2789, 13.00000000000001776 ) ;
#4191 = VECTOR ( 'NONE', #4114, 1000.000000000000000 ) ;
#4192 = ORIENTED_EDGE ( 'NONE', *, *, #3607, .F. ) ;
#4193 = CYLINDRICAL_SURFACE ( 'NONE', #7078, 13.00000000000001066 ) ;
#4194 = ORIENTED_EDGE ( 'NONE', *, *, #5309, .F. ) ;
#4195 = ADVANCED_FACE ( 'NONE', ( #6477, #4764, #6542, #5915, #4650, #3536, #1791, #528, #6625, #7174, #4694, #7108, #485, #4176, #1195, #2860, #1119 ), #1080, .F. ) ;
#4196 = CARTESIAN_POINT ( 'NONE',  ( 6.162975822039154730E-30, 0.000000000000000000, 8.000000000000000000 ) ) ;
#4197 = ORIENTED_EDGE ( 'NONE', *, *, #7583, .T. ) ;
#4198 = CYLINDRICAL_SURFACE ( 'NONE', #6183, 20.00000000000000000 ) ;
#4199 = PLANE ( 'NONE',  #2287 ) ;
#4200 = DIRECTION ( 'NONE',  ( -1.000000000000000000, 0.000000000000000000, 0.000000000000000000 ) ) ;
#4201 = DIRECTION ( 'NONE',  ( -0.000000000000000000, -0.000000000000000000, 1.000000000000000000 ) ) ;
#4202 = EDGE_LOOP ( 'NONE', ( #3274, #4423, #7563, #3497 ) ) ;
#4203 = EDGE_LOOP ( 'NONE', ( #7516, #26 ) ) ;
#4204 = CARTESIAN_POINT ( 'NONE',  ( -8.707106781186524813, 11.08007733455488797, -206.9735252675777701 ) ) ;
#4205 = CARTESIAN_POINT ( 'NONE',  ( -1068.499999999999773, 357.4336293856409270, 69.43362938564074227 ) ) ;
#4206 = DIRECTION ( 'NONE',  ( 3.638767736231520119E-15, 1.123591056347298540E-29, -1.000000000000000000 ) ) ;
#4207 = VERTEX_POINT ( 'NONE', #2823 ) ;
#4208 = CARTESIAN_POINT ( 'NONE',  ( -19.99999999999995737, 11.99999999999999822, -194.2928932188135320 ) ) ;
#4209 = DIRECTION ( 'NONE',  ( -0.000000000000000000, -0.000000000000000000, 1.000000000000000000 ) ) ;
#4210 = EDGE_LOOP ( 'NONE', ( #1467, #3196 ) ) ;
#4211 = EDGE_CURVE ( 'NONE', #6545, #2713, #6765, .T. ) ;
#4212 = CARTESIAN_POINT ( 'NONE',  ( -205.0000000000000000, 0.000000000000000000, -9.999999999999975131 ) ) ;
#4213 = CARTESIAN_POINT ( 'NONE',  ( -840.0000000000001137, 437.4336293856408702, 34.43362938564073517 ) ) ;
#4214 = CARTESIAN_POINT ( 'NONE',  ( -1200.000000000000000, -1.469576158976823797E-13, -8.000000000000000000 ) ) ;
#4215 = DIRECTION ( 'NONE',  ( 0.000000000000000000, -4.270088556250023661E-15, -1.000000000000000000 ) ) ;
#4216 = EDGE_LOOP ( 'NONE', ( #4491, #2587 ) ) ;
#4217 = ADVANCED_FACE ( 'NONE', ( #5878, #7065, #1050, #3495, #1162 ), #5328, .T. ) ;
#4218 = PLANE ( 'NONE',  #1762 ) ;
#4219 = CYLINDRICAL_SURFACE ( 'NONE', #4115, 12.00000000000000000 ) ;
#4220 = DIRECTION ( 'NONE',  ( 1.000000000000000000, 0.000000000000000000, 0.000000000000000000 ) ) ;
#4221 = CYLINDRICAL_SURFACE ( 'NONE', #6874, 13.00000000000000533 ) ;
#4222 = CARTESIAN_POINT ( 'NONE',  ( 0.000000000000000000, 417.4336293856408133, 12.00000000000000000 ) ) ;
#4223 = EDGE_CURVE ( 'NONE', #7657, #2627, #1348, .T. ) ;
#4224 = ORIENTED_EDGE ( 'NONE', *, *, #6174, .F. ) ;
#4225 = LINE ( 'NONE', #6639, #4928 ) ;
#4226 = ORIENTED_EDGE ( 'NONE', *, *, #4223, .F. ) ;
#4227 = LINE ( 'NONE', #2474, #2632 ) ;
#4228 = ORIENTED_EDGE ( 'NONE', *, *, #458, .F. ) ;
#4229 = PRODUCT_DEFINITION_SHAPE ( 'NONE', 'NONE',  #3236 ) ;
#4230 =( LENGTH_UNIT ( ) NAMED_UNIT ( * ) SI_UNIT ( .MILLI., .METRE. ) );
#4231 = CARTESIAN_POINT ( 'NONE',  ( -204.9999999999999432, -8.000000000000000000, -197.5900000000000034 ) ) ;
#4232 = EDGE_CURVE ( 'NONE', #7005, #1334, #948, .T. ) ;
#4233 = EDGE_CURVE ( 'NONE', #6367, #1002, #6392, .T. ) ;
#4234 =( NAMED_UNIT ( * ) PLANE_ANGLE_UNIT ( ) SI_UNIT ( $, .RADIAN. ) );
#4235 = DIRECTION ( 'NONE',  ( -0.000000000000000000, -0.000000000000000000, 1.000000000000000000 ) ) ;
#4236 = DIRECTION ( 'NONE',  ( 0.000000000000000000, 1.000000000000000000, -3.491481338843133355E-15 ) ) ;
#4237 = AXIS2_PLACEMENT_3D ( 'NONE', #2110, #1007, #6314 ) ;
#4238 = ORIENTED_EDGE ( 'NONE', *, *, #4960, .F. ) ;
#4239 = ORIENTED_EDGE ( 'NONE', *, *, #5583, .F. ) ;
#4240 = DIRECTION ( 'NONE',  ( -1.000000000000000000, -3.338921167859689429E-15, -5.916456789157586789E-31 ) ) ;
#4241 = DIRECTION ( 'NONE',  ( 0.000000000000000000, -1.000000000000000000, 0.000000000000000000 ) ) ;
#4242 = AXIS2_PLACEMENT_3D ( 'NONE', #7294, #85, #1828 ) ;
#4243 = ORIENTED_EDGE ( 'NONE', *, *, #5258, .F. ) ;
#4244 = EDGE_CURVE ( 'NONE', #616, #864, #5596, .T. ) ;
#4245 = CARTESIAN_POINT ( 'NONE',  ( -50.24999999999891287, 0.000000000000000000, -39.99999999999495515 ) ) ;
#4246 = CARTESIAN_POINT ( 'NONE',  ( -10.00000000000006928, -8.000000000000000000, -197.5900000000000034 ) ) ;
#4247 = DIRECTION ( 'NONE',  ( 0.000000000000000000, -0.000000000000000000, -1.000000000000000000 ) ) ;
#4248 = AXIS2_PLACEMENT_3D ( 'NONE', #4321, #1934, #4355 ) ;
#4249 = ORIENTED_EDGE ( 'NONE', *, *, #4704, .T. ) ;
#4250 = VECTOR ( 'NONE', #341, 1000.000000000000000 ) ;
#4251 = CARTESIAN_POINT ( 'NONE',  ( 87.00000000000321165, 59.99999999999949551, -7.216449660063517513E-13 ) ) ;
#4252 = CARTESIAN_POINT ( 'NONE',  ( -560.0000000000000000, -2.775557561562891351E-13, 34.43362938563920750 ) ) ;
#4253 = CARTESIAN_POINT ( 'NONE',  ( -1055.499999999996817, 47.43362938564094122, 69.43362938564074227 ) ) ;
#4254 = EDGE_CURVE ( 'NONE', #7611, #7203, #3777, .T. ) ;
#4255 = FACE_BOUND ( 'NONE', #4930, .T. ) ;
#4256 = VERTEX_POINT ( 'NONE', #2422 ) ;
#4257 = CARTESIAN_POINT ( 'NONE',  ( -385.4999999999997158, 422.5663706143599256, 267.4336293856413249 ) ) ;
#4258 = CARTESIAN_POINT ( 'NONE',  ( 0.000000000000000000, 0.000000000000000000, -10.00000000000006928 ) ) ;
#4259 = EDGE_LOOP ( 'NONE', ( #4103, #7654 ) ) ;
#4260 = CARTESIAN_POINT ( 'NONE',  ( -51.50000000000324007, 47.43362938564082754, -8.000000000000000000 ) ) ;
#4261 = EDGE_CURVE ( 'NONE', #1218, #3203, #5514, .T. ) ;
#4262 = VECTOR ( 'NONE', #4871, 1000.000000000000000 ) ;
#4263 = ORIENTED_EDGE ( 'NONE', *, *, #7796, .F. ) ;
#4264 = DIRECTION ( 'NONE',  ( 3.491481338843134144E-15, -0.000000000000000000, 1.000000000000000000 ) ) ;
#4265 = PRESENTATION_LAYER_ASSIGNMENT (  '', '', ( #6535 ) ) ;
#4266 = ORIENTED_EDGE ( 'NONE', *, *, #6464, .T. ) ;
#4267 = CYLINDRICAL_SURFACE ( 'NONE', #3525, 13.00000000000001066 ) ;
#4268 = EDGE_LOOP ( 'NONE', ( #6390, #6740 ) ) ;
#4269 = DIRECTION ( 'NONE',  ( -0.000000000000000000, -1.000000000000000000, -0.000000000000000000 ) ) ;
#4270 = PRESENTATION_STYLE_ASSIGNMENT (( #5378 ) ) ;
#4271 = FACE_BOUND ( 'NONE', #2351, .T. ) ;
#4272 = PRESENTATION_STYLE_ASSIGNMENT (( #6056 ) ) ;
#4273 = CYLINDRICAL_SURFACE ( 'NONE', #3168, 13.00000000000001066 ) ;
#4274 = VERTEX_POINT ( 'NONE', #6192 ) ;
#4275 = CIRCLE ( 'NONE', #1867, 13.00000000000001066 ) ;
#4276 = ORIENTED_EDGE ( 'NONE', *, *, #4173, .F. ) ;
#4277 = EDGE_CURVE ( 'NONE', #7242, #2670, #4997, .T. ) ;
#4278 = ADVANCED_FACE ( 'NONE', ( #4882 ), #4404, .F. ) ;
#4279 = CARTESIAN_POINT ( 'NONE',  ( -131.5000000000000284, 357.4336293856408133, 69.43362938564074227 ) ) ;
#4280 = DIRECTION ( 'NONE',  ( 0.000000000000000000, 0.000000000000000000, -1.000000000000000000 ) ) ;
#4281 = EDGE_LOOP ( 'NONE', ( #225, #1835, #1881, #608 ) ) ;
#4282 = FACE_OUTER_BOUND ( 'NONE', #4009, .T. ) ;
#4283 = AXIS2_PLACEMENT_3D ( 'NONE', #567, #7823, #4807 ) ;
#4284 = VECTOR ( 'NONE', #466, 1000.000000000000000 ) ;
#4285 = AXIS2_PLACEMENT_3D ( 'NONE', #6863, #2070, #6902 ) ;
#4286 = CARTESIAN_POINT ( 'NONE',  ( 0.000000000000000000, 437.4336293856408133, 39.43362938564060016 ) ) ;
#4287 = DIRECTION ( 'NONE',  ( 1.000000000000000000, -1.485337816544132151E-31, -1.084202172485505420E-16 ) ) ;
#4288 = EDGE_LOOP ( 'NONE', ( #1153, #5702, #6239, #5423 ) ) ;
#4289 = ADVANCED_FACE ( 'NONE', ( #5477 ), #3177, .F. ) ;
#4290 = CARTESIAN_POINT ( 'NONE',  ( -5.551115123125782702E-14, 430.0000000000000568, 195.0000000000000000 ) ) ;
#4291 = VECTOR ( 'NONE', #453, 1000.000000000000000 ) ;
#4292 = PRESENTATION_LAYER_ASSIGNMENT (  '', '', ( #5305 ) ) ;
#4293 = FACE_OUTER_BOUND ( 'NONE', #1475, .T. ) ;
#4294 = CARTESIAN_POINT ( 'NONE',  ( -1200.000000000000000, 464.9999999999998863, -8.000000000000000000 ) ) ;
#4295 = CARTESIAN_POINT ( 'NONE',  ( -20.70710678118653547, 1.304252366732571389, -200.6320824895401813 ) ) ;
#4296 = APPLICATION_CONTEXT ( 'automotive_design' ) ;
#4297 = ORIENTED_EDGE ( 'NONE', *, *, #600, .F. ) ;
#4298 = CARTESIAN_POINT ( 'NONE',  ( -30.00000000000020250, 437.4336293856406996, 69.43362938564074227 ) ) ;
#4299 = CIRCLE ( 'NONE', #5432, 13.00000000000001066 ) ;
#4300 = DIRECTION ( 'NONE',  ( 0.000000000000000000, 1.000000000000000000, -3.491481338843133355E-15 ) ) ;
#4301 = ORIENTED_EDGE ( 'NONE', *, *, #13, .F. ) ;
#4302 = VECTOR ( 'NONE', #4994, 1000.000000000000000 ) ;
#4303 = DIRECTION ( 'NONE',  ( 1.000000000000000000, 0.000000000000000000, 0.000000000000000000 ) ) ;
#4304 = CIRCLE ( 'NONE', #7599, 13.00000000000001066 ) ;
#4305 = ORIENTED_EDGE ( 'NONE', *, *, #4391, .T. ) ;
#4306 = LINE ( 'NONE', #2433, #5186 ) ;
#4307 = EDGE_LOOP ( 'NONE', ( #679, #2634 ) ) ;
#4308 = CARTESIAN_POINT ( 'NONE',  ( 0.000000000000000000, 0.000000000000000000, 0.000000000000000000 ) ) ;
#4309 = ORIENTED_EDGE ( 'NONE', *, *, #288, .F. ) ;
#4310 = ADVANCED_FACE ( 'NONE', ( #3618, #4846, #6117 ), #5437, .T. ) ;
#4311 = CARTESIAN_POINT ( 'NONE',  ( -8.000000000000000000, -6.162975822039154730E-30, 0.000000000000000000 ) ) ;
#4312 = CIRCLE ( 'NONE', #5575, 12.99999999999999822 ) ;
#4313 = AXIS2_PLACEMENT_3D ( 'NONE', #6516, #4771, #419 ) ;
#4314 = FACE_OUTER_BOUND ( 'NONE', #5412, .T. ) ;
#4315 = DIRECTION ( 'NONE',  ( 0.000000000000000000, 4.270088556250661850E-15, 1.000000000000000000 ) ) ;
#4316 = CARTESIAN_POINT ( 'NONE',  ( -814.5000000000000000, 430.5663706143603235, 389.4336293856399607 ) ) ;
#4317 = ORIENTED_EDGE ( 'NONE', *, *, #3229, .F. ) ;
#4318 = ORIENTED_EDGE ( 'NONE', *, *, #2200, .F. ) ;
#4319 = VECTOR ( 'NONE', #3496, 1000.000000000000000 ) ;
#4320 = CARTESIAN_POINT ( 'NONE',  ( -205.0000000000000000, -8.000000000000000000, -187.5900000000000034 ) ) ;
#4321 = CARTESIAN_POINT ( 'NONE',  ( 0.000000000000000000, -8.000000000000000000, -10.00000000000007105 ) ) ;
#4322 = CONTEXT_DEPENDENT_SHAPE_REPRESENTATION ( #4993, #5998 ) ;
#4323 = EDGE_LOOP ( 'NONE', ( #3889, #6280, #4593, #6848 ) ) ;
#4324 = CARTESIAN_POINT ( 'NONE',  ( -19.99999999999995737, -8.000000000000000000, -194.2928932188135320 ) ) ;
#4325 = DIRECTION ( 'NONE',  ( 3.486207565248076192E-15, 0.000000000000000000, -1.000000000000000000 ) ) ;
#4326 = ADVANCED_FACE ( 'NONE', ( #605 ), #3016, .F. ) ;
#4327 = FACE_OUTER_BOUND ( 'NONE', #5465, .T. ) ;
#4328 = EDGE_LOOP ( 'NONE', ( #2136, #6373 ) ) ;
#4329 = PLANE ( 'NONE',  #1015 ) ;
#4330 = CARTESIAN_POINT ( 'NONE',  ( 180.0000000000032117, 60.00000000000005684, -7.216449660063517513E-13 ) ) ;
#4331 = DIRECTION ( 'NONE',  ( 0.000000000000000000, -1.000000000000000000, -3.491481338843133355E-15 ) ) ;
#4332 = FACE_BOUND ( 'NONE', #36, .T. ) ;
#4333 = EDGE_CURVE ( 'NONE', #1787, #5816, #6153, .T. ) ;
#4334 = EDGE_CURVE ( 'NONE', #5239, #6677, #48, .T. ) ;
#4335 = ORIENTED_EDGE ( 'NONE', *, *, #357, .T. ) ;
#4336 = ORIENTED_EDGE ( 'NONE', *, *, #6210, .F. ) ;
#4337 = DIRECTION ( 'NONE',  ( -1.000000000000000000, -3.301778511896374732E-15, -0.000000000000000000 ) ) ;
#4338 = DIRECTION ( 'NONE',  ( 0.000000000000000000, 4.270088556250671316E-15, 1.000000000000000000 ) ) ;
#4339 = EDGE_LOOP ( 'NONE', ( #3929, #1557 ) ) ;
#4340 = DIRECTION ( 'NONE',  ( 0.000000000000000000, 4.270088556250598741E-15, 1.000000000000000000 ) ) ;
#4341 = ORIENTED_EDGE ( 'NONE', *, *, #5337, .F. ) ;
#4342 = ORIENTED_EDGE ( 'NONE', *, *, #6892, .F. ) ;
#4343 = DIRECTION ( 'NONE',  ( 0.000000000000000000, 1.000000000000000000, -3.491481338843133355E-15 ) ) ;
#4344 = ORIENTED_EDGE ( 'NONE', *, *, #2288, .F. ) ;
#4345 = DIRECTION ( 'NONE',  ( -3.491481338843132961E-15, -1.000000000000000000, -0.000000000000000000 ) ) ;
#4346 = CARTESIAN_POINT ( 'NONE',  ( 2.348021200372008033E-13, 67.25000000000000000, 0.000000000000000000 ) ) ;
#4347 = CARTESIAN_POINT ( 'NONE',  ( 166.9999999999999716, 370.0000000000000568, 215.0000000000000000 ) ) ;
#4348 = ADVANCED_FACE ( 'NONE', ( #6707 ), #2497, .F. ) ;
#4349 =( LENGTH_UNIT ( ) NAMED_UNIT ( * ) SI_UNIT ( .MILLI., .METRE. ) );
#4350 = SURFACE_SIDE_STYLE ('',( #630 ) ) ;
#4351 = CARTESIAN_POINT ( 'NONE',  ( -10.02109809514094252, 5.177911802334372204, -194.2928932188135036 ) ) ;
#4352 = EDGE_LOOP ( 'NONE', ( #3630, #2771, #5707, #693 ) ) ;
#4353 = EDGE_LOOP ( 'NONE', ( #4051, #1014, #4670, #550 ) ) ;
#4354 = LINE ( 'NONE', #1562, #3420 ) ;
#4355 = DIRECTION ( 'NONE',  ( 0.000000000000000000, 0.000000000000000000, -1.000000000000000000 ) ) ;
#4356 = VERTEX_POINT ( 'NONE', #4923 ) ;
#4357 = EDGE_CURVE ( 'NONE', #263, #2561, #1575, .T. ) ;
#4358 = CARTESIAN_POINT ( 'NONE',  ( -1055.500000000000000, 500.0000000000002274, 59.00000000000007816 ) ) ;
#4359 = AXIS2_PLACEMENT_3D ( 'NONE', #6282, #2677, #3953 ) ;
#4360 = DIRECTION ( 'NONE',  ( -0.000000000000000000, -0.000000000000000000, 1.000000000000000000 ) ) ;
#4361 = DIRECTION ( 'NONE',  ( 0.000000000000000000, 0.000000000000000000, -1.000000000000000000 ) ) ;
#4362 = ORIENTED_EDGE ( 'NONE', *, *, #5258, .T. ) ;
#4363 = CARTESIAN_POINT ( 'NONE',  ( 0.000000000000000000, 442.5663706143591298, 12.00000000000000000 ) ) ;
#4364 = CIRCLE ( 'NONE', #2212, 13.00000000000001066 ) ;
#4365 = FACE_OUTER_BOUND ( 'NONE', #7380, .T. ) ;
#4366 = EDGE_CURVE ( 'NONE', #2627, #6495, #3091, .T. ) ;
#4367 = DIRECTION ( 'NONE',  ( -0.000000000000000000, -1.000000000000000000, 3.491481338843132961E-15 ) ) ;
#4368 = AXIS2_PLACEMENT_3D ( 'NONE', #2240, #7079, #6486 ) ;
#4369 = FACE_OUTER_BOUND ( 'NONE', #3148, .T. ) ;
#4370 = EDGE_LOOP ( 'NONE', ( #4892, #3424, #3483, #3330 ) ) ;
#4371 = ORIENTED_EDGE ( 'NONE', *, *, #2864, .F. ) ;
#4372 = AXIS2_PLACEMENT_3D ( 'NONE', #827, #6847, #5697 ) ;
#4373 = DIRECTION ( 'NONE',  ( -0.000000000000000000, -0.000000000000000000, 1.000000000000000000 ) ) ;
#4374 = LINE ( 'NONE', #777, #69 ) ;
#4375 = EDGE_CURVE ( 'NONE', #6410, #1412, #6011, .T. ) ;
#4376 = ADVANCED_FACE ( 'NONE', ( #3815, #7454, #2024, #2611, #197 ), #5628, .T. ) ;
#4377 = DIRECTION ( 'NONE',  ( 0.000000000000000000, 0.000000000000000000, -1.000000000000000000 ) ) ;
#4378 = VERTEX_POINT ( 'NONE', #6482 ) ;
#4379 = EDGE_LOOP ( 'NONE', ( #5470, #975, #3439, #7511 ) ) ;
#4380 = DIRECTION ( 'NONE',  ( -0.000000000000000000, -0.000000000000000000, 1.000000000000000000 ) ) ;
#4381 = ORIENTED_EDGE ( 'NONE', *, *, #5583, .T. ) ;
#4382 = DIRECTION ( 'NONE',  ( 0.000000000000000000, -0.000000000000000000, 1.000000000000000000 ) ) ;
#4383 = ADVANCED_FACE ( 'NONE', ( #3429 ), #2311, .F. ) ;
#4384 = CARTESIAN_POINT ( 'NONE',  ( -840.0000000000001137, 437.4336293856408702, 21.43362938564070319 ) ) ;
#4385 = VECTOR ( 'NONE', #4753, 1000.000000000000000 ) ;
#4386 = DIRECTION ( 'NONE',  ( -0.000000000000000000, -0.000000000000000000, 1.000000000000000000 ) ) ;
#4387 = LINE ( 'NONE', #6763, #2688 ) ;
#4388 = CARTESIAN_POINT ( 'NONE',  ( -1200.000000000000000, 0.000000000000000000, -8.000000000000000000 ) ) ;
#4389 = ORIENTED_EDGE ( 'NONE', *, *, #861, .T. ) ;
#4390 = ORIENTED_EDGE ( 'NONE', *, *, #2436, .T. ) ;
#4391 = EDGE_CURVE ( 'NONE', #4936, #1035, #695, .T. ) ;
#4392 = CARTESIAN_POINT ( 'NONE',  ( 87.00000000000321165, 59.99999999999949551, -7.216449660063517513E-13 ) ) ;
#4393 = ORIENTED_EDGE ( 'NONE', *, *, #1468, .F. ) ;
#4394 = CARTESIAN_POINT ( 'NONE',  ( 0.000000000000000000, 60.00000000000000000, 67.50000000000319744 ) ) ;
#4395 = DIRECTION ( 'NONE',  ( -0.000000000000000000, -0.000000000000000000, -1.000000000000000000 ) ) ;
#4396 = DIRECTION ( 'NONE',  ( -0.000000000000000000, -1.000000000000000000, 3.491481338843133355E-15 ) ) ;
#4397 = ORIENTED_EDGE ( 'NONE', *, *, #4509, .T. ) ;
#4398 = VERTEX_POINT ( 'NONE', #7145 ) ;
#4399 = AXIS2_PLACEMENT_3D ( 'NONE', #1576, #234, #7494 ) ;
#4400 = DIRECTION ( 'NONE',  ( 3.491481338843134144E-15, -0.000000000000000000, 1.000000000000000000 ) ) ;
#4401 = EDGE_CURVE ( 'NONE', #7561, #4571, #7018, .T. ) ;
#4402 = LINE ( 'NONE', #1425, #7446 ) ;
#4403 = AXIS2_PLACEMENT_3D ( 'NONE', #6142, #6733, #4907 ) ;
#4404 = CYLINDRICAL_SURFACE ( 'NONE', #3737, 13.00000000000012257 ) ;
#4405 = VECTOR ( 'NONE', #6068, 1000.000000000000000 ) ;
#4406 = CIRCLE ( 'NONE', #2626, 13.00000000000001066 ) ;
#4407 = DIRECTION ( 'NONE',  ( -1.000000000000000000, 0.000000000000000000, 0.000000000000000000 ) ) ;
#4408 = ORIENTED_EDGE ( 'NONE', *, *, #269, .T. ) ;
#4409 = VERTEX_POINT ( 'NONE', #6515 ) ;
#4410 = ADVANCED_FACE ( 'NONE', ( #493 ), #4813, .F. ) ;
#4411 = VECTOR ( 'NONE', #3094, 1000.000000000000000 ) ;
#4412 = COLOUR_RGB ( '',0.7921568627450980005, 0.8196078431372548767, 0.9333333333333333481 ) ;
#4413 = CARTESIAN_POINT ( 'NONE',  ( -206.2928932188135605, 12.00000000000010481, -207.0000000000000000 ) ) ;
#4414 = DIRECTION ( 'NONE',  ( -0.000000000000000000, -0.000000000000000000, -1.000000000000000000 ) ) ;
#4415 = CARTESIAN_POINT ( 'NONE',  ( 0.000000000000000000, 417.4336293856407565, 0.000000000000000000 ) ) ;
#4416 = AXIS2_PLACEMENT_3D ( 'NONE', #6523, #1094, #504 ) ;
#4417 = ORIENTED_EDGE ( 'NONE', *, *, #2193, .T. ) ;
#4418 = EDGE_CURVE ( 'NONE', #2181, #1164, #4364, .T. ) ;
#4419 = EDGE_CURVE ( 'NONE', #3671, #110, #1796, .T. ) ;
#4420 = VECTOR ( 'NONE', #7775, 1000.000000000000000 ) ;
#4421 = ORIENTED_EDGE ( 'NONE', *, *, #3924, .T. ) ;
#4422 = DIRECTION ( 'NONE',  ( 0.000000000000000000, 1.000000000000000000, 0.000000000000000000 ) ) ;
#4423 = ORIENTED_EDGE ( 'NONE', *, *, #4182, .F. ) ;
#4424 = AXIS2_PLACEMENT_3D ( 'NONE', #4455, #3252, #2582 ) ;
#4425 = LINE ( 'NONE', #703, #6432 ) ;
#4426 = DIRECTION ( 'NONE',  ( 0.000000000000000000, 1.000000000000000000, -3.491481338843133355E-15 ) ) ;
#4427 = VECTOR ( 'NONE', #951, 1000.000000000000000 ) ;
#4428 = FACE_OUTER_BOUND ( 'NONE', #6802, .T. ) ;
#4429 = AXIS2_PLACEMENT_3D ( 'NONE', #3447, #7738, #1581 ) ;
#4430 = CYLINDRICAL_SURFACE ( 'NONE', #7330, 13.00000000000001066 ) ;
#4431 = EDGE_CURVE ( 'NONE', #1164, #2181, #824, .T. ) ;
#4432 = EDGE_CURVE ( 'NONE', #927, #561, #3218, .T. ) ;
#4433 = DIRECTION ( 'NONE',  ( 1.000000000000000000, 0.000000000000000000, -3.469446951953611428E-15 ) ) ;
#4434 = ORIENTED_EDGE ( 'NONE', *, *, #6602, .T. ) ;
#4435 = DIRECTION ( 'NONE',  ( 0.000000000000000000, 0.000000000000000000, -1.000000000000000000 ) ) ;
#4436 = ORIENTED_EDGE ( 'NONE', *, *, #5440, .T. ) ;
#4437 = CIRCLE ( 'NONE', #5067, 13.00000000000003197 ) ;
#4438 = VECTOR ( 'NONE', #6732, 1000.000000000000000 ) ;
#4439 = CARTESIAN_POINT ( 'NONE',  ( 0.000000000000000000, -8.000000000000000000, -194.2928932188135320 ) ) ;
#4440 = ITEM_DEFINED_TRANSFORMATION ( 'NONE', 'NONE', #2354,  #2120 ) ;
#4441 = VERTEX_POINT ( 'NONE', #4700 ) ;
#4442 = DIRECTION ( 'NONE',  ( -1.000000000000000000, 0.000000000000000000, 0.000000000000000000 ) ) ;
#4443 = VECTOR ( 'NONE', #42, 1000.000000000000000 ) ;
#4444 = DIRECTION ( 'NONE',  ( 4.507352293526412556E-31, -1.000000000000000000, 3.491481338843133355E-15 ) ) ;
#4445 = CARTESIAN_POINT ( 'NONE',  ( -814.5000000000000000, 430.5663706143603235, 389.4336293856399607 ) ) ;
#4446 = CIRCLE ( 'NONE', #7220, 13.00000000000001066 ) ;
#4447 = ORIENTED_EDGE ( 'NONE', *, *, #7258, .T. ) ;
#4448 = LINE ( 'NONE', #5708, #6827 ) ;
#4449 = CARTESIAN_POINT ( 'NONE',  ( 0.000000000000000000, 422.5663706143590161, 12.00000000000006573 ) ) ;
#4450 = DIRECTION ( 'NONE',  ( 0.000000000000000000, 0.000000000000000000, -1.000000000000000000 ) ) ;
#4451 = DIRECTION ( 'NONE',  ( 0.000000000000000000, 1.000000000000000000, -3.301778511896373943E-15 ) ) ;
#4452 = CARTESIAN_POINT ( 'NONE',  ( 207.0000000000000284, 0.000000000000000000, 7.999999999999277023 ) ) ;
#4453 = ORIENTED_EDGE ( 'NONE', *, *, #5077, .F. ) ;
#4454 = ORIENTED_EDGE ( 'NONE', *, *, #7679, .F. ) ;
#4455 = CARTESIAN_POINT ( 'NONE',  ( 0.000000000000000000, 0.000000000000000000, -8.000000000000000000 ) ) ;
#4456 = CYLINDRICAL_SURFACE ( 'NONE', #606, 13.00000000000001066 ) ;
#4457 = FACE_BOUND ( 'NONE', #6381, .T. ) ;
#4458 = EDGE_CURVE ( 'NONE', #3923, #1500, #7276, .T. ) ;
#4459 = ORIENTED_EDGE ( 'NONE', *, *, #5361, .T. ) ;
#4460 = VERTEX_POINT ( 'NONE', #7829 ) ;
#4461 = LINE ( 'NONE', #5093, #7195 ) ;
#4462 = EDGE_LOOP ( 'NONE', ( #2167, #5786 ) ) ;
#4463 = DIRECTION ( 'NONE',  ( -0.000000000000000000, -1.000000000000000000, 3.491481338843133355E-15 ) ) ;
#4464 = SURFACE_SIDE_STYLE ('',( #216 ) ) ;
#4465 = EDGE_LOOP ( 'NONE', ( #4498, #5018, #256, #6469 ) ) ;
#4466 = ADVANCED_FACE ( 'NONE', ( #1718 ), #4219, .F. ) ;
#4467 = DIRECTION ( 'NONE',  ( 0.000000000000000000, 0.000000000000000000, -1.000000000000000000 ) ) ;
#4468 = PRESENTATION_STYLE_ASSIGNMENT (( #3154 ) ) ;
#4469 = DIRECTION ( 'NONE',  ( -1.000000000000000000, 0.000000000000000000, 0.000000000000000000 ) ) ;
#4470 = CARTESIAN_POINT ( 'NONE',  ( -686.9999999999995453, 174.9999999999998863, 2.000000000000000000 ) ) ;
#4471 = ORIENTED_EDGE ( 'NONE', *, *, #2715, .T. ) ;
#4472 = DIRECTION ( 'NONE',  ( 0.000000000000000000, 0.000000000000000000, 1.000000000000000000 ) ) ;
#4473 = ORIENTED_EDGE ( 'NONE', *, *, #3163, .F. ) ;
#4474 = AXIS2_PLACEMENT_3D ( 'NONE', #420, #3585, #7114 ) ;
#4475 = DIRECTION ( 'NONE',  ( 3.338921167859688640E-15, -1.000000000000000000, 0.000000000000000000 ) ) ;
#4476 = EDGE_CURVE ( 'NONE', #6119, #1067, #702, .T. ) ;
#4477 = ADVANCED_FACE ( 'NONE', ( #5254 ), #7673, .F. ) ;
#4478 = APPLICATION_PROTOCOL_DEFINITION ( 'draft international standard', 'automotive_design', 1998, #4296 ) ;
#4479 = VERTEX_POINT ( 'NONE', #1680 ) ;
#4480 = CARTESIAN_POINT ( 'NONE',  ( -385.4999999999997158, 500.0000000000009095, 254.4336293856392786 ) ) ;
#4481 = LINE ( 'NONE', #6888, #5788 ) ;
#4482 = CARTESIAN_POINT ( 'NONE',  ( 87.00000000000321165, 59.99999999999949551, -7.216449660063517513E-13 ) ) ;
#4483 = EDGE_LOOP ( 'NONE', ( #9, #910, #5002, #2809, #813, #2890 ) ) ;
#4484 = DIRECTION ( 'NONE',  ( -1.000000000000000000, 0.000000000000000000, 0.000000000000000000 ) ) ;
#4485 = DIRECTION ( 'NONE',  ( -1.000000000000000000, 0.000000000000000000, -0.000000000000000000 ) ) ;
#4486 = ORIENTED_EDGE ( 'NONE', *, *, #7235, .F. ) ;
#4487 = ADVANCED_FACE ( 'NONE', ( #1645 ), #4139, .F. ) ;
#4488 = AXIS2_PLACEMENT_3D ( 'NONE', #6871, #1440, #3868 ) ;
#4489 = DIRECTION ( 'NONE',  ( 1.000000000000000000, -0.000000000000000000, -3.491481338843134144E-15 ) ) ;
#4490 = CARTESIAN_POINT ( 'NONE',  ( -211.6315031747651005, 0.6298530038907290685, -194.2928932188135036 ) ) ;
#4491 = ORIENTED_EDGE ( 'NONE', *, *, #2100, .F. ) ;
#4492 = ORIENTED_EDGE ( 'NONE', *, *, #4375, .F. ) ;
#4493 = CARTESIAN_POINT ( 'NONE',  ( 86.99999999999998579, 369.9999999999994884, -7.216449660063517513E-13 ) ) ;
#4494 = DIRECTION ( 'NONE',  ( -1.000000000000000000, 0.000000000000000000, 0.000000000000000000 ) ) ;
#4495 = CARTESIAN_POINT ( 'NONE',  ( -215.0000000000000000, -7.378142307684655533E-13, 0.000000000000000000 ) ) ;
#4496 = VECTOR ( 'NONE', #449, 1000.000000000000000 ) ;
#4497 = ORIENTED_EDGE ( 'NONE', *, *, #4261, .T. ) ;
#4498 = ORIENTED_EDGE ( 'NONE', *, *, #46, .T. ) ;
#4499 = CARTESIAN_POINT ( 'NONE',  ( -194.2928932188135889, 7.294935795784600607, -214.5895255532023214 ) ) ;
#4500 = ORIENTED_EDGE ( 'NONE', *, *, #3403, .T. ) ;
#4501 = AXIS2_PLACEMENT_3D ( 'NONE', #7300, #1834, #1876 ) ;
#4502 = CARTESIAN_POINT ( 'NONE',  ( 0.000000000000000000, 442.5663706143591298, -7.999999999996909139 ) ) ;
#4503 = DIRECTION ( 'NONE',  ( 0.000000000000000000, 0.000000000000000000, 1.000000000000000000 ) ) ;
#4504 = CYLINDRICAL_SURFACE ( 'NONE', #1193, 13.00000000000003197 ) ;
#4505 = EDGE_LOOP ( 'NONE', ( #1957, #2127, #2301, #2208 ) ) ;
#4506 = CARTESIAN_POINT ( 'NONE',  ( -360.0000000000000568, 429.4336293856408133, 34.43362938564070674 ) ) ;
#4507 = DIRECTION ( 'NONE',  ( 0.000000000000000000, 1.000000000000000000, -3.301778511896374337E-15 ) ) ;
#4508 = EDGE_LOOP ( 'NONE', ( #3827, #3603, #2210, #5443 ) ) ;
#4509 = EDGE_CURVE ( 'NONE', #1781, #110, #3096, .T. ) ;
#4510 = FACE_OUTER_BOUND ( 'NONE', #4635, .T. ) ;
#4511 = ORIENTED_EDGE ( 'NONE', *, *, #779, .T. ) ;
#4512 = EDGE_LOOP ( 'NONE', ( #2512, #210, #3648, #5225 ) ) ;
#4513 = DIRECTION ( 'NONE',  ( -0.000000000000000000, -1.000000000000000000, 3.491481338843133355E-15 ) ) ;
#4514 = DIRECTION ( 'NONE',  ( -1.000000000000000000, -3.301778511896374732E-15, -0.000000000000000000 ) ) ;
#4515 = DIRECTION ( 'NONE',  ( -1.000000000000000000, 0.000000000000000000, 0.000000000000000000 ) ) ;
#4516 = ORIENTED_EDGE ( 'NONE', *, *, #7224, .F. ) ;
#4517 = EDGE_CURVE ( 'NONE', #263, #5316, #5367, .T. ) ;
#4518 = EDGE_CURVE ( 'NONE', #6748, #5802, #3485, .T. ) ;
#4519 =( GEOMETRIC_REPRESENTATION_CONTEXT ( 3 ) GLOBAL_UNCERTAINTY_ASSIGNED_CONTEXT ( ( #2321 ) ) GLOBAL_UNIT_ASSIGNED_CONTEXT ( ( #2442, #1256, #3687 ) ) REPRESENTATION_CONTEXT ( 'NONE', 'WORKASPACE' ) );
#4520 = EDGE_LOOP ( 'NONE', ( #3455, #3077, #1481, #4511 ) ) ;
#4521 = DIRECTION ( 'NONE',  ( -0.000000000000000000, -0.000000000000000000, -1.000000000000000000 ) ) ;
#4522 = CARTESIAN_POINT ( 'NONE',  ( -814.5000000000002274, 500.0000000000009095, 267.4336293856410407 ) ) ;
#4523 = DIRECTION ( 'NONE',  ( -1.000000000000000000, 0.000000000000000000, 0.000000000000000000 ) ) ;
#4524 = CARTESIAN_POINT ( 'NONE',  ( -347.0000000000000568, 464.9999999999998863, -8.000000000000000000 ) ) ;
#4525 = EDGE_LOOP ( 'NONE', ( #581, #7265, #367, #1743 ) ) ;
#4526 = ORIENTED_EDGE ( 'NONE', *, *, #396, .F. ) ;
#4527 = EDGE_CURVE ( 'NONE', #4479, #3510, #954, .T. ) ;
#4528 = DIRECTION ( 'NONE',  ( -1.586032892321655835E-15, 1.000000000000000000, -0.000000000000000000 ) ) ;
#4529 = AXIS2_PLACEMENT_3D ( 'NONE', #5528, #100, #3721 ) ;
#4530 = AXIS2_PLACEMENT_3D ( 'NONE', #2369, #1303, #2490 ) ;
#4531 = AXIS2_PLACEMENT_3D ( 'NONE', #7219, #7374, #4881 ) ;
#4532 = CARTESIAN_POINT ( 'NONE',  ( -166.2928932188135605, 29.25000000000005329, -207.0000000000000568 ) ) ;
#4533 = CARTESIAN_POINT ( 'NONE',  ( -1200.000000000000000, 422.5663706143604941, 429.4336293856406996 ) ) ;
#4534 = CIRCLE ( 'NONE', #3013, 13.00000000000003908 ) ;
#4535 = MECHANICAL_DESIGN_GEOMETRIC_PRESENTATION_REPRESENTATION (  '', ( #6912 ), #211 ) ;
#4536 = VERTEX_POINT ( 'NONE', #692 ) ;
#4537 = AXIS2_PLACEMENT_3D ( 'NONE', #7663, #4132, #3577 ) ;
#4538 = CARTESIAN_POINT ( 'NONE',  ( -300.0000000000000568, 499.9999999999998863, -8.000000000000000000 ) ) ;
#4539 = ORIENTED_EDGE ( 'NONE', *, *, #6985, .F. ) ;
#4540 = DIRECTION ( 'NONE',  ( -0.000000000000000000, -0.000000000000000000, 1.000000000000000000 ) ) ;
#4541 = CARTESIAN_POINT ( 'NONE',  ( -194.2928932188135036, 1.304252366732559176, -200.6320824895400960 ) ) ;
#4542 = CIRCLE ( 'NONE', #6065, 13.00000000000001066 ) ;
#4543 = DIRECTION ( 'NONE',  ( 0.000000000000000000, 0.000000000000000000, -1.000000000000000000 ) ) ;
#4544 = EDGE_LOOP ( 'NONE', ( #6155, #1184, #5221, #1653 ) ) ;
#4545 = CARTESIAN_POINT ( 'NONE',  ( -8.707106781186524813, 11.23339666253967728, -215.0000000000000284 ) ) ;
#4546 = EDGE_CURVE ( 'NONE', #3530, #3920, #4374, .T. ) ;
#4547 = DIRECTION ( 'NONE',  ( 0.000000000000000000, 0.000000000000000000, 1.000000000000000000 ) ) ;
#4548 = EDGE_LOOP ( 'NONE', ( #2562, #2225, #2941, #524 ) ) ;
#4549 = DIRECTION ( 'NONE',  ( -1.000000000000000000, 0.000000000000000000, 0.000000000000000000 ) ) ;
#4550 = ORIENTED_EDGE ( 'NONE', *, *, #3123, .F. ) ;
#4551 = AXIS2_PLACEMENT_3D ( 'NONE', #4607, #5207, #3370 ) ;
#4552 = UNCERTAINTY_MEASURE_WITH_UNIT (LENGTH_MEASURE( 1.000000000000000082E-05 ), #744, 'distance_accuracy_value', 'NONE');
#4553 = ORIENTED_EDGE ( 'NONE', *, *, #4804, .F. ) ;
#4554 = LINE ( 'NONE', #2291, #6933 ) ;
#4555 = DIRECTION ( 'NONE',  ( 0.000000000000000000, -0.000000000000000000, 1.000000000000000000 ) ) ;
#4556 = EDGE_LOOP ( 'NONE', ( #2738, #7322 ) ) ;
#4557 = LINE ( 'NONE', #5662, #4558 ) ;
#4558 = VECTOR ( 'NONE', #5823, 1000.000000000000000 ) ;
#4559 = ORIENTED_EDGE ( 'NONE', *, *, #2359, .F. ) ;
#4560 = VERTEX_POINT ( 'NONE', #6159 ) ;
#4561 = AXIS2_PLACEMENT_3D ( 'NONE', #7692, #75, #1151 ) ;
#4562 = DIRECTION ( 'NONE',  ( 0.000000000000000000, 1.000000000000000000, 0.000000000000000000 ) ) ;
#4563 = CARTESIAN_POINT ( 'NONE',  ( -385.4999999999999432, 430.5663706143603804, 402.4336293856399607 ) ) ;
#4564 = FACE_OUTER_BOUND ( 'NONE', #7170, .T. ) ;
#4565 = CIRCLE ( 'NONE', #6460, 12.99999999999979039 ) ;
#4566 = ADVANCED_FACE ( 'NONE', ( #3711 ), #6121, .F. ) ;
#4567 = ORIENTED_EDGE ( 'NONE', *, *, #3348, .T. ) ;
#4568 = CARTESIAN_POINT ( 'NONE',  ( 99.99999999999997158, 369.9999999999994884, -7.216449660063517513E-13 ) ) ;
#4569 = VECTOR ( 'NONE', #7121, 1000.000000000000000 ) ;
#4570 = LINE ( 'NONE', #6980, #1384 ) ;
#4571 = VERTEX_POINT ( 'NONE', #4258 ) ;
#4572 = VERTEX_POINT ( 'NONE', #3182 ) ;
#4573 = CARTESIAN_POINT ( 'NONE',  ( -157.5000000000032401, 47.43362938564082754, 0.000000000000000000 ) ) ;
#4574 = CYLINDRICAL_SURFACE ( 'NONE', #4285, 13.00000000000176037 ) ;
#4575 = CARTESIAN_POINT ( 'NONE',  ( -385.4999999999997158, 430.5663706143599256, 267.4336293856412681 ) ) ;
#4576 = EDGE_CURVE ( 'NONE', #7042, #1183, #5381, .T. ) ;
#4577 = EDGE_CURVE ( 'NONE', #7372, #3173, #6038, .T. ) ;
#4578 = ORIENTED_EDGE ( 'NONE', *, *, #4476, .F. ) ;
#4579 = LINE ( 'NONE', #2161, #3143 ) ;
#4580 = ORIENTED_EDGE ( 'NONE', *, *, #3658, .F. ) ;
#4581 = CARTESIAN_POINT ( 'NONE',  ( -1122.499999999996589, 47.43362938564096254, -8.000000000000000000 ) ) ;
#4582 = CARTESIAN_POINT ( 'NONE',  ( 207.0000000000000000, 0.000000000000000000, -7.227366371405287181E-13 ) ) ;
#4583 = DIRECTION ( 'NONE',  ( -1.000000000000000000, 0.000000000000000000, 0.000000000000000000 ) ) ;
#4584 = VERTEX_POINT ( 'NONE', #6670 ) ;
#4585 = AXIS2_PLACEMENT_3D ( 'NONE', #3192, #6368, #5262 ) ;
#4586 = DIRECTION ( 'NONE',  ( -0.000000000000000000, 1.000000000000000000, 3.491481338843133750E-15 ) ) ;
#4587 = CARTESIAN_POINT ( 'NONE',  ( -360.0000000000000568, 437.4336293856408702, 34.43362938564073517 ) ) ;
#4588 = ORIENTED_EDGE ( 'NONE', *, *, #554, .T. ) ;
#4589 = DIRECTION ( 'NONE',  ( 0.000000000000000000, 0.000000000000000000, -1.000000000000000000 ) ) ;
#4590 = EDGE_LOOP ( 'NONE', ( #4318, #621 ) ) ;
#4591 = EDGE_CURVE ( 'NONE', #7550, #7331, #1709, .T. ) ;
#4592 = APPLICATION_CONTEXT ( 'automotive_design' ) ;
#4593 = ORIENTED_EDGE ( 'NONE', *, *, #903, .T. ) ;
#4594 = CYLINDRICAL_SURFACE ( 'NONE', #4664, 13.00000000000001066 ) ;
#4595 = DIRECTION ( 'NONE',  ( -1.000000000000000000, 3.469446951953614189E-15, -0.000000000000000000 ) ) ;
#4596 = ORIENTED_EDGE ( 'NONE', *, *, #4164, .F. ) ;
#4597 = DIRECTION ( 'NONE',  ( 0.000000000000000000, -0.000000000000000000, -1.000000000000000000 ) ) ;
#4598 = ORIENTED_EDGE ( 'NONE', *, *, #2914, .T. ) ;
#4599 = ORIENTED_EDGE ( 'NONE', *, *, #662, .T. ) ;
#4600 = DIRECTION ( 'NONE',  ( 0.000000000000000000, -4.270088556250671316E-15, -1.000000000000000000 ) ) ;
#4601 = CARTESIAN_POINT ( 'NONE',  ( -687.0000000000000000, 39.99999999999987210, -8.000000000000000000 ) ) ;
#4602 = CYLINDRICAL_SURFACE ( 'NONE', #5904, 12.00000000000000000 ) ;
#4603 = EDGE_CURVE ( 'NONE', #469, #3569, #4851, .T. ) ;
#4604 = B_SPLINE_CURVE_WITH_KNOTS ( 'NONE', 3,
 ( #3543, #966, #2866, #4732, #1679, #7144, #4768, #4618, #7633, #3378 ),
 .UNSPECIFIED., .F., .F.,
 ( 4, 2, 2, 2, 4 ),
 ( 0.000000000000000000, 0.2500000000000000555, 0.5000000000000001110, 0.7500000000000000000, 1.000000000000000000 ),
 .UNSPECIFIED. ) ;
#4605 = ORIENTED_EDGE ( 'NONE', *, *, #2887, .F. ) ;
#4606 = CARTESIAN_POINT ( 'NONE',  ( -195.0000000000000000, -8.000000000000015987, -194.2928932188134752 ) ) ;
#4607 = CARTESIAN_POINT ( 'NONE',  ( -10.00000000000007105, -8.000000000000000000, 1.152819845712018057E-15 ) ) ;
#4608 = ORIENTED_EDGE ( 'NONE', *, *, #1373, .T. ) ;
#4609 = ORIENTED_EDGE ( 'NONE', *, *, #448, .T. ) ;
#4610 = EDGE_CURVE ( 'NONE', #1067, #6119, #6015, .T. ) ;
#4611 = DIRECTION ( 'NONE',  ( -1.000000000000000000, 0.000000000000000000, 0.000000000000000000 ) ) ;
#4612 = LINE ( 'NONE', #5326, #1110 ) ;
#4613 = DIRECTION ( 'NONE',  ( 1.000000000000000000, 0.000000000000000000, 0.000000000000000000 ) ) ;
#4614 = CARTESIAN_POINT ( 'NONE',  ( -50.24999999999891287, 0.000000000000000000, -26.99999999999497646 ) ) ;
#4615 = ORIENTED_EDGE ( 'NONE', *, *, #447, .F. ) ;
#4616 = EDGE_CURVE ( 'NONE', #1731, #616, #7416, .T. ) ;
#4617 = ADVANCED_FACE ( 'NONE', ( #2428 ), #1201, .F. ) ;
#4618 = CARTESIAN_POINT ( 'NONE',  ( -20.70710678118653902, -7.553654921950884393, -199.8519810138361663 ) ) ;
#4619 = ORIENTED_EDGE ( 'NONE', *, *, #2100, .T. ) ;
#4620 = DIRECTION ( 'NONE',  ( -0.000000000000000000, 0.000000000000000000, -1.000000000000000000 ) ) ;
#4621 = CARTESIAN_POINT ( 'NONE',  ( -8.707107281186509340, 10.62315297896399180, -206.9207504915028153 ) ) ;
#4622 = CARTESIAN_POINT ( 'NONE',  ( 207.0000000000000284, 0.000000000000000000, 207.0000000000007105 ) ) ;
#4623 = ORIENTED_EDGE ( 'NONE', *, *, #632, .F. ) ;
#4624 = AXIS2_PLACEMENT_3D ( 'NONE', #2939, #5248, #5399 ) ;
#4625 = CLOSED_SHELL ( 'NONE', ( #4029, #4844, #2072, #6883, #3667, #309, #5531, #1302, #5700, #5880, #2305, #1170, #209, #7440, #7377, #6728, #3625, #4410, #2489, #4671, #1758, #5222, #6446, #4376, #2987, #6511, #3316, #6084, #6792, #4940, #1558, #3063, #4085, #2380, #5615, #4849, #3325, #1686, #2516, #1559, #4666, #3677, #871, #7729, #248, #4709 ) ) ;
#4626 = DIRECTION ( 'NONE',  ( 0.000000000000000000, 1.000000000000000000, 0.000000000000000000 ) ) ;
#4627 = FACE_OUTER_BOUND ( 'NONE', #5550, .T. ) ;
#4628 = AXIS2_PLACEMENT_3D ( 'NONE', #2980, #1054, #5291 ) ;
#4629 = ORIENTED_EDGE ( 'NONE', *, *, #4784, .F. ) ;
#4630 = DIRECTION ( 'NONE',  ( 1.000000000000000000, 3.491481338843133355E-15, 1.161594799047745364E-32 ) ) ;
#4631 = ORIENTED_EDGE ( 'NONE', *, *, #3706, .F. ) ;
#4632 = UNCERTAINTY_MEASURE_WITH_UNIT (LENGTH_MEASURE( 1.000000000000000082E-05 ), #4230, 'distance_accuracy_value', 'NONE');
#4633 = CARTESIAN_POINT ( 'NONE',  ( 2.348021200372008033E-13, 67.25000000000000000, -206.2928932188135605 ) ) ;
#4634 = DIRECTION ( 'NONE',  ( -1.000000000000000000, -3.301778511896374732E-15, 0.000000000000000000 ) ) ;
#4635 = EDGE_LOOP ( 'NONE', ( #732, #6505, #3231, #3812 ) ) ;
#4636 = PLANE ( 'NONE',  #7212 ) ;
#4637 = ORIENTED_EDGE ( 'NONE', *, *, #698, .F. ) ;
#4638 = EDGE_LOOP ( 'NONE', ( #2488, #4459, #6019, #5543 ) ) ;
#4639 = FACE_OUTER_BOUND ( 'NONE', #989, .T. ) ;
#4640 = CARTESIAN_POINT ( 'NONE',  ( -144.4999999999987494, 422.5663706143603235, 382.0000000000002274 ) ) ;
#4641 = ORIENTED_EDGE ( 'NONE', *, *, #3523, .T. ) ;
#4642 = ORIENTED_EDGE ( 'NONE', *, *, #5170, .T. ) ;
#4643 = CARTESIAN_POINT ( 'NONE',  ( -164.7499999999997726, 2.000000000000000000, -157.5857864376210102 ) ) ;
#4644 = CARTESIAN_POINT ( 'NONE',  ( -64.49999999999866418, 500.0000000000011937, 381.9999999999999432 ) ) ;
#4645 = ORIENTED_EDGE ( 'NONE', *, *, #105, .F. ) ;
#4646 = ORIENTED_EDGE ( 'NONE', *, *, #1945, .T. ) ;
#4647 = EDGE_CURVE ( 'NONE', #5988, #3212, #3785, .T. ) ;
#4648 = DIRECTION ( 'NONE',  ( -0.000000000000000000, 1.000000000000000000, -3.491481338843133355E-15 ) ) ;
#4649 = CARTESIAN_POINT ( 'NONE',  ( -144.5000000000032401, 47.43362938564082754, 0.000000000000000000 ) ) ;
#4650 = FACE_BOUND ( 'NONE', #713, .T. ) ;
#4651 = CARTESIAN_POINT ( 'NONE',  ( -77.50000000000001421, 357.4336293856408133, 69.43362938564074227 ) ) ;
#4652 = PRODUCT_DEFINITION ( 'UNKNOWN', '', #470, #5267 ) ;
#4653 = ORIENTED_EDGE ( 'NONE', *, *, #6986, .F. ) ;
#4654 = VECTOR ( 'NONE', #4345, 1000.000000000000000 ) ;
#4655 = AXIS2_PLACEMENT_3D ( 'NONE', #7685, #7732, #2357 ) ;
#4656 = CARTESIAN_POINT ( 'NONE',  ( -157.5000000000032401, 47.43362938564082754, 69.43362938564074227 ) ) ;
#4657 = ORIENTED_EDGE ( 'NONE', *, *, #1664, .T. ) ;
#4658 = DIRECTION ( 'NONE',  ( 0.000000000000000000, 0.000000000000000000, -1.000000000000000000 ) ) ;
#4659 = DIRECTION ( 'NONE',  ( 1.000000000000000000, -3.491481338843132566E-15, -0.000000000000000000 ) ) ;
#4660 = DIRECTION ( 'NONE',  ( 0.000000000000000000, 0.000000000000000000, 1.000000000000000000 ) ) ;
#4661 = CARTESIAN_POINT ( 'NONE',  ( -10.61319585076653027, -5.826246055445557737, -194.2928932188135605 ) ) ;
#4662 = VECTOR ( 'NONE', #6993, 1000.000000000000000 ) ;
#4663 = AXIS2_PLACEMENT_3D ( 'NONE', #5000, #7411, #3853 ) ;
#4664 = AXIS2_PLACEMENT_3D ( 'NONE', #2726, #7731, #7003 ) ;
#4665 = EDGE_CURVE ( 'NONE', #110, #1781, #6396, .T. ) ;
#4666 = ADVANCED_FACE ( 'NONE', ( #4929 ), #4887, .F. ) ;
#4667 = DIRECTION ( 'NONE',  ( 0.000000000000000000, 0.000000000000000000, -1.000000000000000000 ) ) ;
#4668 = EDGE_LOOP ( 'NONE', ( #3058, #282, #3742, #1286 ) ) ;
#4669 = FACE_OUTER_BOUND ( 'NONE', #3312, .T. ) ;
#4670 = ORIENTED_EDGE ( 'NONE', *, *, #5342, .T. ) ;
#4671 = ADVANCED_FACE ( 'NONE', ( #7348 ), #136, .F. ) ;
#4672 = EDGE_CURVE ( 'NONE', #6653, #5330, #832, .T. ) ;
#4673 = LINE ( 'NONE', #6340, #5538 ) ;
#4674 = CIRCLE ( 'NONE', #1503, 20.00000000000001776 ) ;
#4675 = LINE ( 'NONE', #7089, #5029 ) ;
#4676 = ORIENTED_EDGE ( 'NONE', *, *, #1400, .F. ) ;
#4677 = DIRECTION ( 'NONE',  ( -0.000000000000000000, -0.000000000000000000, -1.000000000000000000 ) ) ;
#4678 = ORIENTED_EDGE ( 'NONE', *, *, #7719, .F. ) ;
#4679 = ORIENTED_EDGE ( 'NONE', *, *, #2994, .F. ) ;
#4680 = AXIS2_PLACEMENT_3D ( 'NONE', #1786, #4209, #5278 ) ;
#4681 = VECTOR ( 'NONE', #2899, 1000.000000000000000 ) ;
#4682 = CARTESIAN_POINT ( 'NONE',  ( -372.5000000000003979, 174.9999999999998863, -8.000000000000000000 ) ) ;
#4683 = ORIENTED_EDGE ( 'NONE', *, *, #4134, .F. ) ;
#4684 = DIRECTION ( 'NONE',  ( -0.000000000000000000, 1.000000000000000000, -0.000000000000000000 ) ) ;
#4685 = AXIS2_PLACEMENT_3D ( 'NONE', #3847, #6185, #43 ) ;
#4686 = LINE ( 'NONE', #5391, #3402 ) ;
#4687 = CIRCLE ( 'NONE', #7087, 13.00000000000001066 ) ;
#4688 = ORIENTED_EDGE ( 'NONE', *, *, #389, .T. ) ;
#4689 = ORIENTED_EDGE ( 'NONE', *, *, #4432, .T. ) ;
#4690 = B_SPLINE_CURVE_WITH_KNOTS ( 'NONE', 3,
 ( #3941, #775, #3298, #4413 ),
 .UNSPECIFIED., .F., .F.,
 ( 4, 4 ),
 ( 0.000000000000000000, 1.000000000000000000 ),
 .UNSPECIFIED. ) ;
#4691 = CARTESIAN_POINT ( 'NONE',  ( -826.9999999999998863, 464.9999999999998863, -8.000000000000000000 ) ) ;
#4692 = VECTOR ( 'NONE', #3872, 1000.000000000000000 ) ;
#4693 = DIRECTION ( 'NONE',  ( 1.000000000000000000, -0.000000000000000000, -0.000000000000000000 ) ) ;
#4694 = FACE_BOUND ( 'NONE', #7027, .T. ) ;
#4695 = EDGE_CURVE ( 'NONE', #3021, #6860, #6750, .T. ) ;
#4696 = LINE ( 'NONE', #4651, #2543 ) ;
#4697 = EDGE_LOOP ( 'NONE', ( #160, #399, #4266, #4599 ) ) ;
#4698 = AXIS2_PLACEMENT_3D ( 'NONE', #1055, #3465, #456 ) ;
#4699 = LINE ( 'NONE', #6514, #1131 ) ;
#4700 = CARTESIAN_POINT ( 'NONE',  ( -77.50000000000001421, 357.4336293856408133, 0.000000000000000000 ) ) ;
#4701 = CARTESIAN_POINT ( 'NONE',  ( -814.5000000000002274, 500.0000000000009095, 241.4336293856375448 ) ) ;
#4702 = CYLINDRICAL_SURFACE ( 'NONE', #4474, 20.00000000000001776 ) ;
#4703 = DIRECTION ( 'NONE',  ( -0.000000000000000000, -0.000000000000000000, -1.000000000000000000 ) ) ;
#4704 = EDGE_CURVE ( 'NONE', #1376, #5834, #7536, .T. ) ;
#4705 = CYLINDRICAL_SURFACE ( 'NONE', #907, 12.99999999999998401 ) ;
#4706 = VERTEX_POINT ( 'NONE', #2010 ) ;
#4707 = DIRECTION ( 'NONE',  ( -1.000000000000000000, -0.000000000000000000, 3.491481338843134144E-15 ) ) ;
#4708 = EDGE_LOOP ( 'NONE', ( #3289, #5188, #6461, #7784 ) ) ;
#4709 = ADVANCED_FACE ( 'NONE', ( #4510 ), #1413, .F. ) ;
#4710 = DIRECTION ( 'NONE',  ( 0.000000000000000000, 1.000000000000000000, 0.000000000000000000 ) ) ;
#4711 = DIRECTION ( 'NONE',  ( -0.000000000000000000, -0.000000000000000000, -1.000000000000000000 ) ) ;
#4712 = DIRECTION ( 'NONE',  ( -0.000000000000000000, -0.000000000000000000, -1.000000000000000000 ) ) ;
#4713 = DIRECTION ( 'NONE',  ( 1.000000000000000000, 0.000000000000000000, 0.000000000000000000 ) ) ;
#4714 = ORIENTED_EDGE ( 'NONE', *, *, #1241, .T. ) ;
#4715 = ORIENTED_EDGE ( 'NONE', *, *, #6210, .T. ) ;
#4716 = EDGE_CURVE ( 'NONE', #186, #6445, #6916, .T. ) ;
#4717 = ADVANCED_FACE ( 'NONE', ( #3355 ), #7000, .F. ) ;
#4718 = DIRECTION ( 'NONE',  ( 1.000000000000000000, -0.000000000000000000, -0.000000000000000000 ) ) ;
#4719 = CYLINDRICAL_SURFACE ( 'NONE', #7806, 13.00000000000003908 ) ;
#4720 = ORIENTED_EDGE ( 'NONE', *, *, #6020, .F. ) ;
#4721 = CARTESIAN_POINT ( 'NONE',  ( -205.0000000000000000, -8.000000000000000000, -9.999999999999975131 ) ) ;
#4722 = CARTESIAN_POINT ( 'NONE',  ( 207.0000000000000000, 0.000000000000000000, -7.227366371405288191E-13 ) ) ;
#4723 = VERTEX_POINT ( 'NONE', #2126 ) ;
#4724 = ORIENTED_EDGE ( 'NONE', *, *, #2705, .F. ) ;
#4725 = ADVANCED_FACE ( 'NONE', ( #7522 ), #5815, .F. ) ;
#4726 = CARTESIAN_POINT ( 'NONE',  ( 167.0000000000032117, 60.00000000000005684, 207.0000000000005684 ) ) ;
#4727 = DIRECTION ( 'NONE',  ( 1.000000000000000000, 0.000000000000000000, -3.491481338843134144E-15 ) ) ;
#4728 = DIRECTION ( 'NONE',  ( 0.000000000000000000, 0.000000000000000000, -1.000000000000000000 ) ) ;
#4729 = CARTESIAN_POINT ( 'NONE',  ( -1200.000000000000000, 429.4336293856408702, 11.99999999999995559 ) ) ;
#4730 = ORIENTED_EDGE ( 'NONE', *, *, #356, .T. ) ;
#4731 = STYLED_ITEM ( 'NONE', ( #4272 ), #818 ) ;
#4732 = CARTESIAN_POINT ( 'NONE',  ( -20.70710678118653547, 0.6298530038907433903, -211.6315031747652426 ) ) ;
#4733 = DIRECTION ( 'NONE',  ( 0.000000000000000000, 0.000000000000000000, 1.000000000000000000 ) ) ;
#4734 = DIRECTION ( 'NONE',  ( -0.000000000000000000, -1.000000000000000000, -0.000000000000000000 ) ) ;
#4735 = FACE_OUTER_BOUND ( 'NONE', #3319, .T. ) ;
#4736 = FACE_BOUND ( 'NONE', #2739, .T. ) ;
#4737 = VECTOR ( 'NONE', #6672, 1000.000000000000000 ) ;
#4738 = CARTESIAN_POINT ( 'NONE',  ( -16.70710694785319461, 9.705254964940063900, -214.8679174858380634 ) ) ;
#4739 = ORIENTED_EDGE ( 'NONE', *, *, #3019, .F. ) ;
#4740 = ADVANCED_FACE ( 'NONE', ( #5104 ), #5770, .F. ) ;
#4741 = LINE ( 'NONE', #4196, #6189 ) ;
#4742 = ORIENTED_EDGE ( 'NONE', *, *, #3571, .F. ) ;
#4743 = AXIS2_PLACEMENT_3D ( 'NONE', #4016, #930, #5166 ) ;
#4744 = CARTESIAN_POINT ( 'NONE',  ( -801.5000000000000000, 39.99999999999987210, -8.000000000000000000 ) ) ;
#4745 = SURFACE_STYLE_USAGE ( .BOTH. , #6684 ) ;
#4746 = AXIS2_PLACEMENT_3D ( 'NONE', #7383, #1917, #4338 ) ;
#4747 = DIRECTION ( 'NONE',  ( 0.000000000000000000, 0.000000000000000000, 1.000000000000000000 ) ) ;
#4748 = EDGE_CURVE ( 'NONE', #3519, #4890, #911, .T. ) ;
#4749 = DIRECTION ( 'NONE',  ( -0.000000000000000000, 1.000000000000000000, -3.491481338843133355E-15 ) ) ;
#4750 = VERTEX_POINT ( 'NONE', #6335 ) ;
#4751 = ORIENTED_EDGE ( 'NONE', *, *, #4948, .F. ) ;
#4752 = DIRECTION ( 'NONE',  ( 1.000000000000000000, -0.000000000000000000, 3.486207565248076192E-15 ) ) ;
#4753 = DIRECTION ( 'NONE',  ( 0.000000000000000000, 0.000000000000000000, 1.000000000000000000 ) ) ;
#4754 = FILL_AREA_STYLE ('',( #5353 ) ) ;
#4755 = VERTEX_POINT ( 'NONE', #270 ) ;
#4756 = FACE_OUTER_BOUND ( 'NONE', #6583, .T. ) ;
#4757 = EDGE_CURVE ( 'NONE', #943, #1218, #2718, .T. ) ;
#4758 = ADVANCED_FACE ( 'NONE', ( #6879 ), #7488, .T. ) ;
#4759 = LINE ( 'NONE', #1823, #3669 ) ;
#4760 = ORIENTED_EDGE ( 'NONE', *, *, #2090, .F. ) ;
#4761 = VERTEX_POINT ( 'NONE', #3919 ) ;
#4762 = CARTESIAN_POINT ( 'NONE',  ( 0.000000000000000000, 437.4336293856406996, 69.43362938564074227 ) ) ;
#4763 = FACE_OUTER_BOUND ( 'NONE', #6652, .T. ) ;
#4764 = FACE_BOUND ( 'NONE', #851, .T. ) ;
#4765 = FACE_BOUND ( 'NONE', #6537, .T. ) ;
#4766 = EDGE_CURVE ( 'NONE', #7475, #3569, #5734, .T. ) ;
#4767 = EDGE_LOOP ( 'NONE', ( #4796, #5616, #4336, #6972 ) ) ;
#4768 = CARTESIAN_POINT ( 'NONE',  ( -20.70710678118653547, -5.826246055445622574, -204.3868041492335692 ) ) ;
#4769 = AXIS2_PLACEMENT_3D ( 'NONE', #5950, #555, #2449 ) ;
#4770 = CARTESIAN_POINT ( 'NONE',  ( -1135.500000000000000, 357.4336293856409270, 0.000000000000000000 ) ) ;
#4771 = DIRECTION ( 'NONE',  ( -1.290957005378089075E-16, -3.301778511896375126E-15, -1.000000000000000000 ) ) ;
#4772 = FACE_OUTER_BOUND ( 'NONE', #3033, .T. ) ;
#4773 = CARTESIAN_POINT ( 'NONE',  ( -206.2928932188135605, 12.00000000000007816, -215.0000000000000284 ) ) ;
#4774 = EDGE_CURVE ( 'NONE', #2331, #2037, #3996, .T. ) ;
#4775 = PLANE ( 'NONE',  #4117 ) ;
#4776 = AXIS2_PLACEMENT_3D ( 'NONE', #3480, #1032, #1144 ) ;
#4777 = ORIENTED_EDGE ( 'NONE', *, *, #6936, .F. ) ;
#4778 = FACE_OUTER_BOUND ( 'NONE', #3322, .T. ) ;
#4779 = EDGE_LOOP ( 'NONE', ( #6202, #6634, #2820, #7057 ) ) ;
#4780 = AXIS2_PLACEMENT_3D ( 'NONE', #4392, #5541, #2013 ) ;
#4781 = LINE ( 'NONE', #2774, #3783 ) ;
#4782 = AXIS2_PLACEMENT_3D ( 'NONE', #1118, #47, #1866 ) ;
#4783 = CARTESIAN_POINT ( 'NONE',  ( 2.623882111172651010E-13, 55.25000000000075318, -31.29289321881345387 ) ) ;
#4784 = EDGE_CURVE ( 'NONE', #1466, #6420, #3352, .T. ) ;
#4785 = DIRECTION ( 'NONE',  ( 0.000000000000000000, 0.000000000000000000, 1.000000000000000000 ) ) ;
#4786 = CARTESIAN_POINT ( 'NONE',  ( -652.9999999999998863, 464.9999999999998863, 0.000000000000000000 ) ) ;
#4787 = CARTESIAN_POINT ( 'NONE',  ( -398.5000000000003979, 174.9999999999998863, 2.000000000000000000 ) ) ;
#4788 = AXIS2_PLACEMENT_3D ( 'NONE', #1947, #5671, #6231 ) ;
#4789 = ORIENTED_EDGE ( 'NONE', *, *, #6656, .T. ) ;
#4790 = AXIS2_PLACEMENT_3D ( 'NONE', #542, #1627, #7049 ) ;
#4791 = ORIENTED_EDGE ( 'NONE', *, *, #1553, .T. ) ;
#4792 = DIRECTION ( 'NONE',  ( -0.000000000000000000, -1.000000000000000000, 3.491481338843133355E-15 ) ) ;
#4793 = DIRECTION ( 'NONE',  ( -0.000000000000000000, -1.000000000000000000, 3.491481338843133355E-15 ) ) ;
#4794 = AXIS2_PLACEMENT_3D ( 'NONE', #3463, #532, #7183 ) ;
#4795 = CARTESIAN_POINT ( 'NONE',  ( 1245.000000000000455, -1.518737487963528319E-13, 222.9999999999995737 ) ) ;
#4796 = ORIENTED_EDGE ( 'NONE', *, *, #3960, .F. ) ;
#4797 = PLANE ( 'NONE',  #1746 ) ;
#4798 = DIRECTION ( 'NONE',  ( -1.000000000000000000, -1.850371707708594316E-16, 0.000000000000000000 ) ) ;
#4799 = VECTOR ( 'NONE', #407, 1000.000000000000000 ) ;
#4800 = ORIENTED_EDGE ( 'NONE', *, *, #4233, .T. ) ;
#4801 = VECTOR ( 'NONE', #4528, 1000.000000000000000 ) ;
#4802 = DIRECTION ( 'NONE',  ( 0.000000000000000000, 0.000000000000000000, -1.000000000000000000 ) ) ;
#4803 = DIRECTION ( 'NONE',  ( 1.000000000000000000, 0.000000000000000000, 0.000000000000000000 ) ) ;
#4804 = EDGE_CURVE ( 'NONE', #3166, #5232, #1960, .T. ) ;
#4805 = DIRECTION ( 'NONE',  ( 0.000000000000000000, -4.270088556250598741E-15, -1.000000000000000000 ) ) ;
#4806 = AXIS2_PLACEMENT_3D ( 'NONE', #3249, #4855, #620 ) ;
#4807 = DIRECTION ( 'NONE',  ( 1.000000000000000000, 0.000000000000000000, 0.000000000000000000 ) ) ;
#4808 = AXIS2_PLACEMENT_3D ( 'NONE', #4363, #3287, #5114 ) ;
#4809 = EDGE_LOOP ( 'NONE', ( #6896, #1207 ) ) ;
#4810 = VECTOR ( 'NONE', #4396, 1000.000000000000000 ) ;
#4811 = CARTESIAN_POINT ( 'NONE',  ( 4.163336342344337027E-14, 11.99999999999992895, 0.000000000000000000 ) ) ;
#4812 = VECTOR ( 'NONE', #1933, 1000.000000000000000 ) ;
#4813 = PLANE ( 'NONE',  #7659 ) ;
#4814 = EDGE_CURVE ( 'NONE', #6795, #5456, #5263, .T. ) ;
#4815 = CARTESIAN_POINT ( 'NONE',  ( -215.0000000000000284, 11.99999999999993072, -206.2928932188134752 ) ) ;
#4816 = CARTESIAN_POINT ( 'NONE',  ( 0.000000000000000000, 437.4336293856408133, 39.43362938564054332 ) ) ;
#4817 = EDGE_CURVE ( 'NONE', #5139, #1931, #2802, .T. ) ;
#4818 = FACE_BOUND ( 'NONE', #5287, .T. ) ;
#4819 = AXIS2_PLACEMENT_3D ( 'NONE', #7035, #1607, #4033 ) ;
#4820 = VECTOR ( 'NONE', #5648, 1000.000000000000000 ) ;
#4821 = EDGE_LOOP ( 'NONE', ( #6878, #287, #5358, #6462 ) ) ;
#4822 = DIRECTION ( 'NONE',  ( -0.000000000000000000, -0.000000000000000000, 1.000000000000000000 ) ) ;
#4823 = ADVANCED_BREP_SHAPE_REPRESENTATION ( '', ( #3354, #2120 ), #7046 ) ;
#4824 = ORIENTED_EDGE ( 'NONE', *, *, #389, .F. ) ;
#4825 = CARTESIAN_POINT ( 'NONE',  ( 0.000000000000000000, 422.5663706143604941, 429.4336293856406996 ) ) ;
#4826 = ORIENTED_EDGE ( 'NONE', *, *, #6157, .F. ) ;
#4827 = EDGE_CURVE ( 'NONE', #4949, #6999, #3102, .T. ) ;
#4828 = DIRECTION ( 'NONE',  ( -0.000000000000000000, -0.000000000000000000, -1.000000000000000000 ) ) ;
#4829 = CARTESIAN_POINT ( 'NONE',  ( -14.70710703118655083, 9.705254964940063900, -214.8679174858380634 ) ) ;
#4830 = DIRECTION ( 'NONE',  ( 0.000000000000000000, 0.000000000000000000, 1.000000000000000000 ) ) ;
#4831 = CARTESIAN_POINT ( 'NONE',  ( -144.4999999999997442, 430.5663706143592435, 85.00000000000004263 ) ) ;
#4832 = CARTESIAN_POINT ( 'NONE',  ( -64.49999999999977263, 422.5663706143591867, 59.00000000000042633 ) ) ;
#4833 = EDGE_LOOP ( 'NONE', ( #4678, #7469, #1312, #1611 ) ) ;
#4834 = ORIENTED_EDGE ( 'NONE', *, *, #5230, .T. ) ;
#4835 = CARTESIAN_POINT ( 'NONE',  ( 0.000000000000000000, 442.5663706143590730, 0.000000000000000000 ) ) ;
#4836 = CARTESIAN_POINT ( 'NONE',  ( 0.000000000000000000, -1.561251128379126385E-14, -194.2928932188134468 ) ) ;
#4837 = SHAPE_REPRESENTATION ( 'middle-part1', ( #2120 ), #1727 ) ;
#4838 =( LENGTH_UNIT ( ) NAMED_UNIT ( * ) SI_UNIT ( .MILLI., .METRE. ) );
#4839 = ORIENTED_EDGE ( 'NONE', *, *, #4458, .F. ) ;
#4840 = CARTESIAN_POINT ( 'NONE',  ( -144.4999999999987494, 500.0000000000011937, 394.9999999999997158 ) ) ;
#4841 = PLANE ( 'NONE',  #4047 ) ;
#4842 = ORIENTED_EDGE ( 'NONE', *, *, #5300, .T. ) ;
#4843 = CARTESIAN_POINT ( 'NONE',  ( -48.70710678118651771, 29.25000000000002842, -207.0000000000000853 ) ) ;
#4844 = ADVANCED_FACE ( 'NONE', ( #7604 ), #7435, .F. ) ;
#4845 = CARTESIAN_POINT ( 'NONE',  ( -8.000000000000000000, 370.0000000000000000, 147.4999999999999716 ) ) ;
#4846 = FACE_OUTER_BOUND ( 'NONE', #5516, .T. ) ;
#4847 = DIRECTION ( 'NONE',  ( 0.000000000000000000, 4.270088556250661850E-15, 1.000000000000000000 ) ) ;
#4848 = VERTEX_POINT ( 'NONE', #1610 ) ;
#4849 = ADVANCED_FACE ( 'NONE', ( #4669 ), #1027, .F. ) ;
#4850 = CYLINDRICAL_SURFACE ( 'NONE', #2898, 13.00000000000000533 ) ;
#4851 = LINE ( 'NONE', #3024, #5003 ) ;
#4852 = ORIENTED_EDGE ( 'NONE', *, *, #30, .F. ) ;
#4853 = CARTESIAN_POINT ( 'NONE',  ( -899.9999999999998863, 464.9999999999998863, -8.000000000000000000 ) ) ;
#4854 = ORIENTED_EDGE ( 'NONE', *, *, #301, .F. ) ;
#4855 = DIRECTION ( 'NONE',  ( -0.000000000000000000, -0.000000000000000000, -1.000000000000000000 ) ) ;
#4856 = EDGE_CURVE ( 'NONE', #176, #7261, #3591, .T. ) ;
#4857 = EDGE_CURVE ( 'NONE', #1625, #1765, #4035, .T. ) ;
#4858 = ORIENTED_EDGE ( 'NONE', *, *, #4233, .F. ) ;
#4859 = PLANE ( 'NONE',  #368 ) ;
#4860 = ORIENTED_EDGE ( 'NONE', *, *, #6251, .T. ) ;
#4861 = FACE_OUTER_BOUND ( 'NONE', #118, .T. ) ;
#4862 = FACE_OUTER_BOUND ( 'NONE', #4708, .T. ) ;
#4863 = PLANE ( 'NONE',  #6092 ) ;
#4864 = CARTESIAN_POINT ( 'NONE',  ( -207.0000000000000284, 11.99999999999995559, 2.739915825713870881E-14 ) ) ;
#4865 = EDGE_CURVE ( 'NONE', #3614, #3588, #1060, .T. ) ;
#4866 = FACE_OUTER_BOUND ( 'NONE', #7165, .T. ) ;
#4867 = CIRCLE ( 'NONE', #1442, 13.00000000000001066 ) ;
#4868 = VERTEX_POINT ( 'NONE', #2918 ) ;
#4869 = EDGE_LOOP ( 'NONE', ( #5486, #5501, #1359, #7750 ) ) ;
#4870 = CARTESIAN_POINT ( 'NONE',  ( -500.0000000000000000, 39.99999999999987210, 0.000000000000000000 ) ) ;
#4871 = DIRECTION ( 'NONE',  ( -0.000000000000000000, -0.000000000000000000, 1.000000000000000000 ) ) ;
#4872 = SURFACE_SIDE_STYLE ('',( #6107 ) ) ;
#4873 = VECTOR ( 'NONE', #2379, 1000.000000000000000 ) ;
#4874 = EDGE_LOOP ( 'NONE', ( #7386, #2533, #2424, #5956 ) ) ;
#4875 = CARTESIAN_POINT ( 'NONE',  ( -10.00000000000007105, 0.000000000000000000, 1.152819845712018057E-15 ) ) ;
#4876 = DIRECTION ( 'NONE',  ( -0.000000000000000000, -0.000000000000000000, 1.000000000000000000 ) ) ;
#4877 = EDGE_CURVE ( 'NONE', #5816, #538, #6150, .T. ) ;
#4878 = FACE_OUTER_BOUND ( 'NONE', #4821, .T. ) ;
#4879 = VERTEX_POINT ( 'NONE', #2874 ) ;
#4880 = CARTESIAN_POINT ( 'NONE',  ( -8.000000000000000000, 430.0000000000000000, 0.000000000000000000 ) ) ;
#4881 = DIRECTION ( 'NONE',  ( 1.000000000000000000, 0.000000000000000000, 0.000000000000000000 ) ) ;
#4882 = FACE_OUTER_BOUND ( 'NONE', #4520, .T. ) ;
#4883 = PLANE ( 'NONE',  #4283 ) ;
#4884 = EDGE_CURVE ( 'NONE', #5250, #3052, #3787, .T. ) ;
#4885 = EDGE_LOOP ( 'NONE', ( #3443, #328, #1571, #1501 ) ) ;
#4886 = DIRECTION ( 'NONE',  ( -1.737738517507759613E-16, -3.301703183264736560E-15, -1.000000000000000000 ) ) ;
#4887 = CYLINDRICAL_SURFACE ( 'NONE', #4501, 13.00000000000001066 ) ;
#4888 = VERTEX_POINT ( 'NONE', #5265 ) ;
#4889 = CARTESIAN_POINT ( 'NONE',  ( -385.4999999999999432, 422.5663706143602667, 376.4336293856400175 ) ) ;
#4890 = VERTEX_POINT ( 'NONE', #426 ) ;
#4891 = DIRECTION ( 'NONE',  ( 1.000000000000000000, 0.000000000000000000, 0.000000000000000000 ) ) ;
#4892 = ORIENTED_EDGE ( 'NONE', *, *, #5450, .F. ) ;
#4893 = PLANE ( 'NONE',  #1752 ) ;
#4894 = ORIENTED_EDGE ( 'NONE', *, *, #169, .T. ) ;
#4895 = DIRECTION ( 'NONE',  ( 0.000000000000000000, -1.000000000000000000, 3.491481338843133355E-15 ) ) ;
#4896 = CARTESIAN_POINT ( 'NONE',  ( 166.9999999999999716, 370.0000000000000568, 215.0000000000000000 ) ) ;
#4897 = ADVANCED_FACE ( 'NONE', ( #4112 ), #6009, .T. ) ;
#4898 = FACE_OUTER_BOUND ( 'NONE', #6104, .T. ) ;
#4899 = SURFACE_STYLE_FILL_AREA ( #2002 ) ;
#4900 = DIRECTION ( 'NONE',  ( -0.000000000000000000, -0.000000000000000000, 1.000000000000000000 ) ) ;
#4901 = AXIS2_PLACEMENT_3D ( 'NONE', #6876, #862, #6997 ) ;
#4902 = CARTESIAN_POINT ( 'NONE',  ( -20.70710678118654258, -8.000000000000000000, -194.2928932188135320 ) ) ;
#4903 = ORIENTED_EDGE ( 'NONE', *, *, #690, .T. ) ;
#4904 = VERTEX_POINT ( 'NONE', #5973 ) ;
#4905 = AXIS2_PLACEMENT_3D ( 'NONE', #4042, #7646, #4747 ) ;
#4906 = LINE ( 'NONE', #1263, #1517 ) ;
#4907 = DIRECTION ( 'NONE',  ( -1.000000000000000000, 0.000000000000000000, 0.000000000000000000 ) ) ;
#4908 = ADVANCED_FACE ( 'NONE', ( #4778 ), #7082, .F. ) ;
#4909 = EDGE_CURVE ( 'NONE', #667, #293, #4741, .T. ) ;
#4910 = ITEM_DEFINED_TRANSFORMATION ( 'NONE', 'NONE', #6165,  #2120 ) ;
#4911 = VERTEX_POINT ( 'NONE', #6489 ) ;
#4912 = CARTESIAN_POINT ( 'NONE',  ( -144.4999999999987494, 422.5663706143603235, 382.0000000000002274 ) ) ;
#4913 = VECTOR ( 'NONE', #1042, 1000.000000000000000 ) ;
#4914 = VECTOR ( 'NONE', #310, 1000.000000000000000 ) ;
#4915 = CIRCLE ( 'NONE', #6934, 13.00000000000003908 ) ;
#4916 = CARTESIAN_POINT ( 'NONE',  ( -8.000000000000000000, 0.000000000000000000, 0.000000000000000000 ) ) ;
#4917 = DIRECTION ( 'NONE',  ( -0.000000000000000000, -1.000000000000000000, -0.000000000000000000 ) ) ;
#4918 = ORIENTED_EDGE ( 'NONE', *, *, #4517, .F. ) ;
#4919 = DIRECTION ( 'NONE',  ( 0.000000000000000000, 0.000000000000000000, 1.000000000000000000 ) ) ;
#4920 = VECTOR ( 'NONE', #700, 1000.000000000000114 ) ;
#4921 = CIRCLE ( 'NONE', #5937, 12.99999999999979039 ) ;
#4922 = DIRECTION ( 'NONE',  ( -0.000000000000000000, -0.000000000000000000, -1.000000000000000000 ) ) ;
#4923 = CARTESIAN_POINT ( 'NONE',  ( 180.0000000000032117, 60.00000000000005684, 215.0000000000000000 ) ) ;
#4924 = FACE_BOUND ( 'NONE', #4556, .T. ) ;
#4925 = VECTOR ( 'NONE', #7019, 1000.000000000000000 ) ;
#4926 = ORIENTED_EDGE ( 'NONE', *, *, #7135, .F. ) ;
#4927 = FACE_OUTER_BOUND ( 'NONE', #5234, .T. ) ;
#4928 = VECTOR ( 'NONE', #3031, 1000.000000000000000 ) ;
#4929 = FACE_OUTER_BOUND ( 'NONE', #7443, .T. ) ;
#4930 = EDGE_LOOP ( 'NONE', ( #2043, #2932 ) ) ;
#4931 = EDGE_CURVE ( 'NONE', #6430, #7203, #7118, .T. ) ;
#4932 = VECTOR ( 'NONE', #6893, 1000.000000000000000 ) ;
#4933 = CARTESIAN_POINT ( 'NONE',  ( -64.49999999999866418, 500.0000000000011937, 381.9999999999999432 ) ) ;
#4934 = ORIENTED_EDGE ( 'NONE', *, *, #3796, .F. ) ;
#4935 = PRESENTATION_LAYER_ASSIGNMENT (  '', '', ( #5569 ) ) ;
#4936 = VERTEX_POINT ( 'NONE', #5934 ) ;
#4937 = LINE ( 'NONE', #6167, #109 ) ;
#4938 = ORIENTED_EDGE ( 'NONE', *, *, #6083, .F. ) ;
#4939 = DIRECTION ( 'NONE',  ( -3.469446951953609456E-15, -1.000000000000000000, 0.000000000000000000 ) ) ;
#4940 = ADVANCED_FACE ( 'NONE', ( #5894 ), #2949, .F. ) ;
#4941 = CARTESIAN_POINT ( 'NONE',  ( 180.0000000000000000, 370.0000000000000568, -7.216449660063517513E-13 ) ) ;
#4942 = AXIS2_PLACEMENT_3D ( 'NONE', #5886, #1759, #1017 ) ;
#4943 = DIRECTION ( 'NONE',  ( -0.9933958743492671273, 0.1147372512563157310, -0.000000000000000000 ) ) ;
#4944 =( NAMED_UNIT ( * ) SI_UNIT ( $, .STERADIAN. ) SOLID_ANGLE_UNIT ( ) );
#4945 = CARTESIAN_POINT ( 'NONE',  ( -686.9999999999995453, 174.9999999999998863, 0.000000000000000000 ) ) ;
#4946 = DIRECTION ( 'NONE',  ( -0.000000000000000000, 1.000000000000000000, 3.491481338843133750E-15 ) ) ;
#4947 = ORIENTED_EDGE ( 'NONE', *, *, #5395, .F. ) ;
#4948 = EDGE_CURVE ( 'NONE', #1102, #1993, #2509, .T. ) ;
#4949 = VERTEX_POINT ( 'NONE', #7760 ) ;
#4950 = CIRCLE ( 'NONE', #5331, 13.00000000000001066 ) ;
#4951 = CARTESIAN_POINT ( 'NONE',  ( -194.2928932188135605, -8.000000000000076383, -195.0000000000000000 ) ) ;
#4952 = CARTESIAN_POINT ( 'NONE',  ( -500.0000000000004547, 174.9999999999998863, -8.000000000000000000 ) ) ;
#4953 = CONTEXT_DEPENDENT_SHAPE_REPRESENTATION ( #2818, #5365 ) ;
#4954 = ORIENTED_EDGE ( 'NONE', *, *, #5766, .F. ) ;
#4955 = LINE ( 'NONE', #1420, #7826 ) ;
#4956 = CARTESIAN_POINT ( 'NONE',  ( -827.4999999999995453, 174.9999999999998863, 0.000000000000000000 ) ) ;
#4957 = FACE_OUTER_BOUND ( 'NONE', #5317, .T. ) ;
#4958 = EDGE_LOOP ( 'NONE', ( #3303, #525, #4408, #2797 ) ) ;
#4959 = EDGE_CURVE ( 'NONE', #6791, #4584, #7152, .T. ) ;
#4960 = EDGE_CURVE ( 'NONE', #2561, #263, #5304, .T. ) ;
#4961 = CYLINDRICAL_SURFACE ( 'NONE', #7722, 13.00000000000001066 ) ;
#4962 = CARTESIAN_POINT ( 'NONE',  ( -144.4999999999997442, 422.5663706143591867, 59.00000000000043343 ) ) ;
#4963 = DIRECTION ( 'NONE',  ( 0.000000000000000000, -1.000000000000000000, 0.000000000000000000 ) ) ;
#4964 = CARTESIAN_POINT ( 'NONE',  ( -51.49999999999998579, 357.4336293856408133, 0.000000000000000000 ) ) ;
#4965 = ORIENTED_EDGE ( 'NONE', *, *, #4039, .T. ) ;
#4966 = VERTEX_POINT ( 'NONE', #540 ) ;
#4967 = EDGE_CURVE ( 'NONE', #2103, #5728, #5375, .T. ) ;
#4968 = CARTESIAN_POINT ( 'NONE',  ( -1135.500000000000227, 430.5663706143592435, 84.99999999999992895 ) ) ;
#4969 = CARTESIAN_POINT ( 'NONE',  ( -144.4999999999997442, 500.0000000000002274, 59.00000000000017053 ) ) ;
#4970 = CARTESIAN_POINT ( 'NONE',  ( 180.0000000000000000, 370.0000000000000568, -7.216449660063517513E-13 ) ) ;
#4971 = VERTEX_POINT ( 'NONE', #7309 ) ;
#4972 = ORIENTED_EDGE ( 'NONE', *, *, #6611, .T. ) ;
#4973 = DIRECTION ( 'NONE',  ( -1.000000000000000000, -3.301778511896374732E-15, -0.000000000000000000 ) ) ;
#4974 = VERTEX_POINT ( 'NONE', #5491 ) ;
#4975 = FACE_BOUND ( 'NONE', #3581, .T. ) ;
#4976 = FACE_OUTER_BOUND ( 'NONE', #7510, .T. ) ;
#4977 = CIRCLE ( 'NONE', #5993, 12.99999999999984546 ) ;
#4978 = FACE_OUTER_BOUND ( 'NONE', #2264, .T. ) ;
#4979 = ADVANCED_FACE ( 'NONE', ( #1210 ), #4893, .T. ) ;
#4980 = CARTESIAN_POINT ( 'NONE',  ( -10.92947153839903685, 4.009700629462298771, -194.2928932188135036 ) ) ;
#4981 = ORIENTED_EDGE ( 'NONE', *, *, #4931, .T. ) ;
#4982 = VERTEX_POINT ( 'NONE', #2399 ) ;
#4983 = LINE ( 'NONE', #5173, #8 ) ;
#4984 = DIRECTION ( 'NONE',  ( -1.000000000000000000, 0.000000000000000000, 0.000000000000000000 ) ) ;
#4985 = EDGE_CURVE ( 'NONE', #222, #6140, #7268, .T. ) ;
#4986 = ORIENTED_EDGE ( 'NONE', *, *, #2289, .F. ) ;
#4987 = DIRECTION ( 'NONE',  ( -0.000000000000000000, -1.000000000000000000, -0.000000000000000000 ) ) ;
#4988 = VECTOR ( 'NONE', #5756, 1000.000000000000000 ) ;
#4989 = FACE_OUTER_BOUND ( 'NONE', #1249, .T. ) ;
#4990 = LINE ( 'NONE', #3202, #6455 ) ;
#4991 = ORIENTED_EDGE ( 'NONE', *, *, #7325, .F. ) ;
#4992 = ORIENTED_EDGE ( 'NONE', *, *, #5566, .F. ) ;
#4993 =( REPRESENTATION_RELATIONSHIP ('NONE','NONE', #1641, #4837 ) REPRESENTATION_RELATIONSHIP_WITH_TRANSFORMATION ( #2015 )SHAPE_REPRESENTATION_RELATIONSHIP( ) );
#4994 = DIRECTION ( 'NONE',  ( -0.000000000000000000, 3.491481338843133355E-15, -1.000000000000000000 ) ) ;
#4995 = AXIS2_PLACEMENT_3D ( 'NONE', #1277, #720, #686 ) ;
#4996 = PLANE ( 'NONE',  #5670 ) ;
#4997 = LINE ( 'NONE', #6743, #7143 ) ;
#4998 = EDGE_CURVE ( 'NONE', #6278, #4982, #5571, .T. ) ;
#4999 = EDGE_CURVE ( 'NONE', #7566, #5232, #1841, .T. ) ;
#5000 = CARTESIAN_POINT ( 'NONE',  ( 0.000000000000000000, 370.0000000000000000, 67.49999999999995737 ) ) ;
#5001 = EDGE_LOOP ( 'NONE', ( #3763, #5019, #953, #7625 ) ) ;
#5002 = ORIENTED_EDGE ( 'NONE', *, *, #5977, .T. ) ;
#5003 = VECTOR ( 'NONE', #6089, 1000.000000000000000 ) ;
#5004 = DIRECTION ( 'NONE',  ( -1.000000000000000000, 0.000000000000000000, 0.000000000000000000 ) ) ;
#5005 = CARTESIAN_POINT ( 'NONE',  ( -1055.500000000000000, 430.5663706143591867, 72.00000000000011369 ) ) ;
#5006 = LINE ( 'NONE', #3748, #2581 ) ;
#5007 = EDGE_CURVE ( 'NONE', #5634, #4356, #6794, .T. ) ;
#5008 = EDGE_CURVE ( 'NONE', #4982, #1423, #4227, .T. ) ;
#5009 = EDGE_LOOP ( 'NONE', ( #4526, #6233, #1623, #5781 ) ) ;
#5010 = ORIENTED_EDGE ( 'NONE', *, *, #2367, .T. ) ;
#5011 = CARTESIAN_POINT ( 'NONE',  ( -194.2928932188136173, -8.000000000000138556, -197.4263430436264173 ) ) ;
#5012 = ORIENTED_EDGE ( 'NONE', *, *, #2705, .T. ) ;
#5013 = CARTESIAN_POINT ( 'NONE',  ( -205.0000000000000000, -8.000000000000000000, -9.999999999999975131 ) ) ;
#5014 = CARTESIAN_POINT ( 'NONE',  ( 11.99999999999995737, 0.000000000000000000, 19.99999999999995737 ) ) ;
#5015 = CARTESIAN_POINT ( 'NONE',  ( -699.9999999999985221, 500.0000000000009095, 267.4336293856405291 ) ) ;
#5016 = DIRECTION ( 'NONE',  ( 0.000000000000000000, 0.000000000000000000, -1.000000000000000000 ) ) ;
#5017 = DIRECTION ( 'NONE',  ( -0.000000000000000000, -0.000000000000000000, -1.000000000000000000 ) ) ;
#5018 = ORIENTED_EDGE ( 'NONE', *, *, #1206, .T. ) ;
#5019 = ORIENTED_EDGE ( 'NONE', *, *, #4999, .F. ) ;
#5020 = DIRECTION ( 'NONE',  ( -0.000000000000000000, -0.000000000000000000, 1.000000000000000000 ) ) ;
#5021 = ITEM_DEFINED_TRANSFORMATION ( 'NONE', 'NONE', #6790,  #2120 ) ;
#5022 = ORIENTED_EDGE ( 'NONE', *, *, #5385, .T. ) ;
#5023 = CARTESIAN_POINT ( 'NONE',  ( -197.9111886083015861, 0.2678070468295343232, -194.2928932188135036 ) ) ;
#5024 = CARTESIAN_POINT ( 'NONE',  ( 74.00000000000319744, 59.99999999999949551, 215.0000000000000000 ) ) ;
#5025 = PRODUCT_DEFINITION_FORMATION_WITH_SPECIFIED_SOURCE ( 'ANY', '', #5429, .NOT_KNOWN. ) ;
#5026 = AXIS2_PLACEMENT_3D ( 'NONE', #711, #3278, #4475 ) ;
#5027 = CARTESIAN_POINT ( 'NONE',  ( -64.49999999999866418, 500.0000000000011937, 394.9999999999997158 ) ) ;
#5028 = ORIENTED_EDGE ( 'NONE', *, *, #3104, .T. ) ;
#5029 = VECTOR ( 'NONE', #2881, 1000.000000000000000 ) ;
#5030 = CARTESIAN_POINT ( 'NONE',  ( -194.2928932188135605, 11.99999999999987210, -195.0000000000000000 ) ) ;
#5031 = DIRECTION ( 'NONE',  ( 0.000000000000000000, -1.000000000000000000, 0.000000000000000000 ) ) ;
#5032 = ADVANCED_FACE ( 'NONE', ( #2437 ), #6722, .T. ) ;
#5033 = AXIS2_PLACEMENT_3D ( 'NONE', #3431, #7147, #7831 ) ;
#5034 = DIRECTION ( 'NONE',  ( -1.000000000000000000, 0.000000000000000000, 0.000000000000000000 ) ) ;
#5035 = AXIS2_PLACEMENT_3D ( 'NONE', #3395, #6967, #6414 ) ;
#5036 = DIRECTION ( 'NONE',  ( 0.000000000000000000, 1.000000000000000000, 0.000000000000000000 ) ) ;
#5037 = DIRECTION ( 'NONE',  ( 0.000000000000000000, 1.000000000000000000, -3.491481338843133355E-15 ) ) ;
#5038 = ORIENTED_EDGE ( 'NONE', *, *, #4232, .T. ) ;
#5039 = EDGE_LOOP ( 'NONE', ( #4609, #4657 ) ) ;
#5040 = AXIS2_PLACEMENT_3D ( 'NONE', #1328, #3757, #786 ) ;
#5041 = ADVANCED_FACE ( 'NONE', ( #6756 ), #1250, .F. ) ;
#5042 = CARTESIAN_POINT ( 'NONE',  ( 100.0000000000032259, 59.99999999999949551, -7.216449660063517513E-13 ) ) ;
#5043 = DIRECTION ( 'NONE',  ( -3.491481338843133355E-15, 0.000000000000000000, 1.000000000000000000 ) ) ;
#5044 = CARTESIAN_POINT ( 'NONE',  ( -8.707107281186509340, 9.705254964940063900, -214.8679174858380634 ) ) ;
#5045 = CIRCLE ( 'NONE', #1003, 13.00000000000001066 ) ;
#5046 = ORIENTED_EDGE ( 'NONE', *, *, #5978, .T. ) ;
#5047 = AXIS2_PLACEMENT_3D ( 'NONE', #6388, #7656, #3294 ) ;
#5048 = ORIENTED_EDGE ( 'NONE', *, *, #6646, .T. ) ;
#5049 = EDGE_CURVE ( 'NONE', #541, #2958, #2432, .T. ) ;
#5050 = EDGE_CURVE ( 'NONE', #469, #7335, #5411, .T. ) ;
#5051 = FACE_OUTER_BOUND ( 'NONE', #7641, .T. ) ;
#5052 = VERTEX_POINT ( 'NONE', #1805 ) ;
#5053 = AXIS2_PLACEMENT_3D ( 'NONE', #1315, #5561, #3140 ) ;
#5054 = DIRECTION ( 'NONE',  ( 1.000000000000000000, 0.000000000000000000, -1.290957005378089075E-16 ) ) ;
#5055 = LINE ( 'NONE', #4941, #3139 ) ;
#5056 = ORIENTED_EDGE ( 'NONE', *, *, #4695, .F. ) ;
#5057 = CIRCLE ( 'NONE', #5567, 13.00000000000001066 ) ;
#5058 = CARTESIAN_POINT ( 'NONE',  ( -500.0000000000000000, 500.0000000000013074, 389.4336293856405291 ) ) ;
#5059 = VECTOR ( 'NONE', #3492, 1000.000000000000000 ) ;
#5060 = DIRECTION ( 'NONE',  ( -1.000000000000000000, 0.000000000000000000, 0.000000000000000000 ) ) ;
#5061 = CYLINDRICAL_SURFACE ( 'NONE', #513, 13.00000000000003197 ) ;
#5062 = B_SPLINE_CURVE_WITH_KNOTS ( 'NONE', 3,
 ( #7327, #1854, #4204, #7281 ),
 .UNSPECIFIED., .F., .F.,
 ( 4, 4 ),
 ( 0.000000000000000000, 0.9999999999999962252 ),
 .UNSPECIFIED. ) ;
#5063 = ORIENTED_EDGE ( 'NONE', *, *, #1519, .T. ) ;
#5064 = EDGE_CURVE ( 'NONE', #7647, #3829, #1121, .T. ) ;
#5065 = CARTESIAN_POINT ( 'NONE',  ( 11.99999999999995559, 0.000000000000000000, 195.0000000000000000 ) ) ;
#5066 = ORIENTED_EDGE ( 'NONE', *, *, #1673, .F. ) ;
#5067 = AXIS2_PLACEMENT_3D ( 'NONE', #4587, #267, #3314 ) ;
#5068 = AXIS2_PLACEMENT_3D ( 'NONE', #332, #6992, #6400 ) ;
#5069 = FACE_OUTER_BOUND ( 'NONE', #6613, .T. ) ;
#5070 = SHAPE_DEFINITION_REPRESENTATION ( #3083, #5690 ) ;
#5071 = ORIENTED_EDGE ( 'NONE', *, *, #5469, .F. ) ;
#5072 = DIRECTION ( 'NONE',  ( 4.270088556250600319E-15, -1.000000000000000000, 0.000000000000000000 ) ) ;
#5073 = AXIS2_PLACEMENT_3D ( 'NONE', #6147, #4360, #681 ) ;
#5074 = CARTESIAN_POINT ( 'NONE',  ( -385.4999999999999432, 500.0000000000013074, 402.4336293856397333 ) ) ;
#5075 = DIRECTION ( 'NONE',  ( 0.000000000000000000, 0.000000000000000000, -1.000000000000000000 ) ) ;
#5076 = ORIENTED_EDGE ( 'NONE', *, *, #357, .F. ) ;
#5077 = EDGE_CURVE ( 'NONE', #866, #190, #6941, .T. ) ;
#5078 = CARTESIAN_POINT ( 'NONE',  ( -385.4999999999997158, 430.5663706143598688, 254.4336293856395059 ) ) ;
#5079 = DIRECTION ( 'NONE',  ( -0.000000000000000000, -0.000000000000000000, 1.000000000000000000 ) ) ;
#5080 = ORIENTED_EDGE ( 'NONE', *, *, #7526, .T. ) ;
#5081 = CARTESIAN_POINT ( 'NONE',  ( 0.000000000000000000, 437.4336293856408702, 12.00000000000006573 ) ) ;
#5082 = DIRECTION ( 'NONE',  ( 0.000000000000000000, 0.000000000000000000, -1.000000000000000000 ) ) ;
#5083 = ORIENTED_EDGE ( 'NONE', *, *, #6083, .T. ) ;
#5084 = ORIENTED_EDGE ( 'NONE', *, *, #4766, .F. ) ;
#5085 = ADVANCED_FACE ( 'NONE', ( #5526 ), #4267, .F. ) ;
#5086 = DIRECTION ( 'NONE',  ( 0.000000000000000000, 0.000000000000000000, -1.000000000000000000 ) ) ;
#5087 = CARTESIAN_POINT ( 'NONE',  ( 0.000000000000000000, 370.0000000000000000, 80.49999999999995737 ) ) ;
#5088 = FACE_BOUND ( 'NONE', #1021, .T. ) ;
#5089 = SHAPE_REPRESENTATION ( 'straight-bracket', ( #2120 ), #5907 ) ;
#5090 = ADVANCED_FACE ( 'NONE', ( #6096, #1289, #1958 ), #4859, .T. ) ;
#5091 = ORIENTED_EDGE ( 'NONE', *, *, #7034, .T. ) ;
#5092 = EDGE_LOOP ( 'NONE', ( #2139, #5202, #4567, #174 ) ) ;
#5093 = CARTESIAN_POINT ( 'NONE',  ( -194.2928932188135605, -8.000000000000076383, -195.0000000000000000 ) ) ;
#5094 = ORIENTED_EDGE ( 'NONE', *, *, #1789, .F. ) ;
#5095 = CARTESIAN_POINT ( 'NONE',  ( -194.2928932188136173, -1.384695580853439517E-13, -196.4558058261758333 ) ) ;
#5096 = CARTESIAN_POINT ( 'NONE',  ( -347.0000000000000568, 464.9999999999998863, 2.000000000000000000 ) ) ;
#5097 = VERTEX_POINT ( 'NONE', #2513 ) ;
#5098 = EDGE_CURVE ( 'NONE', #4888, #5846, #4937, .T. ) ;
#5099 = EDGE_CURVE ( 'NONE', #6420, #1466, #5045, .T. ) ;
#5100 =( NAMED_UNIT ( * ) SI_UNIT ( $, .STERADIAN. ) SOLID_ANGLE_UNIT ( ) );
#5101 = CARTESIAN_POINT ( 'NONE',  ( -1199.999999999999773, 422.5663706143590730, 12.00000000000012790 ) ) ;
#5102 = PLANE ( 'NONE',  #895 ) ;
#5103 = ORIENTED_EDGE ( 'NONE', *, *, #7778, .F. ) ;
#5104 = FACE_OUTER_BOUND ( 'NONE', #807, .T. ) ;
#5105 = ORIENTED_EDGE ( 'NONE', *, *, #3606, .T. ) ;
#5106 = DIRECTION ( 'NONE',  ( -0.000000000000000000, 1.000000000000000000, -3.491481338843133355E-15 ) ) ;
#5107 = VERTEX_POINT ( 'NONE', #6361 ) ;
#5108 = EDGE_CURVE ( 'NONE', #3913, #7837, #4542, .T. ) ;
#5109 = CARTESIAN_POINT ( 'NONE',  ( -360.0000000000000568, 437.4336293856408133, 47.43362938564077069 ) ) ;
#5110 = DIRECTION ( 'NONE',  ( -1.290957005378089075E-16, -3.301778511896375126E-15, -1.000000000000000000 ) ) ;
#5111 = PLANE ( 'NONE',  #6080 ) ;
#5112 = ORIENTED_EDGE ( 'NONE', *, *, #1921, .T. ) ;
#5113 = VERTEX_POINT ( 'NONE', #3907 ) ;
#5114 = DIRECTION ( 'NONE',  ( 0.000000000000000000, 0.000000000000000000, -1.000000000000000000 ) ) ;
#5115 = CARTESIAN_POINT ( 'NONE',  ( 87.00000000000321165, 59.99999999999949551, -7.216449660063517513E-13 ) ) ;
#5116 = ORIENTED_EDGE ( 'NONE', *, *, #3189, .F. ) ;
#5117 = CIRCLE ( 'NONE', #7780, 12.99999999999990052 ) ;
#5118 = EDGE_CURVE ( 'NONE', #6453, #7611, #4461, .T. ) ;
#5119 = DIRECTION ( 'NONE',  ( -1.000000000000000000, 4.845403715540893213E-31, -1.387778780781445676E-16 ) ) ;
#5120 = CARTESIAN_POINT ( 'NONE',  ( -20.70710678118653547, 11.99999999999987210, -195.0000000000000000 ) ) ;
#5121 = ORIENTED_EDGE ( 'NONE', *, *, #6359, .F. ) ;
#5122 = ORIENTED_EDGE ( 'NONE', *, *, #3204, .F. ) ;
#5123 = VECTOR ( 'NONE', #6079, 1000.000000000000000 ) ;
#5124 = PLANE ( 'NONE',  #6317 ) ;
#5125 = CARTESIAN_POINT ( 'NONE',  ( -50.24999999999972289, 0.000000000000000000, -170.5857864376219766 ) ) ;
#5126 = FACE_BOUND ( 'NONE', #3730, .T. ) ;
#5127 = AXIS2_PLACEMENT_3D ( 'NONE', #4770, #7184, #1757 ) ;
#5128 = AXIS2_PLACEMENT_3D ( 'NONE', #6913, #3350, #5612 ) ;
#5129 = ORIENTED_EDGE ( 'NONE', *, *, #4610, .T. ) ;
#5130 = CARTESIAN_POINT ( 'NONE',  ( -194.2928932188135036, -5.826246055445642114, -204.3868041492335124 ) ) ;
#5131 = ORIENTED_EDGE ( 'NONE', *, *, #7401, .T. ) ;
#5132 = VECTOR ( 'NONE', #4630, 1000.000000000000000 ) ;
#5133 = LINE ( 'NONE', #7398, #7214 ) ;
#5134 = CARTESIAN_POINT ( 'NONE',  ( -487.0000000000000000, 39.99999999999987210, -8.000000000000000000 ) ) ;
#5135 = CYLINDRICAL_SURFACE ( 'NONE', #2133, 13.00000000000001066 ) ;
#5136 = ORIENTED_EDGE ( 'NONE', *, *, #756, .F. ) ;
#5137 = CARTESIAN_POINT ( 'NONE',  ( -385.5000000000003979, 174.9999999999998863, 2.000000000000000000 ) ) ;
#5138 = DIRECTION ( 'NONE',  ( -0.000000000000000000, 1.000000000000000000, 3.491481338843133750E-15 ) ) ;
#5139 = VERTEX_POINT ( 'NONE', #3342 ) ;
#5140 = CARTESIAN_POINT ( 'NONE',  ( 207.0000000000000284, 60.00000000000000000, 67.50000000000319744 ) ) ;
#5141 = ORIENTED_EDGE ( 'NONE', *, *, #5978, .F. ) ;
#5142 = ADVANCED_FACE ( 'NONE', ( #3263 ), #6322, .F. ) ;
#5143 = ORIENTED_EDGE ( 'NONE', *, *, #4143, .F. ) ;
#5144 = PLANE ( 'NONE',  #6051 ) ;
#5145 = CARTESIAN_POINT ( 'NONE',  ( -7.999999999999766409, 67.25000000000002842, 0.000000000000000000 ) ) ;
#5146 = ORIENTED_EDGE ( 'NONE', *, *, #5772, .T. ) ;
#5147 = CARTESIAN_POINT ( 'NONE',  ( -131.5000000000000284, 357.4336293856408133, 0.000000000000000000 ) ) ;
#5148 = ORIENTED_EDGE ( 'NONE', *, *, #1280, .F. ) ;
#5149 = AXIS2_PLACEMENT_3D ( 'NONE', #1106, #3568, #639 ) ;
#5150 = EDGE_LOOP ( 'NONE', ( #1906, #4992 ) ) ;
#5151 = ADVANCED_FACE ( 'NONE', ( #815 ), #1524, .F. ) ;
#5152 = ADVANCED_FACE ( 'NONE', ( #5051, #175, #853 ), #259, .F. ) ;
#5153 = SURFACE_STYLE_USAGE ( .BOTH. , #5782 ) ;
#5154 = CARTESIAN_POINT ( 'NONE',  ( -215.0000000000001990, 55.25000000000001421, -166.2928932188134752 ) ) ;
#5155 = DIRECTION ( 'NONE',  ( -0.000000000000000000, 0.000000000000000000, -1.000000000000000000 ) ) ;
#5156 = EDGE_LOOP ( 'NONE', ( #3245, #1122, #4434, #7308 ) ) ;
#5157 = DIRECTION ( 'NONE',  ( -0.000000000000000000, 0.1147372512562991193, 0.9933958743492691257 ) ) ;
#5158 = AXIS2_PLACEMENT_3D ( 'NONE', #7610, #875, #6923 ) ;
#5159 = CARTESIAN_POINT ( 'NONE',  ( -206.4946715356962557, -4.545684236434836656, -194.2928932188135036 ) ) ;
#5160 = EDGE_LOOP ( 'NONE', ( #3343, #2467, #3394, #366 ) ) ;
#5161 = ORIENTED_EDGE ( 'NONE', *, *, #2682, .F. ) ;
#5162 = LINE ( 'NONE', #1951, #4925 ) ;
#5163 = AXIS2_PLACEMENT_3D ( 'NONE', #668, #5457, #29 ) ;
#5164 = AXIS2_PLACEMENT_3D ( 'NONE', #7493, #2649, #2056 ) ;
#5165 = CYLINDRICAL_SURFACE ( 'NONE', #6045, 13.00000000000001066 ) ;
#5166 = DIRECTION ( 'NONE',  ( 0.000000000000000000, 0.000000000000000000, -1.000000000000000000 ) ) ;
#5167 = VECTOR ( 'NONE', #7655, 1000.000000000000000 ) ;
#5168 = ORIENTED_EDGE ( 'NONE', *, *, #6994, .T. ) ;
#5169 = AXIS2_PLACEMENT_3D ( 'NONE', #3072, #5646, #2633 ) ;
#5170 = EDGE_CURVE ( 'NONE', #7766, #6261, #6443, .T. ) ;
#5171 = CARTESIAN_POINT ( 'NONE',  ( -699.9999999999985221, 500.0000000000009095, 254.4336293856405007 ) ) ;
#5172 = ORIENTED_EDGE ( 'NONE', *, *, #1984, .T. ) ;
#5173 = CARTESIAN_POINT ( 'NONE',  ( 1.032765604302471260E-15, 11.99999999999995559, -207.0000000000000284 ) ) ;
#5174 = DIRECTION ( 'NONE',  ( 3.491481338843133355E-15, -0.000000000000000000, 1.000000000000000000 ) ) ;
#5175 = AXIS2_PLACEMENT_3D ( 'NONE', #3983, #7592, #6906 ) ;
#5176 = LINE ( 'NONE', #4622, #3144 ) ;
#5177 = ORIENTED_EDGE ( 'NONE', *, *, #4086, .F. ) ;
#5178 = AXIS2_PLACEMENT_3D ( 'NONE', #2118, #334, #4583 ) ;
#5179 = CARTESIAN_POINT ( 'NONE',  ( -10.00000000000006928, 0.000000000000000000, -197.5900000000000034 ) ) ;
#5180 = CARTESIAN_POINT ( 'NONE',  ( -1148.499999999997272, 47.43362938564096254, 69.43362938564074227 ) ) ;
#5181 = AXIS2_PLACEMENT_3D ( 'NONE', #134, #7346, #3621 ) ;
#5182 = ORIENTED_EDGE ( 'NONE', *, *, #2825, .T. ) ;
#5183 = ADVANCED_FACE ( 'NONE', ( #7474 ), #899, .F. ) ;
#5184 = DIRECTION ( 'NONE',  ( -0.000000000000000000, -1.000000000000000000, -0.000000000000000000 ) ) ;
#5185 = ORIENTED_EDGE ( 'NONE', *, *, #5869, .F. ) ;
#5186 = VECTOR ( 'NONE', #5487, 1000.000000000000000 ) ;
#5187 = CIRCLE ( 'NONE', #2904, 20.00000000000001776 ) ;
#5188 = ORIENTED_EDGE ( 'NONE', *, *, #2682, .T. ) ;
#5189 = LINE ( 'NONE', #3440, #4914 ) ;
#5190 = LINE ( 'NONE', #2177, #7697 ) ;
#5191 = EDGE_CURVE ( 'NONE', #4879, #2580, #4579, .T. ) ;
#5192 = ORIENTED_EDGE ( 'NONE', *, *, #6306, .F. ) ;
#5193 = CARTESIAN_POINT ( 'NONE',  ( 3.900372309257726034E-14, 11.23339666253950320, -206.2928932188135605 ) ) ;
#5194 = VECTOR ( 'NONE', #3087, 1000.000000000000000 ) ;
#5195 = ORIENTED_EDGE ( 'NONE', *, *, #5118, .F. ) ;
#5196 = ORIENTED_EDGE ( 'NONE', *, *, #5214, .F. ) ;
#5197 = VECTOR ( 'NONE', #3566, 1000.000000000000000 ) ;
#5198 =( NAMED_UNIT ( * ) SI_UNIT ( $, .STERADIAN. ) SOLID_ANGLE_UNIT ( ) );
#5199 = LINE ( 'NONE', #3558, #4038 ) ;
#5200 = DIRECTION ( 'NONE',  ( 0.000000000000000000, 1.000000000000000000, -3.301778511896374337E-15 ) ) ;
#5201 = CIRCLE ( 'NONE', #2660, 13.00000000000000533 ) ;
#5202 = ORIENTED_EDGE ( 'NONE', *, *, #1179, .F. ) ;
#5203 = DIRECTION ( 'NONE',  ( 0.000000000000000000, 0.000000000000000000, -1.000000000000000000 ) ) ;
#5204 = CIRCLE ( 'NONE', #6589, 12.99999999999979039 ) ;
#5205 = EDGE_CURVE ( 'NONE', #6119, #260, #2674, .T. ) ;
#5206 = EDGE_CURVE ( 'NONE', #5918, #1787, #2639, .T. ) ;
#5207 = DIRECTION ( 'NONE',  ( 1.152819845712009823E-16, -0.000000000000000000, 1.000000000000000000 ) ) ;
#5208 = ORIENTED_EDGE ( 'NONE', *, *, #6891, .T. ) ;
#5209 = VERTEX_POINT ( 'NONE', #6868 ) ;
#5210 = DIRECTION ( 'NONE',  ( 0.000000000000000000, 0.000000000000000000, -1.000000000000000000 ) ) ;
#5211 = DIRECTION ( 'NONE',  ( 0.000000000000000000, 1.000000000000000000, -3.491481338843133355E-15 ) ) ;
#5212 = DIRECTION ( 'NONE',  ( -1.000000000000000000, -0.000000000000000000, -0.000000000000000000 ) ) ;
#5213 = CYLINDRICAL_SURFACE ( 'NONE', #3557, 12.99999999999999822 ) ;
#5214 = EDGE_CURVE ( 'NONE', #6453, #434, #2519, .T. ) ;
#5215 = ORIENTED_EDGE ( 'NONE', *, *, #1703, .T. ) ;
#5216 = LINE ( 'NONE', #7712, #7840 ) ;
#5217 = VERTEX_POINT ( 'NONE', #213 ) ;
#5218 = FACE_BOUND ( 'NONE', #4028, .T. ) ;
#5219 = CARTESIAN_POINT ( 'NONE',  ( -206.2928932188135605, 12.00000000000010481, -207.0000000000000000 ) ) ;
#5220 = DIRECTION ( 'NONE',  ( 0.000000000000000000, 1.000000000000000000, 0.000000000000000000 ) ) ;
#5221 = ORIENTED_EDGE ( 'NONE', *, *, #1789, .T. ) ;
#5222 = ADVANCED_FACE ( 'NONE', ( #1403 ), #1476, .F. ) ;
#5223 = DIRECTION ( 'NONE',  ( -1.000000000000000000, 0.000000000000000000, 0.000000000000000000 ) ) ;
#5224 = FACE_OUTER_BOUND ( 'NONE', #5658, .T. ) ;
#5225 = ORIENTED_EDGE ( 'NONE', *, *, #7644, .T. ) ;
#5226 = DIRECTION ( 'NONE',  ( 0.000000000000000000, 0.000000000000000000, -1.000000000000000000 ) ) ;
#5227 = VERTEX_POINT ( 'NONE', #4538 ) ;
#5228 = EDGE_CURVE ( 'NONE', #6965, #5354, #3948, .T. ) ;
#5229 = DIRECTION ( 'NONE',  ( -0.000000000000000000, -0.000000000000000000, 1.000000000000000000 ) ) ;
#5230 = EDGE_CURVE ( 'NONE', #838, #773, #1644, .T. ) ;
#5231 = CARTESIAN_POINT ( 'NONE',  ( -1200.000000000000000, 422.5663706143604941, 429.4336293856406996 ) ) ;
#5232 = VERTEX_POINT ( 'NONE', #1086 ) ;
#5233 = CARTESIAN_POINT ( 'NONE',  ( -164.7499999999997726, -8.000000000000000000, -157.5857864376210102 ) ) ;
#5234 = EDGE_LOOP ( 'NONE', ( #2295, #4243, #1971, #2996 ) ) ;
#5235 = ORIENTED_EDGE ( 'NONE', *, *, #208, .T. ) ;
#5236 = DIRECTION ( 'NONE',  ( -0.000000000000000000, 1.000000000000000000, 3.491481338843133355E-15 ) ) ;
#5237 = VERTEX_POINT ( 'NONE', #5965 ) ;
#5238 = EDGE_CURVE ( 'NONE', #1896, #1158, #747, .T. ) ;
#5239 = VERTEX_POINT ( 'NONE', #1013 ) ;
#5240 = CARTESIAN_POINT ( 'NONE',  ( -852.9999999999998863, 464.9999999999998863, 2.000000000000000000 ) ) ;
#5241 = PLANE ( 'NONE',  #4551 ) ;
#5242 = ORIENTED_EDGE ( 'NONE', *, *, #6411, .F. ) ;
#5243 = ORIENTED_EDGE ( 'NONE', *, *, #653, .T. ) ;
#5244 = LINE ( 'NONE', #7662, #4681 ) ;
#5245 = CARTESIAN_POINT ( 'NONE',  ( 0.000000000000000000, 437.4336293856408702, 12.00000000000006573 ) ) ;
#5246 = ADVANCED_FACE ( 'NONE', ( #3498 ), #6549, .F. ) ;
#5247 = EDGE_CURVE ( 'NONE', #5935, #2239, #7751, .T. ) ;
#5248 = DIRECTION ( 'NONE',  ( 1.290957005378089075E-16, 3.301778511896374732E-15, 1.000000000000000000 ) ) ;
#5249 = DIRECTION ( 'NONE',  ( 0.000000000000000000, -1.000000000000000000, 3.491481338843133355E-15 ) ) ;
#5250 = VERTEX_POINT ( 'NONE', #4138 ) ;
#5251 = AXIS2_PLACEMENT_3D ( 'NONE', #1683, #4703, #2279 ) ;
#5252 = CARTESIAN_POINT ( 'NONE',  ( -360.0000000000000568, 427.4336293856407565, 47.43362938564073517 ) ) ;
#5253 = ORIENTED_EDGE ( 'NONE', *, *, #4856, .F. ) ;
#5254 = FACE_OUTER_BOUND ( 'NONE', #4288, .T. ) ;
#5255 = EDGE_CURVE ( 'NONE', #5696, #1883, #6439, .T. ) ;
#5256 = DIRECTION ( 'NONE',  ( 0.000000000000000000, -1.000000000000000000, 0.000000000000000000 ) ) ;
#5257 = DIRECTION ( 'NONE',  ( 1.000000000000000000, 0.000000000000000000, 0.000000000000000000 ) ) ;
#5258 = EDGE_CURVE ( 'NONE', #7624, #1297, #2383, .T. ) ;
#5259 = CARTESIAN_POINT ( 'NONE',  ( -64.50000000000324007, 47.43362938564082754, 0.000000000000000000 ) ) ;
#5260 = AXIS2_PLACEMENT_3D ( 'NONE', #3093, #4331, #7254 ) ;
#5261 = AXIS2_PLACEMENT_3D ( 'NONE', #6655, #4161, #5467 ) ;
#5262 = DIRECTION ( 'NONE',  ( 0.000000000000000000, 0.000000000000000000, 1.000000000000000000 ) ) ;
#5263 = CIRCLE ( 'NONE', #1837, 12.99999999999980282 ) ;
#5264 = ORIENTED_EDGE ( 'NONE', *, *, #6564, .T. ) ;
#5265 = CARTESIAN_POINT ( 'NONE',  ( -560.0000000000000000, 429.4336293856407565, 47.43362938564074227 ) ) ;
#5266 = VERTEX_POINT ( 'NONE', #416 ) ;
#5267 = PRODUCT_DEFINITION_CONTEXT ( 'detailed design', #4296, 'design' ) ;
#5268 = DIRECTION ( 'NONE',  ( -4.270088556250596374E-15, 1.000000000000000000, 0.000000000000000000 ) ) ;
#5269 = DIRECTION ( 'NONE',  ( -0.000000000000000000, -1.000000000000000000, 3.491481338843132961E-15 ) ) ;
#5270 = EDGE_LOOP ( 'NONE', ( #7473, #6093, #6345, #7534 ) ) ;
#5271 = CARTESIAN_POINT ( 'NONE',  ( -8.000000000000000000, 60.00000000000000000, 147.5000000000031832 ) ) ;
#5272 = ORIENTED_EDGE ( 'NONE', *, *, #5469, .T. ) ;
#5273 = ORIENTED_EDGE ( 'NONE', *, *, #3807, .F. ) ;
#5274 = DIRECTION ( 'NONE',  ( -3.301778511896374732E-15, 1.000000000000000000, -0.000000000000000000 ) ) ;
#5275 = CARTESIAN_POINT ( 'NONE',  ( -215.0000000000000000, -8.000000000000000000, -187.5899999999999466 ) ) ;
#5276 = ORIENTED_EDGE ( 'NONE', *, *, #1519, .F. ) ;
#5277 = FACE_OUTER_BOUND ( 'NONE', #3998, .T. ) ;
#5278 = DIRECTION ( 'NONE',  ( 1.000000000000000000, 0.000000000000000000, 0.000000000000000000 ) ) ;
#5279 = ORIENTED_EDGE ( 'NONE', *, *, #6163, .F. ) ;
#5280 = VERTEX_POINT ( 'NONE', #5884 ) ;
#5281 = DIRECTION ( 'NONE',  ( -0.000000000000000000, -0.000000000000000000, 1.000000000000000000 ) ) ;
#5282 = EDGE_CURVE ( 'NONE', #4879, #6861, #5216, .T. ) ;
#5283 = DIRECTION ( 'NONE',  ( -1.000000000000000000, 0.000000000000000000, -0.000000000000000000 ) ) ;
#5284 = PRODUCT_DEFINITION_FORMATION_WITH_SPECIFIED_SOURCE ( 'ANY', '', #625, .NOT_KNOWN. ) ;
#5285 = CARTESIAN_POINT ( 'NONE',  ( -157.5000000000000000, 357.4336293856408133, 69.43362938564074227 ) ) ;
#5286 = CARTESIAN_POINT ( 'NONE',  ( -1135.500000000000227, 422.5663706143593004, 84.99999999999995737 ) ) ;
#5287 = EDGE_LOOP ( 'NONE', ( #6899, #7279 ) ) ;
#5288 = EDGE_CURVE ( 'NONE', #6927, #6638, #2007, .T. ) ;
#5289 = VECTOR ( 'NONE', #7803, 1000.000000000000000 ) ;
#5290 = CARTESIAN_POINT ( 'NONE',  ( -1135.500000000000227, 430.5663706143591867, 72.00000000000011369 ) ) ;
#5291 = DIRECTION ( 'NONE',  ( 1.000000000000000000, 0.000000000000000000, 0.000000000000000000 ) ) ;
#5292 = CARTESIAN_POINT ( 'NONE',  ( -215.0000000000002274, 67.25000000000000000, 2.775557561562891351E-14 ) ) ;
#5293 = CARTESIAN_POINT ( 'NONE',  ( -64.49999999999866418, 422.5663706143602667, 369.0000000000004547 ) ) ;
#5294 = FACE_OUTER_BOUND ( 'NONE', #6716, .T. ) ;
#5295 = B_SPLINE_CURVE_WITH_KNOTS ( 'NONE', 3,
 ( #7191, #3550, #1652, #5891 ),
 .UNSPECIFIED., .F., .F.,
 ( 4, 4 ),
 ( 0.000000000000000000, 1.000000000000000000 ),
 .UNSPECIFIED. ) ;
#5296 =( GEOMETRIC_REPRESENTATION_CONTEXT ( 3 ) GLOBAL_UNCERTAINTY_ASSIGNED_CONTEXT ( ( #981 ) ) GLOBAL_UNIT_ASSIGNED_CONTEXT ( ( #1031, #1777, #6609 ) ) REPRESENTATION_CONTEXT ( 'NONE', 'WORKASPACE' ) );
#5297 = VECTOR ( 'NONE', #6588, 1000.000000000000000 ) ;
#5298 = FACE_OUTER_BOUND ( 'NONE', #6309, .T. ) ;
#5299 = EDGE_CURVE ( 'NONE', #2361, #5728, #4604, .T. ) ;
#5300 = EDGE_CURVE ( 'NONE', #5456, #6795, #2141, .T. ) ;
#5301 = ORIENTED_EDGE ( 'NONE', *, *, #5730, .F. ) ;
#5302 = CARTESIAN_POINT ( 'NONE',  ( -385.4999999999997158, 500.0000000000009095, 241.4336293856375448 ) ) ;
#5303 = ORIENTED_EDGE ( 'NONE', *, *, #4040, .F. ) ;
#5304 = CIRCLE ( 'NONE', #6562, 12.99999999999999822 ) ;
#5305 = STYLED_ITEM ( 'NONE', ( #6837 ), #3554 ) ;
#5306 = CARTESIAN_POINT ( 'NONE',  ( 11.99999999999995559, 430.0000000000000568, 215.0000000000000000 ) ) ;
#5307 = CARTESIAN_POINT ( 'NONE',  ( -814.5000000000002274, 422.5663706143598120, 241.4336293856378006 ) ) ;
#5308 = LINE ( 'NONE', #7156, #3507 ) ;
#5309 = EDGE_CURVE ( 'NONE', #4560, #3527, #753, .T. ) ;
#5310 = CARTESIAN_POINT ( 'NONE',  ( -500.0000000000004547, 174.9999999999998863, 0.000000000000000000 ) ) ;
#5311 = ORIENTED_EDGE ( 'NONE', *, *, #7086, .T. ) ;
#5312 = EDGE_LOOP ( 'NONE', ( #5642, #6487, #795, #7513 ) ) ;
#5313 = CIRCLE ( 'NONE', #1377, 12.00000000000000000 ) ;
#5314 = CARTESIAN_POINT ( 'NONE',  ( -699.9999999999995453, 174.9999999999998863, 2.000000000000000000 ) ) ;
#5315 = VECTOR ( 'NONE', #45, 1000.000000000000000 ) ;
#5316 = VERTEX_POINT ( 'NONE', #2792 ) ;
#5317 = EDGE_LOOP ( 'NONE', ( #6996, #5392, #7093, #4965 ) ) ;
#5318 = CARTESIAN_POINT ( 'NONE',  ( 0.000000000000000000, 422.5663706143604941, 429.4336293856406996 ) ) ;
#5319 = AXIS2_PLACEMENT_3D ( 'NONE', #7404, #4287, #1271 ) ;
#5320 = DIRECTION ( 'NONE',  ( 0.000000000000000000, -1.000000000000000000, 4.270088556250609785E-15 ) ) ;
#5321 = AXIS2_PLACEMENT_3D ( 'NONE', #6574, #4240, #2447 ) ;
#5322 = VERTEX_POINT ( 'NONE', #7026 ) ;
#5323 = EDGE_LOOP ( 'NONE', ( #5116, #709, #3801, #4091 ) ) ;
#5324 = CARTESIAN_POINT ( 'NONE',  ( 207.0000000000000284, 430.0000000000000568, 207.0000000000007105 ) ) ;
#5325 = AXIS2_PLACEMENT_3D ( 'NONE', #6651, #6175, #2482 ) ;
#5326 = CARTESIAN_POINT ( 'NONE',  ( -206.2928932188135605, -8.000000000000138556, -195.0000000000000000 ) ) ;
#5327 = VECTOR ( 'NONE', #4072, 1000.000000000000000 ) ;
#5328 = PLANE ( 'NONE',  #3861 ) ;
#5329 = CARTESIAN_POINT ( 'NONE',  ( 207.0000000000000284, 370.0000000000000000, 67.49999999999995737 ) ) ;
#5330 = VERTEX_POINT ( 'NONE', #1717 ) ;
#5331 = AXIS2_PLACEMENT_3D ( 'NONE', #1963, #4386, #1370 ) ;
#5332 = CARTESIAN_POINT ( 'NONE',  ( -686.9999999999995453, 174.9999999999998863, -8.000000000000000000 ) ) ;
#5333 = DIRECTION ( 'NONE',  ( 0.000000000000000000, 1.000000000000000000, 0.000000000000000000 ) ) ;
#5334 = DIRECTION ( 'NONE',  ( -1.290957005378089075E-16, -3.301778511896374732E-15, -1.000000000000000000 ) ) ;
#5335 = CARTESIAN_POINT ( 'NONE',  ( -700.0000000000000000, 500.0000000000013074, 376.4336293856405291 ) ) ;
#5336 = DIRECTION ( 'NONE',  ( 0.000000000000000000, 4.270088556250598741E-15, 1.000000000000000000 ) ) ;
#5337 = EDGE_CURVE ( 'NONE', #6951, #7372, #4699, .T. ) ;
#5338 = DIRECTION ( 'NONE',  ( -0.000000000000000000, -1.000000000000000000, 3.491481338843132961E-15 ) ) ;
#5339 = ORIENTED_EDGE ( 'NONE', *, *, #5395, .T. ) ;
#5340 = DIRECTION ( 'NONE',  ( 0.000000000000000000, 1.000000000000000000, -4.270088556250609785E-15 ) ) ;
#5341 = VERTEX_POINT ( 'NONE', #1597 ) ;
#5342 = EDGE_CURVE ( 'NONE', #95, #7582, #2828, .T. ) ;
#5343 = EDGE_CURVE ( 'NONE', #7554, #6697, #2646, .T. ) ;
#5344 = FACE_BOUND ( 'NONE', #6766, .T. ) ;
#5345 = CARTESIAN_POINT ( 'NONE',  ( -1200.000000000000000, 422.5663706143604941, 429.4336293856406996 ) ) ;
#5346 = CARTESIAN_POINT ( 'NONE',  ( -385.4999999999999432, 422.5663706143603235, 389.4336293856400175 ) ) ;
#5347 = ORIENTED_EDGE ( 'NONE', *, *, #1845, .T. ) ;
#5348 = VERTEX_POINT ( 'NONE', #5332 ) ;
#5349 = DIRECTION ( 'NONE',  ( 0.000000000000000000, -4.270088556250598741E-15, -1.000000000000000000 ) ) ;
#5350 = DIRECTION ( 'NONE',  ( 0.000000000000000000, -0.000000000000000000, 1.000000000000000000 ) ) ;
#5351 = CIRCLE ( 'NONE', #6363, 13.00000000000003197 ) ;
#5352 = ADVANCED_FACE ( 'NONE', ( #3668 ), #3745, .F. ) ;
#5353 = FILL_AREA_STYLE_COLOUR ( '', #6419 ) ;
#5354 = VERTEX_POINT ( 'NONE', #6631 ) ;
#5355 = CARTESIAN_POINT ( 'NONE',  ( -513.0000000000000000, 39.99999999999987210, 0.000000000000000000 ) ) ;
#5356 = LINE ( 'NONE', #7132, #4420 ) ;
#5357 = ORIENTED_EDGE ( 'NONE', *, *, #3090, .F. ) ;
#5358 = ORIENTED_EDGE ( 'NONE', *, *, #3290, .T. ) ;
#5359 = FACE_OUTER_BOUND ( 'NONE', #1393, .T. ) ;
#5360 = DIRECTION ( 'NONE',  ( 0.000000000000000000, 1.000000000000000000, 3.491481338843133355E-15 ) ) ;
#5361 = EDGE_CURVE ( 'NONE', #1708, #7159, #3149, .T. ) ;
#5362 = CARTESIAN_POINT ( 'NONE',  ( -639.9999999999998863, 464.9999999999998863, -8.000000000000000000 ) ) ;
#5363 = DIRECTION ( 'NONE',  ( 1.000000000000000000, 0.000000000000000000, -0.000000000000000000 ) ) ;
#5364 = ORIENTED_EDGE ( 'NONE', *, *, #5773, .F. ) ;
#5365 = PRODUCT_DEFINITION_SHAPE ( 'NONE', 'NONE',  #7845 ) ;
#5366 = DIRECTION ( 'NONE',  ( 3.491481338843132961E-15, 1.000000000000000000, 6.123233995736766036E-17 ) ) ;
#5367 = LINE ( 'NONE', #7788, #1453 ) ;
#5368 = CARTESIAN_POINT ( 'NONE',  ( 11.99999999999995737, 0.000000000000000000, 7.999999999999958256 ) ) ;
#5369 = DIRECTION ( 'NONE',  ( 0.000000000000000000, -4.270088556250591641E-15, 1.000000000000000000 ) ) ;
#5370 = EDGE_CURVE ( 'NONE', #5570, #1993, #18, .T. ) ;
#5371 = CARTESIAN_POINT ( 'NONE',  ( -19.99999999999995737, -8.000000000000000000, -194.2928932188135320 ) ) ;
#5372 = CIRCLE ( 'NONE', #2324, 12.99999999999999822 ) ;
#5373 = CARTESIAN_POINT ( 'NONE',  ( -385.4999999999997158, 500.0000000000009095, 254.4336293856392786 ) ) ;
#5374 = EDGE_LOOP ( 'NONE', ( #61, #4067, #6642, #7489 ) ) ;
#5375 = LINE ( 'NONE', #580, #3266 ) ;
#5376 = ORIENTED_EDGE ( 'NONE', *, *, #6047, .F. ) ;
#5377 = CIRCLE ( 'NONE', #4624, 13.00000000000000178 ) ;
#5378 = SURFACE_STYLE_USAGE ( .BOTH. , #4006 ) ;
#5379 = LINE ( 'NONE', #5306, #6964 ) ;
#5380 = PRESENTATION_STYLE_ASSIGNMENT (( #4745 ) ) ;
#5381 = CIRCLE ( 'NONE', #5511, 12.99999999999999822 ) ;
#5382 = CARTESIAN_POINT ( 'NONE',  ( -7.999999999999852562, 42.25000000000068923, -166.2928932188134752 ) ) ;
#5383 = DIRECTION ( 'NONE',  ( 0.000000000000000000, -4.270088556250598741E-15, -1.000000000000000000 ) ) ;
#5384 = VERTEX_POINT ( 'NONE', #1875 ) ;
#5385 = EDGE_CURVE ( 'NONE', #1860, #155, #7199, .T. ) ;
#5386 = VERTEX_POINT ( 'NONE', #5518 ) ;
#5387 = LINE ( 'NONE', #4279, #6088 ) ;
#5388 = CARTESIAN_POINT ( 'NONE',  ( -8.000000000000000000, 60.00000000000000000, 134.5000000000031832 ) ) ;
#5389 = ORIENTED_EDGE ( 'NONE', *, *, #1945, .F. ) ;
#5390 = CARTESIAN_POINT ( 'NONE',  ( -194.2928932188135605, -8.000000000000015987, -194.2928932188134468 ) ) ;
#5391 = CARTESIAN_POINT ( 'NONE',  ( -8.000000000000044409, 430.0000000000000000, 19.99999999999996092 ) ) ;
#5392 = ORIENTED_EDGE ( 'NONE', *, *, #3061, .T. ) ;
#5393 = VERTEX_POINT ( 'NONE', #4257 ) ;
#5394 = EDGE_CURVE ( 'NONE', #417, #560, #7299, .T. ) ;
#5395 = EDGE_CURVE ( 'NONE', #3997, #4750, #5558, .T. ) ;
#5396 = FACE_OUTER_BOUND ( 'NONE', #1701, .T. ) ;
#5397 = CARTESIAN_POINT ( 'NONE',  ( -385.4999999999999432, 500.0000000000013074, 389.4336293856397333 ) ) ;
#5398 = AXIS2_PLACEMENT_3D ( 'NONE', #5832, #5155, #7652 ) ;
#5399 = DIRECTION ( 'NONE',  ( 0.000000000000000000, -1.000000000000000000, 4.270088556250601108E-15 ) ) ;
#5400 = DIRECTION ( 'NONE',  ( 1.000000000000000000, 0.000000000000000000, 0.000000000000000000 ) ) ;
#5401 = VERTEX_POINT ( 'NONE', #4298 ) ;
#5402 = DIRECTION ( 'NONE',  ( 0.000000000000000000, -4.270088556250591641E-15, 1.000000000000000000 ) ) ;
#5403 = DIRECTION ( 'NONE',  ( -1.000000000000000000, 0.000000000000000000, 0.000000000000000000 ) ) ;
#5404 = PLANE ( 'NONE',  #4942 ) ;
#5405 = DIRECTION ( 'NONE',  ( -0.7071067811865473507, 2.468850131082266132E-15, -0.7071067811865476838 ) ) ;
#5406 = CARTESIAN_POINT ( 'NONE',  ( -8.505328464303747893, -4.545684236434874848, -194.2928932188135605 ) ) ;
#5407 = ORIENTED_EDGE ( 'NONE', *, *, #4517, .T. ) ;
#5408 = DIRECTION ( 'NONE',  ( 0.000000000000000000, 1.000000000000000000, 0.000000000000000000 ) ) ;
#5409 = AXIS2_PLACEMENT_3D ( 'NONE', #3846, #275, #6259 ) ;
#5410 = ORIENTED_EDGE ( 'NONE', *, *, #6116, .F. ) ;
#5411 = LINE ( 'NONE', #3068, #2891 ) ;
#5412 = EDGE_LOOP ( 'NONE', ( #2919, #7487, #2700, #3158 ) ) ;
#5413 = VECTOR ( 'NONE', #4269, 1000.000000000000000 ) ;
#5415 = FACE_OUTER_BOUND ( 'NONE', #6754, .T. ) ;
#5414 = AXIS2_PLACEMENT_3D ( 'NONE', #4480, #757, #5588 ) ;
#5416 = CIRCLE ( 'NONE', #4782, 13.00000000000001066 ) ;
#5417 = FACE_OUTER_BOUND ( 'NONE', #3082, .T. ) ;
#5418 = CARTESIAN_POINT ( 'NONE',  ( 207.0000000000000284, 370.0000000000000000, 67.49999999999995737 ) ) ;
#5419 = EDGE_CURVE ( 'NONE', #3920, #44, #116, .T. ) ;
#5420 = DIRECTION ( 'NONE',  ( -0.000000000000000000, -0.000000000000000000, -1.000000000000000000 ) ) ;
#5421 = ORIENTED_EDGE ( 'NONE', *, *, #3841, .F. ) ;
#5422 = CIRCLE ( 'NONE', #3914, 13.00000000000173195 ) ;
#5423 = ORIENTED_EDGE ( 'NONE', *, *, #6966, .F. ) ;
#5424 = FACE_OUTER_BOUND ( 'NONE', #4779, .T. ) ;
#5425 = DIRECTION ( 'NONE',  ( -0.000000000000000000, -0.000000000000000000, -1.000000000000000000 ) ) ;
#5426 = DIRECTION ( 'NONE',  ( 3.275157922644210217E-15, -1.603748355177413318E-33, 1.000000000000000000 ) ) ;
#5427 = ADVANCED_FACE ( 'NONE', ( #4927 ), #4850, .F. ) ;
#5428 = EDGE_LOOP ( 'NONE', ( #2217, #5410 ) ) ;
#5429 = PRODUCT ( 'first-iteration-of-assem-1', 'first-iteration-of-assem-1', '', ( #5542 ) ) ;
#5430 = LINE ( 'NONE', #4840, #94 ) ;
#5431 = DIRECTION ( 'NONE',  ( -0.000000000000000000, -0.000000000000000000, -1.000000000000000000 ) ) ;
#5432 = AXIS2_PLACEMENT_3D ( 'NONE', #2300, #1111, #2333 ) ;
#5433 = ORIENTED_EDGE ( 'NONE', *, *, #3934, .F. ) ;
#5434 = AXIS2_PLACEMENT_3D ( 'NONE', #6475, #1554, #6431 ) ;
#5435 = DIRECTION ( 'NONE',  ( -1.387778780781445676E-16, -3.491481338843133355E-15, 1.000000000000000000 ) ) ;
#5436 = CYLINDRICAL_SURFACE ( 'NONE', #6806, 13.00000000000003197 ) ;
#5437 = PLANE ( 'NONE',  #5627 ) ;
#5438 = VECTOR ( 'NONE', #5420, 1000.000000000000000 ) ;
#5439 = ADVANCED_FACE ( 'NONE', ( #2427 ), #658, .F. ) ;
#5440 = EDGE_CURVE ( 'NONE', #1136, #4755, #4049, .T. ) ;
#5441 = CARTESIAN_POINT ( 'NONE',  ( -144.4999999999987494, 430.5663706143603804, 394.9999999999999432 ) ) ;
#5442 = VECTOR ( 'NONE', #839, 1000.000000000000000 ) ;
#5443 = ORIENTED_EDGE ( 'NONE', *, *, #554, .F. ) ;
#5444 = VECTOR ( 'NONE', #6286, 1000.000000000000000 ) ;
#5445 = CARTESIAN_POINT ( 'NONE',  ( -164.7499999999997726, 0.000000000000000000, -157.5857864376210102 ) ) ;
#5446 = CIRCLE ( 'NONE', #3037, 12.00000000000001066 ) ;
#5447 = DIRECTION ( 'NONE',  ( -1.000000000000000000, 0.000000000000000000, 0.000000000000000000 ) ) ;
#5448 = EDGE_LOOP ( 'NONE', ( #4800, #1033, #7723, #3918 ) ) ;
#5449 = FACE_BOUND ( 'NONE', #833, .T. ) ;
#5450 = EDGE_CURVE ( 'NONE', #5935, #6861, #3059, .T. ) ;
#5451 = AXIS2_PLACEMENT_3D ( 'NONE', #5589, #4325, #2567 ) ;
#5452 = EDGE_LOOP ( 'NONE', ( #1818, #982 ) ) ;
#5453 = CYLINDRICAL_SURFACE ( 'NONE', #4806, 13.00000000000034461 ) ;
#5454 = ORIENTED_EDGE ( 'NONE', *, *, #2242, .T. ) ;
#5455 = DIRECTION ( 'NONE',  ( -1.000000000000000000, 0.000000000000000000, 0.000000000000000000 ) ) ;
#5456 = VERTEX_POINT ( 'NONE', #4968 ) ;
#5457 = DIRECTION ( 'NONE',  ( 0.000000000000000000, 0.000000000000000000, -1.000000000000000000 ) ) ;
#5458 = FACE_OUTER_BOUND ( 'NONE', #926, .T. ) ;
#5459 = EDGE_CURVE ( 'NONE', #4256, #2553, #1795, .T. ) ;
#5460 = FACE_BOUND ( 'NONE', #2599, .T. ) ;
#5461 = FILL_AREA_STYLE_COLOUR ( '', #102 ) ;
#5462 = FILL_AREA_STYLE_COLOUR ( '', #428 ) ;
#5463 = CARTESIAN_POINT ( 'NONE',  ( -560.0000000000000000, -2.775557561562891351E-13, 34.43362938563920750 ) ) ;
#5464 = ORIENTED_EDGE ( 'NONE', *, *, #1605, .F. ) ;
#5465 = EDGE_LOOP ( 'NONE', ( #286, #4447, #3308, #2761 ) ) ;
#5466 = CARTESIAN_POINT ( 'NONE',  ( -8.000000000000000000, 370.0000000000000000, 134.4999999999999432 ) ) ;
#5467 = DIRECTION ( 'NONE',  ( 0.000000000000000000, -4.270088556250591641E-15, 1.000000000000000000 ) ) ;
#5468 = ADVANCED_FACE ( 'NONE', ( #6669 ), #725, .F. ) ;
#5469 = EDGE_CURVE ( 'NONE', #2839, #7643, #3672, .T. ) ;
#5470 = ORIENTED_EDGE ( 'NONE', *, *, #4591, .T. ) ;
#5471 = CARTESIAN_POINT ( 'NONE',  ( -207.0000000000001705, 55.25000000000007105, -31.29289321881345387 ) ) ;
#5472 = DIRECTION ( 'NONE',  ( 0.000000000000000000, -1.000000000000000000, -3.491481338843133355E-15 ) ) ;
#5473 = DIRECTION ( 'NONE',  ( 1.000000000000000000, 0.000000000000000000, 0.000000000000000000 ) ) ;
#5474 = ORIENTED_EDGE ( 'NONE', *, *, #4985, .F. ) ;
#5475 = DIRECTION ( 'NONE',  ( 0.000000000000000000, -1.000000000000000000, 0.000000000000000000 ) ) ;
#5476 = PLANE ( 'NONE',  #4531 ) ;
#5477 = FACE_OUTER_BOUND ( 'NONE', #6528, .T. ) ;
#5478 = CARTESIAN_POINT ( 'NONE',  ( -20.70710678118653192, 5.177911802334390856, -204.9789019048591285 ) ) ;
#5479 = ORIENTED_EDGE ( 'NONE', *, *, #4865, .F. ) ;
#5480 = ADVANCED_FACE ( 'NONE', ( #7226 ), #4218, .F. ) ;
#5481 = EDGE_CURVE ( 'NONE', #7237, #5250, #6036, .T. ) ;
#5482 = CARTESIAN_POINT ( 'NONE',  ( -205.0000000000000000, -8.000000000000000000, -187.5900000000000034 ) ) ;
#5483 = DIRECTION ( 'NONE',  ( -3.491481338843133355E-15, -1.000000000000000000, 0.000000000000000000 ) ) ;
#5484 = VERTEX_POINT ( 'NONE', #5042 ) ;
#5485 = DIRECTION ( 'NONE',  ( 0.000000000000000000, 4.270088556250591641E-15, -1.000000000000000000 ) ) ;
#5486 = ORIENTED_EDGE ( 'NONE', *, *, #5077, .T. ) ;
#5487 = DIRECTION ( 'NONE',  ( -0.000000000000000000, 1.000000000000000000, 3.491481338843133750E-15 ) ) ;
#5488 = VERTEX_POINT ( 'NONE', #6862 ) ;
#5489 = EDGE_CURVE ( 'NONE', #190, #866, #6694, .T. ) ;
#5490 = EDGE_CURVE ( 'NONE', #3895, #4911, #4674, .T. ) ;
#5491 = CARTESIAN_POINT ( 'NONE',  ( 3.487173069540940901E-13, 29.25000000000071410, -31.29289321881345387 ) ) ;
#5492 = VERTEX_POINT ( 'NONE', #7462 ) ;
#5493 = PRODUCT ( 'middle-part-top', 'middle-part-top', '', ( #6255 ) ) ;
#5494 = CARTESIAN_POINT ( 'NONE',  ( 3.482344524265709963E-13, 29.25000000000071410, -31.29289321881345387 ) ) ;
#5495 = FILL_AREA_STYLE_COLOUR ( '', #2129 ) ;
#5496 = CARTESIAN_POINT ( 'NONE',  ( 0.000000000000000000, 429.4336293856407565, 39.43362938564048648 ) ) ;
#5497 = CARTESIAN_POINT ( 'NONE',  ( 154.0000000000031832, 60.00000000000005684, 7.999999999999462652 ) ) ;
#5498 = DIRECTION ( 'NONE',  ( 0.000000000000000000, 0.000000000000000000, -1.000000000000000000 ) ) ;
#5499 = AXIS2_PLACEMENT_3D ( 'NONE', #127, #4963, #7375 ) ;
#5500 = ORIENTED_EDGE ( 'NONE', *, *, #7517, .F. ) ;
#5501 = ORIENTED_EDGE ( 'NONE', *, *, #6753, .T. ) ;
#5502 = DIRECTION ( 'NONE',  ( -1.000000000000000000, 0.000000000000000000, 0.000000000000000000 ) ) ;
#5503 = CARTESIAN_POINT ( 'NONE',  ( -385.4999999999997158, 430.5663706143598120, 241.4336293856377438 ) ) ;
#5504 = DIRECTION ( 'NONE',  ( -1.000000000000000222, 1.144917494144692682E-16, -2.391543916884412975E-17 ) ) ;
#5505 = AXIS2_PLACEMENT_3D ( 'NONE', #659, #3060, #53 ) ;
#5506 = EDGE_LOOP ( 'NONE', ( #1992, #7104 ) ) ;
#5507 = CARTESIAN_POINT ( 'NONE',  ( -1200.000000000000000, 442.5663706143590730, 0.000000000000000000 ) ) ;
#5508 = DIRECTION ( 'NONE',  ( 0.000000000000000000, 4.270088556250591641E-15, -1.000000000000000000 ) ) ;
#5509 = DIRECTION ( 'NONE',  ( -0.000000000000000000, -0.000000000000000000, 1.000000000000000000 ) ) ;
#5510 = ORIENTED_EDGE ( 'NONE', *, *, #4804, .T. ) ;
#5511 = AXIS2_PLACEMENT_3D ( 'NONE', #6787, #5519, #614 ) ;
#5512 = DIRECTION ( 'NONE',  ( 0.000000000000000000, -0.000000000000000000, -1.000000000000000000 ) ) ;
#5513 = FACE_OUTER_BOUND ( 'NONE', #3975, .T. ) ;
#5514 = LINE ( 'NONE', #1979, #7395 ) ;
#5515 = DIRECTION ( 'NONE',  ( -1.000000000000000000, 0.000000000000000000, 0.000000000000000000 ) ) ;
#5516 = EDGE_LOOP ( 'NONE', ( #4486, #3315, #5076, #1871 ) ) ;
#5517 = EDGE_CURVE ( 'NONE', #4571, #4936, #809, .T. ) ;
#5518 = CARTESIAN_POINT ( 'NONE',  ( 0.000000000000000000, 60.00000000000000000, 54.50000000000319744 ) ) ;
#5519 = DIRECTION ( 'NONE',  ( -1.000000000000000000, 0.000000000000000000, 0.000000000000000000 ) ) ;
#5520 = ORIENTED_EDGE ( 'NONE', *, *, #1484, .T. ) ;
#5521 = CARTESIAN_POINT ( 'NONE',  ( -64.49999999999977263, 500.0000000000002274, 84.99999999999985789 ) ) ;
#5522 = EDGE_CURVE ( 'NONE', #598, #4409, #889, .T. ) ;
#5523 = ORIENTED_EDGE ( 'NONE', *, *, #2529, .T. ) ;
#5524 = AXIS2_PLACEMENT_3D ( 'NONE', #6532, #7772, #3081 ) ;
#5525 = ORIENTED_EDGE ( 'NONE', *, *, #2436, .F. ) ;
#5526 = FACE_OUTER_BOUND ( 'NONE', #5323, .T. ) ;
#5527 = ORIENTED_EDGE ( 'NONE', *, *, #3290, .F. ) ;
#5528 = CARTESIAN_POINT ( 'NONE',  ( -64.49999999999977263, 422.5663706143592435, 72.00000000000027001 ) ) ;
#5529 = CARTESIAN_POINT ( 'NONE',  ( 3.053113317719180486E-13, 42.25000000000073186, -31.29289321881345387 ) ) ;
#5530 = AXIS2_PLACEMENT_3D ( 'NONE', #510, #5269, #1063 ) ;
#5531 = ADVANCED_FACE ( 'NONE', ( #7415 ), #1431, .F. ) ;
#5532 = EDGE_CURVE ( 'NONE', #1423, #3011, #5754, .T. ) ;
#5533 = DIRECTION ( 'NONE',  ( -1.000000000000000000, -3.324886662288877240E-15, 0.000000000000000000 ) ) ;
#5534 = DIRECTION ( 'NONE',  ( -0.000000000000000000, -1.000000000000000000, 3.491481338843132961E-15 ) ) ;
#5535 = ORIENTED_EDGE ( 'NONE', *, *, #6703, .T. ) ;
#5536 = AXIS2_PLACEMENT_3D ( 'NONE', #1405, #6169, #7425 ) ;
#5537 = ORIENTED_EDGE ( 'NONE', *, *, #4018, .T. ) ;
#5538 = VECTOR ( 'NONE', #983, 1000.000000000000000 ) ;
#5539 = CIRCLE ( 'NONE', #4031, 13.00000000000000533 ) ;
#5540 = FACE_OUTER_BOUND ( 'NONE', #4833, .T. ) ;
#5541 = DIRECTION ( 'NONE',  ( -0.000000000000000000, -0.000000000000000000, 1.000000000000000000 ) ) ;
#5542 = PRODUCT_CONTEXT ( 'NONE', #1299, 'mechanical' ) ;
#5543 = ORIENTED_EDGE ( 'NONE', *, *, #7653, .T. ) ;
#5544 = EDGE_CURVE ( 'NONE', #6289, #633, #4690, .T. ) ;
#5545 = DIRECTION ( 'NONE',  ( 0.000000000000000000, 0.000000000000000000, -1.000000000000000000 ) ) ;
#5546 = AXIS2_PLACEMENT_3D ( 'NONE', #3972, #4010, #3369 ) ;
#5547 = CIRCLE ( 'NONE', #4158, 12.99999999999999822 ) ;
#5548 = LINE ( 'NONE', #2536, #7562 ) ;
#5549 = CARTESIAN_POINT ( 'NONE',  ( -899.9999999999998863, 499.9999999999998863, -8.000000000000000000 ) ) ;
#5550 = EDGE_LOOP ( 'NONE', ( #828, #488, #6196, #5172 ) ) ;
#5551 = CARTESIAN_POINT ( 'NONE',  ( -215.0000000000002274, 67.25000000000000000, 1.387778780781445676E-14 ) ) ;
#5552 = AXIS2_PLACEMENT_3D ( 'NONE', #5760, #2744, #3828 ) ;
#5553 = AXIS2_PLACEMENT_3D ( 'NONE', #5014, #5574, #3832 ) ;
#5554 = CARTESIAN_POINT ( 'NONE',  ( 0.000000000000000000, 429.4336293856424618, -430.5663706143592435 ) ) ;
#5555 = DIRECTION ( 'NONE',  ( -1.000000000000000000, 0.000000000000000000, -4.270088556250602685E-15 ) ) ;
#5556 = EDGE_CURVE ( 'NONE', #4974, #959, #2391, .T. ) ;
#5557 = FACE_OUTER_BOUND ( 'NONE', #994, .T. ) ;
#5558 = CIRCLE ( 'NONE', #3793, 20.00000000000000000 ) ;
#5559 = ORIENTED_EDGE ( 'NONE', *, *, #4817, .F. ) ;
#5560 = ORIENTED_EDGE ( 'NONE', *, *, #941, .T. ) ;
#5561 = DIRECTION ( 'NONE',  ( 1.000000000000000000, 3.301778511896374732E-15, -0.000000000000000000 ) ) ;
#5562 = AXIS2_PLACEMENT_3D ( 'NONE', #3717, #244, #2663 ) ;
#5563 = DIRECTION ( 'NONE',  ( 0.000000000000000000, -1.000000000000000000, 4.270088556250601108E-15 ) ) ;
#5564 = AXIS2_PLACEMENT_3D ( 'NONE', #2060, #237, #5626 ) ;
#5565 = LINE ( 'NONE', #5521, #4737 ) ;
#5566 = EDGE_CURVE ( 'NONE', #7837, #3913, #2014, .T. ) ;
#5567 = AXIS2_PLACEMENT_3D ( 'NONE', #81, #4361, #3701 ) ;
#5568 = ORIENTED_EDGE ( 'NONE', *, *, #1126, .F. ) ;
#5569 = STYLED_ITEM ( 'NONE', ( #3327 ), #6076 ) ;
#5570 = VERTEX_POINT ( 'NONE', #6901 ) ;
#5571 = LINE ( 'NONE', #4308, #2763 ) ;
#5572 = ORIENTED_EDGE ( 'NONE', *, *, #5721, .T. ) ;
#5573 = FACE_BOUND ( 'NONE', #246, .T. ) ;
#5574 = DIRECTION ( 'NONE',  ( 0.000000000000000000, -1.000000000000000000, 0.000000000000000000 ) ) ;
#5575 = AXIS2_PLACEMENT_3D ( 'NONE', #6960, #1411, #7557 ) ;
#5576 = AXIS2_PLACEMENT_3D ( 'NONE', #3950, #6364, #2530 ) ;
#5577 = CARTESIAN_POINT ( 'NONE',  ( -899.9999999999998863, 499.9999999999998863, 0.000000000000000000 ) ) ;
#5578 = CARTESIAN_POINT ( 'NONE',  ( -573.0000000000001137, 464.9999999999998863, 429.4336293856406996 ) ) ;
#5579 = ORIENTED_EDGE ( 'NONE', *, *, #964, .F. ) ;
#5580 = ORIENTED_EDGE ( 'NONE', *, *, #7470, .F. ) ;
#5581 = CIRCLE ( 'NONE', #6971, 13.00000000000001066 ) ;
#5582 = EDGE_CURVE ( 'NONE', #1402, #5266, #5600, .T. ) ;
#5583 = EDGE_CURVE ( 'NONE', #6090, #2181, #6825, .T. ) ;
#5584 = CARTESIAN_POINT ( 'NONE',  ( -48.70710678118651771, 42.25000000000000000, -215.0000000000001421 ) ) ;
#5585 = CYLINDRICAL_SURFACE ( 'NONE', #350, 13.00000000000001066 ) ;
#5586 = CONTEXT_DEPENDENT_SHAPE_REPRESENTATION ( #6472, #1755 ) ;
#5587 = EDGE_LOOP ( 'NONE', ( #5121, #308 ) ) ;
#5588 = DIRECTION ( 'NONE',  ( 0.000000000000000000, 0.000000000000000000, -1.000000000000000000 ) ) ;
#5589 = CARTESIAN_POINT ( 'NONE',  ( 87.00000000000321165, 59.99999999999949551, 207.0000000000002842 ) ) ;
#5590 = CARTESIAN_POINT ( 'NONE',  ( 167.0000000000032117, 60.00000000000005684, -7.216449660063517513E-13 ) ) ;
#5591 = ORIENTED_EDGE ( 'NONE', *, *, #7426, .F. ) ;
#5592 = EDGE_LOOP ( 'NONE', ( #2526, #3035, #2294, #5686 ) ) ;
#5593 = EDGE_CURVE ( 'NONE', #3069, #4868, #2702, .T. ) ;
#5594 = CARTESIAN_POINT ( 'NONE',  ( 11.99999999999991473, 430.0000000000000000, 7.999999999999958256 ) ) ;
#5595 = DIRECTION ( 'NONE',  ( 1.000000000000000000, 0.000000000000000000, 0.000000000000000000 ) ) ;
#5596 = LINE ( 'NONE', #4294, #2842 ) ;
#5597 = DIRECTION ( 'NONE',  ( 1.000000000000000000, 0.000000000000000000, 0.000000000000000000 ) ) ;
#5598 = VERTEX_POINT ( 'NONE', #205 ) ;
#5599 = ORIENTED_EDGE ( 'NONE', *, *, #3823, .F. ) ;
#5600 = LINE ( 'NONE', #1470, #238 ) ;
#5601 = DIRECTION ( 'NONE',  ( 1.000000000000000000, 0.000000000000000000, 0.000000000000000000 ) ) ;
#5602 = LINE ( 'NONE', #2035, #4988 ) ;
#5603 = AXIS2_PLACEMENT_3D ( 'NONE', #1849, #6685, #3156 ) ;
#5604 = ORIENTED_EDGE ( 'NONE', *, *, #4062, .T. ) ;
#5605 = ORIENTED_EDGE ( 'NONE', *, *, #7769, .T. ) ;
#5606 = ADVANCED_FACE ( 'NONE', ( #6234 ), #2617, .T. ) ;
#5607 = DIRECTION ( 'NONE',  ( 0.000000000000000000, 0.000000000000000000, 1.000000000000000000 ) ) ;
#5608 = EDGE_LOOP ( 'NONE', ( #2408, #4986 ) ) ;
#5609 = CARTESIAN_POINT ( 'NONE',  ( 0.000000000000000000, 417.4336293856408133, -8.000000000000010658 ) ) ;
#5610 = DIRECTION ( 'NONE',  ( -0.000000000000000000, -0.000000000000000000, 1.000000000000000000 ) ) ;
#5611 = CARTESIAN_POINT ( 'NONE',  ( -1135.500000000000227, 430.5663706143591298, 59.00000000000031264 ) ) ;
#5612 = DIRECTION ( 'NONE',  ( 0.000000000000000000, -4.270088556250671316E-15, -1.000000000000000000 ) ) ;
#5613 = CARTESIAN_POINT ( 'NONE',  ( 0.000000000000000000, 370.0000000000000000, 67.49999999999995737 ) ) ;
#5614 = EDGE_LOOP ( 'NONE', ( #4615, #6618 ) ) ;
#5615 = ADVANCED_FACE ( 'NONE', ( #3336 ), #3858, .F. ) ;
#5616 = ORIENTED_EDGE ( 'NONE', *, *, #5459, .T. ) ;
#5617 = DIRECTION ( 'NONE',  ( -1.000000000000000000, -0.000000000000000000, -0.000000000000000000 ) ) ;
#5618 = APPLICATION_PROTOCOL_DEFINITION ( 'draft international standard', 'automotive_design', 1998, #2163 ) ;
#5619 = ORIENTED_EDGE ( 'NONE', *, *, #7539, .T. ) ;
#5620 = PLANE ( 'NONE',  #1109 ) ;
#5621 = AXIS2_PLACEMENT_3D ( 'NONE', #4222, #3467, #6003 ) ;
#5622 = LINE ( 'NONE', #7333, #5958 ) ;
#5623 = ADVANCED_FACE ( 'NONE', ( #7545 ), #5124, .T. ) ;
#5624 = DIRECTION ( 'NONE',  ( -0.000000000000000000, 1.000000000000000000, 3.491481338843133355E-15 ) ) ;
#5625 = EDGE_LOOP ( 'NONE', ( #4397, #7301 ) ) ;
#5626 = DIRECTION ( 'NONE',  ( 1.000000000000000000, 0.000000000000000000, 0.000000000000000000 ) ) ;
#5627 = AXIS2_PLACEMENT_3D ( 'NONE', #165, #3739, #6032 ) ;
#5628 = PLANE ( 'NONE',  #7785 ) ;
#5629 = CYLINDRICAL_SURFACE ( 'NONE', #7445, 10.00000000000000888 ) ;
#5630 = AXIS2_PLACEMENT_3D ( 'NONE', #6576, #4793, #7245 ) ;
#5631 = EDGE_CURVE ( 'NONE', #3521, #4004, #7329, .T. ) ;
#5632 = EDGE_CURVE ( 'NONE', #6599, #6310, #5162, .T. ) ;
#5633 = DIRECTION ( 'NONE',  ( 0.000000000000000000, -0.000000000000000000, 1.000000000000000000 ) ) ;
#5634 = VERTEX_POINT ( 'NONE', #6393 ) ;
#5635 = ORIENTED_EDGE ( 'NONE', *, *, #1657, .T. ) ;
#5636 = AXIS2_PLACEMENT_3D ( 'NONE', #1988, #6632, #3622 ) ;
#5637 = DIRECTION ( 'NONE',  ( 0.000000000000000000, 0.000000000000000000, -1.000000000000000000 ) ) ;
#5638 = CARTESIAN_POINT ( 'NONE',  ( -1135.499999999996817, 47.43362938564096254, 69.43362938564074227 ) ) ;
#5639 = DIRECTION ( 'NONE',  ( -1.000000000000000000, -0.000000000000000000, -0.000000000000000000 ) ) ;
#5640 = EDGE_CURVE ( 'NONE', #1753, #3241, #1115, .T. ) ;
#5641 = ORIENTED_EDGE ( 'NONE', *, *, #4118, .T. ) ;
#5642 = ORIENTED_EDGE ( 'NONE', *, *, #4814, .T. ) ;
#5643 = CARTESIAN_POINT ( 'NONE',  ( -194.2928932188135605, -8.000000000000076383, -195.0000000000000000 ) ) ;
#5644 = ORIENTED_EDGE ( 'NONE', *, *, #3982, .T. ) ;
#5645 = CARTESIAN_POINT ( 'NONE',  ( -194.2928932188135605, -1.387778780781445676E-13, -195.0000000000000000 ) ) ;
#5646 = DIRECTION ( 'NONE',  ( -0.000000000000000000, -1.000000000000000000, 3.491481338843133355E-15 ) ) ;
#5647 = VECTOR ( 'NONE', #5425, 1000.000000000000000 ) ;
#5648 = DIRECTION ( 'NONE',  ( -0.000000000000000000, -0.000000000000000000, -1.000000000000000000 ) ) ;
#5649 =( NAMED_UNIT ( * ) PLANE_ANGLE_UNIT ( ) SI_UNIT ( $, .RADIAN. ) );
#5650 = DIRECTION ( 'NONE',  ( 0.000000000000000000, 1.000000000000000000, -0.000000000000000000 ) ) ;
#5651 = CARTESIAN_POINT ( 'NONE',  ( -48.70710678118648929, 42.25000000000071054, 1.387778780781445676E-13 ) ) ;
#5652 = ORIENTED_EDGE ( 'NONE', *, *, #7470, .T. ) ;
#5653 = CARTESIAN_POINT ( 'NONE',  ( -7.999999999999958256, 11.99999999999995737, 0.000000000000000000 ) ) ;
#5654 = ORIENTED_EDGE ( 'NONE', *, *, #6679, .F. ) ;
#5655 = PRODUCT_DEFINITION_FORMATION_WITH_SPECIFIED_SOURCE ( 'ANY', '', #4167, .NOT_KNOWN. ) ;
#5656 = CYLINDRICAL_SURFACE ( 'NONE', #4403, 13.00000000000001066 ) ;
#5657 = SHAPE_DEFINITION_REPRESENTATION ( #2451, #7619 ) ;
#5658 = EDGE_LOOP ( 'NONE', ( #956, #965, #5605, #5048 ) ) ;
#5659 = EDGE_CURVE ( 'NONE', #2124, #6397, #3917, .T. ) ;
#5660 = FACE_OUTER_BOUND ( 'NONE', #7605, .T. ) ;
#5661 = DIRECTION ( 'NONE',  ( -0.000000000000000000, -1.000000000000000000, -0.000000000000000000 ) ) ;
#5662 = CARTESIAN_POINT ( 'NONE',  ( 0.000000000000000000, -8.000000000000000000, -187.5899999999999466 ) ) ;
#5663 = ORIENTED_EDGE ( 'NONE', *, *, #7799, .T. ) ;
#5664 = CIRCLE ( 'NONE', #477, 13.00000000000001066 ) ;
#5665 = LINE ( 'NONE', #2695, #4932 ) ;
#5666 = CARTESIAN_POINT ( 'NONE',  ( -64.49999999999866418, 422.5663706143603235, 382.0000000000002274 ) ) ;
#5667 = EDGE_LOOP ( 'NONE', ( #3487, #4926, #7349, #5698, #3377, #1630, #4645, #6948 ) ) ;
#5668 = VECTOR ( 'NONE', #969, 1000.000000000000000 ) ;
#5669 = AXIS2_PLACEMENT_3D ( 'NONE', #3210, #4523, #7455 ) ;
#5670 = AXIS2_PLACEMENT_3D ( 'NONE', #2061, #5031, #281 ) ;
#5671 = DIRECTION ( 'NONE',  ( 0.000000000000000000, -0.000000000000000000, 1.000000000000000000 ) ) ;
#5672 = LINE ( 'NONE', #58, #884 ) ;
#5673 = EDGE_LOOP ( 'NONE', ( #6691, #4381, #3876, #7424 ) ) ;
#5674 = ORIENTED_EDGE ( 'NONE', *, *, #6371, .F. ) ;
#5675 = CIRCLE ( 'NONE', #2377, 13.00000000000001066 ) ;
#5676 = DIRECTION ( 'NONE',  ( -0.000000000000000000, -0.000000000000000000, 1.000000000000000000 ) ) ;
#5677 = FACE_OUTER_BOUND ( 'NONE', #151, .T. ) ;
#5678 = EDGE_CURVE ( 'NONE', #2325, #6867, #6450, .T. ) ;
#5679 = EDGE_CURVE ( 'NONE', #6271, #1883, #3532, .T. ) ;
#5680 = DIRECTION ( 'NONE',  ( -1.000000000000000000, 0.000000000000000000, 0.000000000000000000 ) ) ;
#5681 = AXIS2_PLACEMENT_3D ( 'NONE', #6087, #4886, #7828 ) ;
#5682 = EDGE_LOOP ( 'NONE', ( #3718, #4605, #6808, #6451 ) ) ;
#5683 = CIRCLE ( 'NONE', #6949, 13.00000000000001066 ) ;
#5684 = ORIENTED_EDGE ( 'NONE', *, *, #7409, .F. ) ;
#5685 = CARTESIAN_POINT ( 'NONE',  ( -194.2928932188135889, -4.545684236434936132, -206.4946715356963693 ) ) ;
#5686 = ORIENTED_EDGE ( 'NONE', *, *, #1047, .T. ) ;
#5687 = CIRCLE ( 'NONE', #2271, 13.00000000000001066 ) ;
#5688 = CARTESIAN_POINT ( 'NONE',  ( -713.0000000000000000, 39.99999999999987210, 2.000000000000000000 ) ) ;
#5689 = EDGE_CURVE ( 'NONE', #5456, #7024, #2303, .T. ) ;
#5690 = SHAPE_REPRESENTATION ( 'middle-part-top', ( #2120 ), #3242 ) ;
#5691 = FACE_OUTER_BOUND ( 'NONE', #2500, .T. ) ;
#5692 = ORIENTED_EDGE ( 'NONE', *, *, #1845, .F. ) ;
#5693 = CIRCLE ( 'NONE', #5817, 13.00000000000001066 ) ;
#5694 = FACE_OUTER_BOUND ( 'NONE', #3885, .T. ) ;
#5695 = DIRECTION ( 'NONE',  ( -0.000000000000000000, -0.000000000000000000, -1.000000000000000000 ) ) ;
#5696 = VERTEX_POINT ( 'NONE', #4573 ) ;
#5697 = DIRECTION ( 'NONE',  ( 0.000000000000000000, 4.270088556250598741E-15, 1.000000000000000000 ) ) ;
#5698 = ORIENTED_EDGE ( 'NONE', *, *, #6194, .F. ) ;
#5699 = AXIS2_PLACEMENT_3D ( 'NONE', #1182, #3600, #1215 ) ;
#5700 = ADVANCED_FACE ( 'NONE', ( #6983 ), #2821, .F. ) ;
#5701 = DIRECTION ( 'NONE',  ( 0.000000000000000000, 0.000000000000000000, -1.000000000000000000 ) ) ;
#5702 = ORIENTED_EDGE ( 'NONE', *, *, #4223, .T. ) ;
#5703 = CARTESIAN_POINT ( 'NONE',  ( -206.7537153319213701, 9.176961477470769069, -194.2928932188135036 ) ) ;
#5704 = CYLINDRICAL_SURFACE ( 'NONE', #7822, 12.99999999999998401 ) ;
#5705 = DIRECTION ( 'NONE',  ( 1.000000000000000000, 0.000000000000000000, 0.000000000000000000 ) ) ;
#5706 = VECTOR ( 'NONE', #7360, 1000.000000000000000 ) ;
#5707 = ORIENTED_EDGE ( 'NONE', *, *, #4125, .T. ) ;
#5708 = CARTESIAN_POINT ( 'NONE',  ( 0.000000000000000000, 422.5663706143619152, 12.00000000000006573 ) ) ;
#5709 = EDGE_CURVE ( 'NONE', #4398, #5634, #2022, .T. ) ;
#5710 = PRESENTATION_STYLE_ASSIGNMENT (( #6266 ) ) ;
#5711 = ORIENTED_EDGE ( 'NONE', *, *, #964, .T. ) ;
#5712 = CARTESIAN_POINT ( 'NONE',  ( -385.4999999999997158, 422.5663706143598120, 241.4336293856378006 ) ) ;
#5713 = CARTESIAN_POINT ( 'NONE',  ( 0.000000000000000000, 465.0000000000000000, -8.000000000000000000 ) ) ;
#5714 = VERTEX_POINT ( 'NONE', #4691 ) ;
#5715 = EDGE_LOOP ( 'NONE', ( #7117, #5038, #7686, #273 ) ) ;
#5716 = CARTESIAN_POINT ( 'NONE',  ( 3.053113317719180486E-13, 42.25000000000073186, -31.29289321881345387 ) ) ;
#5717 = ADVANCED_FACE ( 'NONE', ( #4131 ), #4098, .F. ) ;
#5718 = DIRECTION ( 'NONE',  ( 0.000000000000000000, 4.270088556250671316E-15, 1.000000000000000000 ) ) ;
#5719 = CARTESIAN_POINT ( 'NONE',  ( 167.0000000000032117, 60.00000000000005684, -7.216449660063517513E-13 ) ) ;
#5720 = EDGE_LOOP ( 'NONE', ( #6187, #845, #2319, #2917 ) ) ;
#5721 = EDGE_CURVE ( 'NONE', #3751, #3251, #1891, .T. ) ;
#5722 = DIRECTION ( 'NONE',  ( 0.000000000000000000, 0.000000000000000000, -1.000000000000000000 ) ) ;
#5723 = ORIENTED_EDGE ( 'NONE', *, *, #530, .T. ) ;
#5724 = CIRCLE ( 'NONE', #2308, 12.99999999999998401 ) ;
#5725 = DIRECTION ( 'NONE',  ( 1.000000000000000000, -0.000000000000000000, -1.152819845712009823E-16 ) ) ;
#5726 = CARTESIAN_POINT ( 'NONE',  ( -194.2928932188135889, 2.072589458138984764, -201.8968029214178443 ) ) ;
#5727 = DIRECTION ( 'NONE',  ( -0.000000000000000000, 0.000000000000000000, -1.000000000000000000 ) ) ;
#5728 = VERTEX_POINT ( 'NONE', #1078 ) ;
#5729 = CARTESIAN_POINT ( 'NONE',  ( -206.2928932188135605, -7.378142307684652504E-13, -214.9999999999999716 ) ) ;
#5730 = EDGE_CURVE ( 'NONE', #3011, #6850, #5957, .T. ) ;
#5731 = ADVANCED_FACE ( 'NONE', ( #5912 ), #7702, .F. ) ;
#5732 = FACE_OUTER_BOUND ( 'NONE', #5893, .T. ) ;
#5733 = ORIENTED_EDGE ( 'NONE', *, *, #5228, .T. ) ;
#5734 = LINE ( 'NONE', #7560, #7023 ) ;
#5735 = ORIENTED_EDGE ( 'NONE', *, *, #1407, .T. ) ;
#5736 = AXIS2_PLACEMENT_3D ( 'NONE', #2313, #6002, #7675 ) ;
#5737 = EDGE_LOOP ( 'NONE', ( #6767, #5895 ) ) ;
#5738 = LINE ( 'NONE', #3360, #6681 ) ;
#5739 = DIRECTION ( 'NONE',  ( 3.301778511896374337E-15, -1.000000000000000000, 0.000000000000000000 ) ) ;
#5740 = ORIENTED_EDGE ( 'NONE', *, *, #1026, .T. ) ;
#5741 = DIRECTION ( 'NONE',  ( -1.000000000000000000, 0.000000000000000000, 0.000000000000000000 ) ) ;
#5742 = ORIENTED_EDGE ( 'NONE', *, *, #6656, .F. ) ;
#5743 = ORIENTED_EDGE ( 'NONE', *, *, #4647, .T. ) ;
#5744 = DIRECTION ( 'NONE',  ( -0.000000000000000000, -0.000000000000000000, -1.000000000000000000 ) ) ;
#5745 = FILL_AREA_STYLE ('',( #1545 ) ) ;
#5746 = DIRECTION ( 'NONE',  ( -1.000000000000000000, 0.000000000000000000, -0.000000000000000000 ) ) ;
#5747 = CIRCLE ( 'NONE', #5621, 12.00000000000000000 ) ;
#5748 = ORIENTED_EDGE ( 'NONE', *, *, #6047, .T. ) ;
#5749 = DIRECTION ( 'NONE',  ( -1.000000000000000000, 0.000000000000000000, -4.270088556250598741E-15 ) ) ;
#5750 = CARTESIAN_POINT ( 'NONE',  ( -1148.499999999997272, 47.43362938564096254, 0.000000000000000000 ) ) ;
#5751 = VERTEX_POINT ( 'NONE', #3417 ) ;
#5752 = ORIENTED_EDGE ( 'NONE', *, *, #654, .F. ) ;
#5753 = CIRCLE ( 'NONE', #3609, 13.00000000000001066 ) ;
#5754 = LINE ( 'NONE', #1513, #4801 ) ;
#5755 = CARTESIAN_POINT ( 'NONE',  ( -7.999999999999852562, 42.25000000000068923, -166.2928932188134752 ) ) ;
#5756 = DIRECTION ( 'NONE',  ( -0.000000000000000000, -0.000000000000000000, 1.000000000000000000 ) ) ;
#5757 = VECTOR ( 'NONE', #4626, 1000.000000000000000 ) ;
#5758 = EDGE_CURVE ( 'NONE', #2713, #6545, #4687, .T. ) ;
#5759 = ORIENTED_EDGE ( 'NONE', *, *, #5489, .F. ) ;
#5760 = CARTESIAN_POINT ( 'NONE',  ( -1135.500000000000000, 357.4336293856409270, 69.43362938564074227 ) ) ;
#5761 = VERTEX_POINT ( 'NONE', #2937 ) ;
#5762 = LINE ( 'NONE', #7595, #385 ) ;
#5763 = CARTESIAN_POINT ( 'NONE',  ( -2.503708927703406609E-30, 12.00000000000001066, -215.0000000000000284 ) ) ;
#5764 = CARTESIAN_POINT ( 'NONE',  ( -500.0000000000004547, 174.9999999999998863, 0.000000000000000000 ) ) ;
#5765 = ORIENTED_EDGE ( 'NONE', *, *, #7418, .T. ) ;
#5766 = EDGE_CURVE ( 'NONE', #4398, #2929, #5842, .T. ) ;
#5767 = CARTESIAN_POINT ( 'NONE',  ( 0.000000000000000000, 0.000000000000000000, -8.000000000000000000 ) ) ;
#5768 = LINE ( 'NONE', #5180, #4692 ) ;
#5769 = ORIENTED_EDGE ( 'NONE', *, *, #6645, .T. ) ;
#5770 = CYLINDRICAL_SURFACE ( 'NONE', #2850, 13.00000000000001066 ) ;
#5771 = ORIENTED_EDGE ( 'NONE', *, *, #4827, .T. ) ;
#5772 = EDGE_CURVE ( 'NONE', #6653, #676, #5244, .T. ) ;
#5773 = EDGE_CURVE ( 'NONE', #7261, #5393, #3539, .T. ) ;
#5774 = ORIENTED_EDGE ( 'NONE', *, *, #6454, .F. ) ;
#5775 = DIRECTION ( 'NONE',  ( -0.000000000000000000, 1.000000000000000000, -0.000000000000000000 ) ) ;
#5776 = DIRECTION ( 'NONE',  ( 1.000000000000000000, 0.000000000000000000, 0.000000000000000000 ) ) ;
#5777 = VERTEX_POINT ( 'NONE', #3457 ) ;
#5778 = CARTESIAN_POINT ( 'NONE',  ( -207.0000000000001990, 67.25000000000002842, -206.2928932188134468 ) ) ;
#5779 = ORIENTED_EDGE ( 'NONE', *, *, #7630, .T. ) ;
#5780 = AXIS2_PLACEMENT_3D ( 'NONE', #7209, #6024, #4206 ) ;
#5781 = ORIENTED_EDGE ( 'NONE', *, *, #4182, .T. ) ;
#5782 = SURFACE_SIDE_STYLE ('',( #3405 ) ) ;
#5783 = DIRECTION ( 'NONE',  ( -1.000000000000000000, -0.000000000000000000, -0.000000000000000000 ) ) ;
#5784 = LINE ( 'NONE', #4522, #3758 ) ;
#5785 = EDGE_CURVE ( 'NONE', #247, #3106, #6324, .T. ) ;
#5786 = ORIENTED_EDGE ( 'NONE', *, *, #4432, .F. ) ;
#5787 = PLANE ( 'NONE',  #7314 ) ;
#5788 = VECTOR ( 'NONE', #7531, 1000.000000000000000 ) ;
#5789 = CARTESIAN_POINT ( 'NONE',  ( -1122.499999999996589, 47.43362938564096254, 69.43362938564074227 ) ) ;
#5790 = ORIENTED_EDGE ( 'NONE', *, *, #1417, .T. ) ;
#5791 = EDGE_LOOP ( 'NONE', ( #1211, #2029 ) ) ;
#5792 = DIRECTION ( 'NONE',  ( 1.000000000000000000, 0.000000000000000000, 0.000000000000000000 ) ) ;
#5793 = CIRCLE ( 'NONE', #7436, 13.00000000000001066 ) ;
#5794 = AXIS2_PLACEMENT_3D ( 'NONE', #6294, #1937, #5545 ) ;
#5795 = CARTESIAN_POINT ( 'NONE',  ( -131.5000000000032117, 47.43362938564082754, 69.43362938564074227 ) ) ;
#5796 = ADVANCED_FACE ( 'NONE', ( #2266 ), #7105, .T. ) ;
#5797 = DIRECTION ( 'NONE',  ( 0.000000000000000000, 1.000000000000000000, 0.000000000000000000 ) ) ;
#5798 = CARTESIAN_POINT ( 'NONE',  ( 207.0000000000000284, 60.00000000000000000, 80.50000000000319744 ) ) ;
#5799 = AXIS2_PLACEMENT_3D ( 'NONE', #2299, #6425, #999 ) ;
#5800 = EDGE_LOOP ( 'NONE', ( #3280, #5945, #1429, #1191 ) ) ;
#5801 = DIRECTION ( 'NONE',  ( 0.000000000000000000, -1.000000000000000000, 3.491481338843133355E-15 ) ) ;
#5802 = VERTEX_POINT ( 'NONE', #2375 ) ;
#5803 = DIRECTION ( 'NONE',  ( -0.000000000000000000, 3.491481338843133355E-15, 1.000000000000000000 ) ) ;
#5804 = DIRECTION ( 'NONE',  ( 0.000000000000000000, 0.000000000000000000, -1.000000000000000000 ) ) ;
#5805 = EDGE_CURVE ( 'NONE', #6999, #2625, #7171, .T. ) ;
#5806 = VECTOR ( 'NONE', #377, 1000.000000000000000 ) ;
#5807 = CARTESIAN_POINT ( 'NONE',  ( -372.5000000000003979, 174.9999999999998863, 0.000000000000000000 ) ) ;
#5808 = EDGE_LOOP ( 'NONE', ( #2602, #2766, #3906, #5168 ) ) ;
#5809 = VECTOR ( 'NONE', #1670, 1000.000000000000000 ) ;
#5810 = FACE_BOUND ( 'NONE', #4809, .T. ) ;
#5811 = CARTESIAN_POINT ( 'NONE',  ( 3.053113317719180486E-13, 42.25000000000073186, -31.29289321881345387 ) ) ;
#5812 = VECTOR ( 'NONE', #1916, 1000.000000000000000 ) ;
#5813 = ORIENTED_EDGE ( 'NONE', *, *, #5827, .F. ) ;
#5814 = ADVANCED_FACE ( 'NONE', ( #1160, #7338, #83, #3053, #2974 ), #4174, .F. ) ;
#5815 = CYLINDRICAL_SURFACE ( 'NONE', #1326, 12.99999999999979039 ) ;
#5816 = VERTEX_POINT ( 'NONE', #4290 ) ;
#5817 = AXIS2_PLACEMENT_3D ( 'NONE', #235, #2179, #5705 ) ;
#5818 = AXIS2_PLACEMENT_3D ( 'NONE', #6077, #1865, #6705 ) ;
#5819 = PRODUCT_DEFINITION_CONTEXT ( 'detailed design', #2004, 'design' ) ;
#5820 = CARTESIAN_POINT ( 'NONE',  ( -207.0000000000000284, 11.99999999999995559, -214.9999999999999716 ) ) ;
#5821 = CARTESIAN_POINT ( 'NONE',  ( -64.50000000000324007, 47.43362938564082754, 0.000000000000000000 ) ) ;
#5822 = EDGE_LOOP ( 'NONE', ( #1284, #2768 ) ) ;
#5823 = DIRECTION ( 'NONE',  ( 0.000000000000000000, 1.000000000000000000, 0.000000000000000000 ) ) ;
#5824 = AXIS2_PLACEMENT_3D ( 'NONE', #917, #987, #7568 ) ;
#5825 = ORIENTED_EDGE ( 'NONE', *, *, #3706, .T. ) ;
#5826 = EDGE_CURVE ( 'NONE', #5777, #5714, #7465, .T. ) ;
#5827 = EDGE_CURVE ( 'NONE', #4750, #3895, #6585, .T. ) ;
#5828 = ORIENTED_EDGE ( 'NONE', *, *, #4999, .T. ) ;
#5829 = VECTOR ( 'NONE', #5803, 1000.000000000000000 ) ;
#5830 = CARTESIAN_POINT ( 'NONE',  ( -500.0000000000014211, 500.0000000000009095, 254.4336293856405007 ) ) ;
#5831 = DIRECTION ( 'NONE',  ( -1.000000000000000000, 0.000000000000000000, 0.000000000000000000 ) ) ;
#5832 = CARTESIAN_POINT ( 'NONE',  ( -1135.500000000000000, 357.4336293856409270, -8.000000000000000000 ) ) ;
#5833 = VECTOR ( 'NONE', #1533, 1000.000000000000000 ) ;
#5834 = VERTEX_POINT ( 'NONE', #4843 ) ;
#5835 = CARTESIAN_POINT ( 'NONE',  ( -2.793185071074506684E-14, 430.0000000000000000, 0.000000000000000000 ) ) ;
#5836 = CIRCLE ( 'NONE', #3299, 13.00000000000001066 ) ;
#5837 = CARTESIAN_POINT ( 'NONE',  ( -8.707106781186524813, 11.99999999999986855, -207.0000000000000284 ) ) ;
#5838 = ORIENTED_EDGE ( 'NONE', *, *, #1802, .F. ) ;
#5839 = ORIENTED_EDGE ( 'NONE', *, *, #150, .F. ) ;
#5840 = ADVANCED_FACE ( 'NONE', ( #648 ), #3576, .T. ) ;
#5841 = EDGE_CURVE ( 'NONE', #4045, #560, #2456, .T. ) ;
#5842 = LINE ( 'NONE', #481, #1257 ) ;
#5843 = LINE ( 'NONE', #3493, #5297 ) ;
#5844 = DIRECTION ( 'NONE',  ( 1.000000000000000000, 0.000000000000000000, 0.000000000000000000 ) ) ;
#5845 = DIRECTION ( 'NONE',  ( -1.000000000000000000, 0.000000000000000000, -0.000000000000000000 ) ) ;
#5846 = VERTEX_POINT ( 'NONE', #6622 ) ;
#5847 = DIRECTION ( 'NONE',  ( -0.7071067811865482389, 2.468850131082263371E-15, -0.7071067811865469066 ) ) ;
#5848 = ORIENTED_EDGE ( 'NONE', *, *, #2367, .F. ) ;
#5849 = DIRECTION ( 'NONE',  ( -0.000000000000000000, 1.000000000000000000, 3.491481338843133355E-15 ) ) ;
#5850 = LINE ( 'NONE', #5368, #5327 ) ;
#5851 = CARTESIAN_POINT ( 'NONE',  ( -164.7499999999997726, 2.000000000000000000, -39.99999999999398170 ) ) ;
#5852 = DIRECTION ( 'NONE',  ( 0.000000000000000000, -0.000000000000000000, 1.000000000000000000 ) ) ;
#5853 = VERTEX_POINT ( 'NONE', #3736 ) ;
#5854 = CARTESIAN_POINT ( 'NONE',  ( 166.9999999999999716, 370.0000000000000568, 207.0000000000005684 ) ) ;
#5855 = EDGE_CURVE ( 'NONE', #5401, #914, #7217, .T. ) ;
#5856 = CARTESIAN_POINT ( 'NONE',  ( -144.4999999999987494, 430.5663706143603235, 382.0000000000001705 ) ) ;
#5857 = ORIENTED_EDGE ( 'NONE', *, *, #4665, .F. ) ;
#5858 = DIRECTION ( 'NONE',  ( 1.000000000000000000, 0.000000000000000000, 0.000000000000000000 ) ) ;
#5859 = ORIENTED_EDGE ( 'NONE', *, *, #5255, .F. ) ;
#5860 = LINE ( 'NONE', #430, #1740 ) ;
#5861 = CARTESIAN_POINT ( 'NONE',  ( -640.0000000000000000, 437.4336293856408133, 47.43362938564077069 ) ) ;
#5862 = ORIENTED_EDGE ( 'NONE', *, *, #2135, .F. ) ;
#5863 = ADVANCED_FACE ( 'NONE', ( #5396 ), #1788, .T. ) ;
#5864 = CARTESIAN_POINT ( 'NONE',  ( 11.99999999999995737, 0.000000000000000000, -4.163336342344337027E-14 ) ) ;
#5865 = ORIENTED_EDGE ( 'NONE', *, *, #4096, .F. ) ;
#5866 = ORIENTED_EDGE ( 'NONE', *, *, #3426, .F. ) ;
#5867 = LINE ( 'NONE', #436, #2662 ) ;
#5868 = CARTESIAN_POINT ( 'NONE',  ( -50.24999999999972289, 0.000000000000000000, -157.5857864376220050 ) ) ;
#5869 = EDGE_CURVE ( 'NONE', #7558, #2625, #5187, .T. ) ;
#5870 = VERTEX_POINT ( 'NONE', #1909 ) ;
#5871 = DIRECTION ( 'NONE',  ( -0.000000000000000000, -0.000000000000000000, -1.000000000000000000 ) ) ;
#5872 = AXIS2_PLACEMENT_3D ( 'NONE', #5887, #2869, #5533 ) ;
#5873 = CARTESIAN_POINT ( 'NONE',  ( -1055.500000000000000, 422.5663706143591867, 59.00000000000034106 ) ) ;
#5874 = VERTEX_POINT ( 'NONE', #3012 ) ;
#5875 = ORIENTED_EDGE ( 'NONE', *, *, #6882, .F. ) ;
#5876 = DIRECTION ( 'NONE',  ( -0.000000000000000000, 0.000000000000000000, -1.000000000000000000 ) ) ;
#5877 = FACE_BOUND ( 'NONE', #3602, .T. ) ;
#5878 = FACE_BOUND ( 'NONE', #4590, .T. ) ;
#5879 = ADVANCED_FACE ( 'NONE', ( #5359 ), #4329, .T. ) ;
#5880 = ADVANCED_FACE ( 'NONE', ( #10 ), #1825, .F. ) ;
#5881 = CARTESIAN_POINT ( 'NONE',  ( -840.0000000000001137, 429.4336293856408702, 21.43362938564067477 ) ) ;
#5882 = VERTEX_POINT ( 'NONE', #2339 ) ;
#5883 = VECTOR ( 'NONE', #7832, 1000.000000000000000 ) ;
#5884 = CARTESIAN_POINT ( 'NONE',  ( -1068.499999999999773, 357.4336293856409270, 0.000000000000000000 ) ) ;
#5885 = DIRECTION ( 'NONE',  ( 3.486207565248076192E-15, 0.000000000000000000, -1.000000000000000000 ) ) ;
#5886 = CARTESIAN_POINT ( 'NONE',  ( 11.99999999999995737, 0.000000000000000000, 19.99999999999995737 ) ) ;
#5887 = CARTESIAN_POINT ( 'NONE',  ( -195.0000000000000000, 11.99999999999999467, 2.775557561562891351E-14 ) ) ;
#5888 = FACE_BOUND ( 'NONE', #5737, .T. ) ;
#5889 = AXIS2_PLACEMENT_3D ( 'NONE', #6590, #5961, #5844 ) ;
#5890 = EDGE_CURVE ( 'NONE', #3106, #3, #1230, .T. ) ;
#5891 = CARTESIAN_POINT ( 'NONE',  ( -206.9207504915028153, 10.62315297896395982, -206.2928927188135049 ) ) ;
#5892 = VECTOR ( 'NONE', #1356, 1000.000000000000000 ) ;
#5893 = EDGE_LOOP ( 'NONE', ( #452, #5752, #663, #2178 ) ) ;
#5894 = FACE_OUTER_BOUND ( 'NONE', #4548, .T. ) ;
#5895 = ORIENTED_EDGE ( 'NONE', *, *, #3924, .F. ) ;
#5896 = CARTESIAN_POINT ( 'NONE',  ( -487.0000000000000000, 39.99999999999987210, 0.000000000000000000 ) ) ;
#5897 = CARTESIAN_POINT ( 'NONE',  ( 167.0000000000032117, 60.00000000000005684, 215.0000000000000000 ) ) ;
#5898 = LINE ( 'NONE', #5345, #3127 ) ;
#5899 = CARTESIAN_POINT ( 'NONE',  ( -206.2928932188135605, 0.000000000000000000, -206.9999999999999716 ) ) ;
#5900 = EDGE_LOOP ( 'NONE', ( #998, #7767, #6438, #4623 ) ) ;
#5901 = ORIENTED_EDGE ( 'NONE', *, *, #913, .F. ) ;
#5902 = DIRECTION ( 'NONE',  ( 0.000000000000000000, 4.270088556250661850E-15, 1.000000000000000000 ) ) ;
#5903 = EDGE_CURVE ( 'NONE', #7002, #2701, #502, .T. ) ;
#5904 = AXIS2_PLACEMENT_3D ( 'NONE', #6932, #4090, #3970 ) ;
#5905 = ORIENTED_EDGE ( 'NONE', *, *, #5206, .F. ) ;
#5906 = LINE ( 'NONE', #4092, #1490 ) ;
#5907 =( GEOMETRIC_REPRESENTATION_CONTEXT ( 3 ) GLOBAL_UNCERTAINTY_ASSIGNED_CONTEXT ( ( #345 ) ) GLOBAL_UNIT_ASSIGNED_CONTEXT ( ( #1180, #2925, #1848 ) ) REPRESENTATION_CONTEXT ( 'NONE', 'WORKASPACE' ) );
#5908 = LINE ( 'NONE', #7815, #1254 ) ;
#5909 = VERTEX_POINT ( 'NONE', #6816 ) ;
#5910 = ORIENTED_EDGE ( 'NONE', *, *, #4232, .F. ) ;
#5911 = EDGE_CURVE ( 'NONE', #6999, #6791, #6227, .T. ) ;
#5912 = FACE_OUTER_BOUND ( 'NONE', #437, .T. ) ;
#5913 = PLANE ( 'NONE',  #2886 ) ;
#5914 = AXIS2_PLACEMENT_3D ( 'NONE', #495, #1018, #1760 ) ;
#5915 = FACE_BOUND ( 'NONE', #1565, .T. ) ;
#5916 = DIRECTION ( 'NONE',  ( 0.000000000000000000, -0.000000000000000000, 1.000000000000000000 ) ) ;
#5917 = AXIS2_PLACEMENT_3D ( 'NONE', #4506, #3313, #3915 ) ;
#5918 = VERTEX_POINT ( 'NONE', #5594 ) ;
#5919 = AXIS2_PLACEMENT_3D ( 'NONE', #5013, #817, #737 ) ;
#5920 = CIRCLE ( 'NONE', #6299, 13.00000000000001066 ) ;
#5921 = ADVANCED_FACE ( 'NONE', ( #163 ), #4961, .F. ) ;
#5922 = EDGE_CURVE ( 'NONE', #3565, #2839, #3207, .T. ) ;
#5923 = DIRECTION ( 'NONE',  ( -3.491481338843132961E-15, -1.000000000000000000, 0.000000000000000000 ) ) ;
#5924 = CARTESIAN_POINT ( 'NONE',  ( 166.9999999999999716, 370.0000000000000568, 207.0000000000005684 ) ) ;
#5925 = CARTESIAN_POINT ( 'NONE',  ( -144.4999999999987494, 430.5663706143602667, 369.0000000000003979 ) ) ;
#5926 = FACE_OUTER_BOUND ( 'NONE', #3712, .T. ) ;
#5927 = FACE_BOUND ( 'NONE', #1203, .T. ) ;
#5928 = VECTOR ( 'NONE', #5119, 1000.000000000000000 ) ;
#5929 = AXIS2_PLACEMENT_3D ( 'NONE', #2534, #3845, #5072 ) ;
#5930 = CIRCLE ( 'NONE', #96, 13.00000000000001066 ) ;
#5931 = DIRECTION ( 'NONE',  ( -3.491481338843132961E-15, -1.000000000000000000, 0.000000000000000000 ) ) ;
#5932 = ORIENTED_EDGE ( 'NONE', *, *, #2063, .F. ) ;
#5933 = EDGE_CURVE ( 'NONE', #3219, #6675, #5687, .T. ) ;
#5934 = CARTESIAN_POINT ( 'NONE',  ( 0.000000000000000000, 0.000000000000000000, -187.5899999999999466 ) ) ;
#5935 = VERTEX_POINT ( 'NONE', #2541 ) ;
#5936 = AXIS2_PLACEMENT_3D ( 'NONE', #7387, #3791, #6129 ) ;
#5937 = AXIS2_PLACEMENT_3D ( 'NONE', #4640, #7842, #6565 ) ;
#5938 = FACE_BOUND ( 'NONE', #5791, .T. ) ;
#5939 = SURFACE_SIDE_STYLE ('',( #3515 ) ) ;
#5940 = AXIS2_PLACEMENT_3D ( 'NONE', #7381, #5999, #570 ) ;
#5941 = DIRECTION ( 'NONE',  ( -0.000000000000000000, -0.000000000000000000, -1.000000000000000000 ) ) ;
#5942 = CARTESIAN_POINT ( 'NONE',  ( -164.7499999999997726, 2.000000000000000000, -144.5857864376209818 ) ) ;
#5943 = ORIENTED_EDGE ( 'NONE', *, *, #6753, .F. ) ;
#5944 = EDGE_CURVE ( 'NONE', #1197, #6872, #7336, .T. ) ;
#5945 = ORIENTED_EDGE ( 'NONE', *, *, #5299, .F. ) ;
#5946 = CIRCLE ( 'NONE', #7720, 12.99999999999981704 ) ;
#5947 = CYLINDRICAL_SURFACE ( 'NONE', #6710, 12.99999999999980282 ) ;
#5948 = CIRCLE ( 'NONE', #6952, 13.00000000000173195 ) ;
#5949 = FACE_BOUND ( 'NONE', #1323, .T. ) ;
#5950 = CARTESIAN_POINT ( 'NONE',  ( 0.000000000000000000, 0.000000000000000000, 0.000000000000000000 ) ) ;
#5951 = ORIENTED_EDGE ( 'NONE', *, *, #6636, .F. ) ;
#5952 = DIRECTION ( 'NONE',  ( 0.000000000000000000, 0.000000000000000000, -1.000000000000000000 ) ) ;
#5953 = AXIS2_PLACEMENT_3D ( 'NONE', #6260, #5624, #3051 ) ;
#5954 = DIRECTION ( 'NONE',  ( 0.000000000000000000, 6.982962677686267499E-15, -1.000000000000000000 ) ) ;
#5955 = ORIENTED_EDGE ( 'NONE', *, *, #1046, .T. ) ;
#5956 = ORIENTED_EDGE ( 'NONE', *, *, #3359, .F. ) ;
#5957 = LINE ( 'NONE', #7586, #6456 ) ;
#5958 = VECTOR ( 'NONE', #758, 1000.000000000000000 ) ;
#5959 = DIRECTION ( 'NONE',  ( 0.000000000000000000, 0.000000000000000000, 1.000000000000000000 ) ) ;
#5960 = AXIS2_PLACEMENT_3D ( 'NONE', #7146, #1646, #1719 ) ;
#5961 = DIRECTION ( 'NONE',  ( 0.000000000000000000, 1.000000000000000000, -3.491481338843133355E-15 ) ) ;
#5962 = CARTESIAN_POINT ( 'NONE',  ( -214.8679174846906506, 9.705254955005980122, -194.2928932188135036 ) ) ;
#5963 = ORIENTED_EDGE ( 'NONE', *, *, #3368, .F. ) ;
#5964 = AXIS2_PLACEMENT_3D ( 'NONE', #859, #5249, #6510 ) ;
#5965 = CARTESIAN_POINT ( 'NONE',  ( -713.0000000000000000, 39.99999999999987210, -8.000000000000000000 ) ) ;
#5966 = DIRECTION ( 'NONE',  ( -0.000000000000000000, -1.000000000000000000, -0.000000000000000000 ) ) ;
#5967 = CYLINDRICAL_SURFACE ( 'NONE', #4313, 12.99999999999997691 ) ;
#5968 = DIRECTION ( 'NONE',  ( 0.000000000000000000, 0.000000000000000000, -1.000000000000000000 ) ) ;
#5969 = CARTESIAN_POINT ( 'NONE',  ( -8.079249508497175825, 10.62315297896383370, -202.2928933854802267 ) ) ;
#5970 = EDGE_CURVE ( 'NONE', #6283, #3527, #5665, .T. ) ;
#5971 = CARTESIAN_POINT ( 'NONE',  ( 207.0000000000000284, 60.00000000000000000, 54.50000000000319744 ) ) ;
#5972 = EDGE_LOOP ( 'NONE', ( #1473, #5560, #5235, #955 ) ) ;
#5973 = CARTESIAN_POINT ( 'NONE',  ( -712.9999999999995453, 174.9999999999998863, -8.000000000000000000 ) ) ;
#5974 = VERTEX_POINT ( 'NONE', #5551 ) ;
#5975 = DIRECTION ( 'NONE',  ( 0.000000000000000000, 0.000000000000000000, 1.000000000000000000 ) ) ;
#5976 = PLANE ( 'NONE',  #1030 ) ;
#5977 = EDGE_CURVE ( 'NONE', #7372, #6867, #2573, .T. ) ;
#5978 = EDGE_CURVE ( 'NONE', #6831, #5139, #886, .T. ) ;
#5979 = DIRECTION ( 'NONE',  ( -3.469446951953612611E-15, -1.000000000000000000, 0.000000000000000000 ) ) ;
#5980 = CARTESIAN_POINT ( 'NONE',  ( -1055.499999999999773, 357.4336293856409270, 0.000000000000000000 ) ) ;
#5981 = ORIENTED_EDGE ( 'NONE', *, *, #4419, .F. ) ;
#5982 = ORIENTED_EDGE ( 'NONE', *, *, #5911, .F. ) ;
#5983 = PLANE ( 'NONE',  #2531 ) ;
#5984 = DIRECTION ( 'NONE',  ( 0.000000000000000000, 0.000000000000000000, -1.000000000000000000 ) ) ;
#5985 = ORIENTED_EDGE ( 'NONE', *, *, #5343, .F. ) ;
#5986 = PLANE ( 'NONE',  #6926 ) ;
#5987 = CARTESIAN_POINT ( 'NONE',  ( -166.2928932188135605, 42.25000000000002842, -207.0000000000001137 ) ) ;
#5988 = VERTEX_POINT ( 'NONE', #802 ) ;
#5989 = ORIENTED_EDGE ( 'NONE', *, *, #3501, .F. ) ;
#5990 = DIRECTION ( 'NONE',  ( -1.000000000000000000, 0.000000000000000000, -0.000000000000000000 ) ) ;
#5991 = DIRECTION ( 'NONE',  ( -3.469446951953612611E-15, -1.000000000000000000, 0.000000000000000000 ) ) ;
#5992 = CARTESIAN_POINT ( 'NONE',  ( -1055.500000000000000, 500.0000000000002274, 84.99999999999968736 ) ) ;
#5993 = AXIS2_PLACEMENT_3D ( 'NONE', #4107, #2278, #7790 ) ;
#5994 = EDGE_CURVE ( 'NONE', #176, #4121, #5948, .T. ) ;
#5995 = FACE_BOUND ( 'NONE', #1922, .T. ) ;
#5996 = B_SPLINE_CURVE_WITH_KNOTS ( 'NONE', 3,
 ( #2808, #6889, #6297, #2767 ),
 .UNSPECIFIED., .F., .F.,
 ( 4, 4 ),
 ( 0.000000000000000000, 1.000000000000000000 ),
 .UNSPECIFIED. ) ;
#5997 = ORIENTED_EDGE ( 'NONE', *, *, #6021, .T. ) ;
#5998 = PRODUCT_DEFINITION_SHAPE ( 'NONE', 'NONE',  #7849 ) ;
#5999 = DIRECTION ( 'NONE',  ( -0.000000000000000000, -1.000000000000000000, 3.491481338843133355E-15 ) ) ;
#6000 = CARTESIAN_POINT ( 'NONE',  ( -814.4999999999995453, 174.9999999999998863, -8.000000000000000000 ) ) ;
#6001 = LINE ( 'NONE', #494, #2791 ) ;
#6002 = DIRECTION ( 'NONE',  ( -0.000000000000000000, -0.000000000000000000, -1.000000000000000000 ) ) ;
#6003 = DIRECTION ( 'NONE',  ( 0.000000000000000000, 1.387778780781445676E-14, -1.000000000000000000 ) ) ;
#6004 = EDGE_CURVE ( 'NONE', #927, #3767, #3128, .T. ) ;
#6005 = CIRCLE ( 'NONE', #3085, 20.00000000000001066 ) ;
#6006 = ORIENTED_EDGE ( 'NONE', *, *, #3552, .F. ) ;
#6007 = CARTESIAN_POINT ( 'NONE',  ( -699.9999999999985221, 422.5663706143598120, 241.4336293856407565 ) ) ;
#6008 = ORIENTED_EDGE ( 'NONE', *, *, #7484, .F. ) ;
#6009 = PLANE ( 'NONE',  #873 ) ;
#6010 = ORIENTED_EDGE ( 'NONE', *, *, #6936, .T. ) ;
#6011 = CIRCLE ( 'NONE', #7530, 13.00000000000001066 ) ;
#6012 = ADVANCED_FACE ( 'NONE', ( #3174 ), #1978, .T. ) ;
#6013 = FILL_AREA_STYLE_COLOUR ( '', #4412 ) ;
#6014 = DIRECTION ( 'NONE',  ( 0.000000000000000000, -1.000000000000000000, 0.000000000000000000 ) ) ;
#6015 = CIRCLE ( 'NONE', #2086, 13.00000000000012257 ) ;
#6016 = FACE_OUTER_BOUND ( 'NONE', #1544, .T. ) ;
#6017 = CYLINDRICAL_SURFACE ( 'NONE', #5699, 13.00000000000001066 ) ;
#6018 = ORIENTED_EDGE ( 'NONE', *, *, #1638, .T. ) ;
#6019 = ORIENTED_EDGE ( 'NONE', *, *, #6465, .T. ) ;
#6020 = EDGE_CURVE ( 'NONE', #260, #780, #123, .T. ) ;
#6021 = EDGE_CURVE ( 'NONE', #675, #2819, #6575, .T. ) ;
#6022 = DIRECTION ( 'NONE',  ( -0.000000000000000000, 1.000000000000000000, -3.491481338843133355E-15 ) ) ;
#6023 = CARTESIAN_POINT ( 'NONE',  ( -48.70710678118651771, 55.25000000000000711, -215.0000000000001990 ) ) ;
#6024 = DIRECTION ( 'NONE',  ( -3.320877607905232791E-15, -1.000000000000000000, -2.368101361056946130E-29 ) ) ;
#6025 = EDGE_LOOP ( 'NONE', ( #7618, #3984, #3869, #2243 ) ) ;
#6026 = FACE_BOUND ( 'NONE', #5608, .T. ) ;
#6027 = CARTESIAN_POINT ( 'NONE',  ( -195.0000000000000000, -1.561251128379126385E-14, 2.739915825713870881E-14 ) ) ;
#6028 = VERTEX_POINT ( 'NONE', #3887 ) ;
#6029 = EDGE_CURVE ( 'NONE', #6499, #3353, #878, .T. ) ;
#6030 = DIRECTION ( 'NONE',  ( 0.000000000000000000, 1.000000000000000000, 6.123233995736766036E-17 ) ) ;
#6031 = DIRECTION ( 'NONE',  ( -2.094457619119876512E-31, 1.000000000000000000, -3.301778511896374732E-15 ) ) ;
#6032 = DIRECTION ( 'NONE',  ( -3.491481338843132961E-15, -1.000000000000000000, 0.000000000000000000 ) ) ;
#6033 = FACE_BOUND ( 'NONE', #3172, .T. ) ;
#6034 = ORIENTED_EDGE ( 'NONE', *, *, #208, .F. ) ;
#6035 = ADVANCED_FACE ( 'NONE', ( #6300 ), #3813, .F. ) ;
#6036 = LINE ( 'NONE', #613, #1640 ) ;
#6037 =( GEOMETRIC_REPRESENTATION_CONTEXT ( 3 ) GLOBAL_UNCERTAINTY_ASSIGNED_CONTEXT ( ( #6055 ) ) GLOBAL_UNIT_ASSIGNED_CONTEXT ( ( #7802, #4234, #3637 ) ) REPRESENTATION_CONTEXT ( 'NONE', 'WORKASPACE' ) );
#6038 = LINE ( 'NONE', #1283, #5892 ) ;
#6039 = CARTESIAN_POINT ( 'NONE',  ( 99.99999999999997158, 369.9999999999994884, -7.216449660063517513E-13 ) ) ;
#6040 = ORIENTED_EDGE ( 'NONE', *, *, #115, .T. ) ;
#6041 = DIRECTION ( 'NONE',  ( -0.000000000000000000, -1.000000000000000000, 3.491481338843133355E-15 ) ) ;
#6042 = CIRCLE ( 'NONE', #2246, 12.99999999999980282 ) ;
#6043 = ORIENTED_EDGE ( 'NONE', *, *, #1071, .F. ) ;
#6044 = CARTESIAN_POINT ( 'NONE',  ( 2.619053565897420576E-13, 55.25000000000072475, -166.2928932188134752 ) ) ;
#6045 = AXIS2_PLACEMENT_3D ( 'NONE', #7627, #4414, #810 ) ;
#6046 = ORIENTED_EDGE ( 'NONE', *, *, #590, .F. ) ;
#6047 = EDGE_CURVE ( 'NONE', #5232, #3741, #4448, .T. ) ;
#6048 = DIRECTION ( 'NONE',  ( 0.000000000000000000, 4.270088556250598741E-15, 1.000000000000000000 ) ) ;
#6049 = EDGE_LOOP ( 'NONE', ( #7744, #1585, #7839, #1642, #7421, #960, #6823, #3145 ) ) ;
#6050 = CIRCLE ( 'NONE', #7703, 13.00000000000001066 ) ;
#6052 = LINE ( 'NONE', #7197, #1246 ) ;
#6051 = AXIS2_PLACEMENT_3D ( 'NONE', #1062, #4081, #3925 ) ;
#6053 = AXIS2_PLACEMENT_3D ( 'NONE', #5666, #7453, #239 ) ;
#6054 = LINE ( 'NONE', #4783, #2410 ) ;
#6055 = UNCERTAINTY_MEASURE_WITH_UNIT (LENGTH_MEASURE( 1.000000000000000082E-05 ), #7802, 'distance_accuracy_value', 'NONE');
#6056 = SURFACE_STYLE_USAGE ( .BOTH. , #4350 ) ;
#6057 = EDGE_CURVE ( 'NONE', #2239, #3491, #3851, .T. ) ;
#6058 = DIRECTION ( 'NONE',  ( 0.000000000000000000, 1.000000000000000000, -3.491481338843133355E-15 ) ) ;
#6059 = CIRCLE ( 'NONE', #4788, 13.00000000000001066 ) ;
#6060 = VERTEX_POINT ( 'NONE', #2101 ) ;
#6061 = AXIS2_PLACEMENT_3D ( 'NONE', #6170, #739, #3190 ) ;
#6062 = ORIENTED_EDGE ( 'NONE', *, *, #4357, .T. ) ;
#6063 = CARTESIAN_POINT ( 'NONE',  ( -500.0000000000014211, 500.0000000000009095, 267.4336293856405291 ) ) ;
#6064 = LINE ( 'NONE', #553, #5647 ) ;
#6065 = AXIS2_PLACEMENT_3D ( 'NONE', #3307, #3223, #933 ) ;
#6066 = DIRECTION ( 'NONE',  ( 0.000000000000000000, 0.000000000000000000, 1.000000000000000000 ) ) ;
#6067 = ORIENTED_EDGE ( 'NONE', *, *, #6745, .F. ) ;
#6068 = DIRECTION ( 'NONE',  ( 9.014704587052826863E-31, 1.000000000000000000, -3.301778511896374732E-15 ) ) ;
#6069 = CARTESIAN_POINT ( 'NONE',  ( -215.0000000000001421, 42.25000000000002132, -31.29289321881345387 ) ) ;
#6070 = EDGE_CURVE ( 'NONE', #3324, #5874, #7844, .T. ) ;
#6071 = ADVANCED_FACE ( 'NONE', ( #1666 ), #4005, .F. ) ;
#6072 = CARTESIAN_POINT ( 'NONE',  ( -207.0000000000000284, 11.99999999999995559, 2.775557561562891351E-14 ) ) ;
#6073 = AXIS2_PLACEMENT_3D ( 'NONE', #4445, #6148, #1904 ) ;
#6074 = VERTEX_POINT ( 'NONE', #7127 ) ;
#6075 = AXIS2_PLACEMENT_3D ( 'NONE', #88, #2979, #5402 ) ;
#6076 = MANIFOLD_SOLID_BREP ( 'Cut-Extrude4', #3627 ) ;
#6077 = CARTESIAN_POINT ( 'NONE',  ( 87.00000000000321165, 59.99999999999949551, 215.0000000000000000 ) ) ;
#6078 = LINE ( 'NONE', #2542, #1741 ) ;
#6079 = DIRECTION ( 'NONE',  ( -0.000000000000000000, -1.000000000000000000, -0.000000000000000000 ) ) ;
#6080 = AXIS2_PLACEMENT_3D ( 'NONE', #3323, #5741, #314 ) ;
#6081 = CARTESIAN_POINT ( 'NONE',  ( -20.70710678118653547, 10.62315297300361472, -206.9207504908144131 ) ) ;
#6082 = VECTOR ( 'NONE', #1274, 1000.000000000000000 ) ;
#6083 = EDGE_CURVE ( 'NONE', #91, #7521, #6582, .T. ) ;
#6084 = ADVANCED_FACE ( 'NONE', ( #1698 ), #7651, .T. ) ;
#6085 = EDGE_LOOP ( 'NONE', ( #1450, #3632, #349, #896 ) ) ;
#6086 = VECTOR ( 'NONE', #1259, 1000.000000000000000 ) ;
#6087 = CARTESIAN_POINT ( 'NONE',  ( -48.70710678118651771, 42.25000000000000000, -215.0000000000001421 ) ) ;
#6088 = VECTOR ( 'NONE', #6692, 1000.000000000000000 ) ;
#6089 = DIRECTION ( 'NONE',  ( 0.000000000000000000, 0.000000000000000000, -1.000000000000000000 ) ) ;
#6090 = VERTEX_POINT ( 'NONE', #6421 ) ;
#6091 = LINE ( 'NONE', #4853, #6887 ) ;
#6092 = AXIS2_PLACEMENT_3D ( 'NONE', #4829, #4152, #3038 ) ;
#6093 = ORIENTED_EDGE ( 'NONE', *, *, #5994, .F. ) ;
#6094 = CARTESIAN_POINT ( 'NONE',  ( 166.9999999999999716, 370.0000000000000568, -7.216449660063517513E-13 ) ) ;
#6095 = ORIENTED_EDGE ( 'NONE', *, *, #3416, .T. ) ;
#6096 = FACE_BOUND ( 'NONE', #7133, .T. ) ;
#6097 = ORIENTED_EDGE ( 'NONE', *, *, #1229, .T. ) ;
#6098 = CARTESIAN_POINT ( 'NONE',  ( -30.00000000000020250, 429.4336293856406996, 69.43362938564074227 ) ) ;
#6099 = CARTESIAN_POINT ( 'NONE',  ( -204.9999999999999432, 0.000000000000000000, -197.5900000000000034 ) ) ;
#6100 = CYLINDRICAL_SURFACE ( 'NONE', #1397, 12.00000000000000000 ) ;
#6101 = DIRECTION ( 'NONE',  ( 0.000000000000000000, 0.000000000000000000, -1.000000000000000000 ) ) ;
#6102 = CARTESIAN_POINT ( 'NONE',  ( -19.99999999999995381, -1.734723475976807094E-15, -194.2928932188135320 ) ) ;
#6103 = ORIENTED_EDGE ( 'NONE', *, *, #1416, .T. ) ;
#6104 = EDGE_LOOP ( 'NONE', ( #7761, #1093, #934, #6416 ) ) ;
#6105 = DIRECTION ( 'NONE',  ( -0.000000000000000000, 0.1147372522496883651, 0.9933958742345325721 ) ) ;
#6106 = CARTESIAN_POINT ( 'NONE',  ( -1055.499999999996817, 47.43362938564094122, 69.43362938564074227 ) ) ;
#6107 = SURFACE_STYLE_FILL_AREA ( #4754 ) ;
#6108 = ORIENTED_EDGE ( 'NONE', *, *, #6219, .T. ) ;
#6109 = ADVANCED_FACE ( 'NONE', ( #7096 ), #7616, .F. ) ;
#6110 = DIRECTION ( 'NONE',  ( 1.000000000000000000, 0.000000000000000000, -0.000000000000000000 ) ) ;
#6111 = DIRECTION ( 'NONE',  ( -1.000000000000000000, 0.000000000000000000, 0.000000000000000000 ) ) ;
#6112 = DIRECTION ( 'NONE',  ( -0.000000000000000000, -1.000000000000000000, 3.491481338843132961E-15 ) ) ;
#6113 = EDGE_LOOP ( 'NONE', ( #5148, #2967 ) ) ;
#6114 = DIRECTION ( 'NONE',  ( -0.000000000000000000, -0.000000000000000000, 1.000000000000000000 ) ) ;
#6115 = DIRECTION ( 'NONE',  ( 0.000000000000000000, -1.000000000000000000, -3.491481338843133355E-15 ) ) ;
#6116 = EDGE_CURVE ( 'NONE', #1598, #255, #646, .T. ) ;
#6117 = FACE_BOUND ( 'NONE', #316, .T. ) ;
#6118 = CARTESIAN_POINT ( 'NONE',  ( -20.70710678118653547, -1.387778780781445676E-13, -195.0000000000000000 ) ) ;
#6119 = VERTEX_POINT ( 'NONE', #920 ) ;
#6120 = DIRECTION ( 'NONE',  ( 3.301778511896374337E-15, -1.000000000000000000, 0.000000000000000000 ) ) ;
#6121 = PLANE ( 'NONE',  #1084 ) ;
#6122 = EDGE_CURVE ( 'NONE', #6677, #3530, #771, .T. ) ;
#6123 = ORIENTED_EDGE ( 'NONE', *, *, #3883, .F. ) ;
#6124 = ADVANCED_FACE ( 'NONE', ( #6466 ), #7009, .F. ) ;
#6125 = CARTESIAN_POINT ( 'NONE',  ( -214.8679174858380065, 9.705254964939939555, -200.2928929688134758 ) ) ;
#6126 = VERTEX_POINT ( 'NONE', #2811 ) ;
#6127 = DIRECTION ( 'NONE',  ( -0.000000000000000000, -0.000000000000000000, -1.000000000000000000 ) ) ;
#6128 = EDGE_LOOP ( 'NONE', ( #461, #6018, #6866, #7533 ) ) ;
#6129 = DIRECTION ( 'NONE',  ( -1.000000000000000000, 0.000000000000000000, 0.000000000000000000 ) ) ;
#6130 = ORIENTED_EDGE ( 'NONE', *, *, #5247, .F. ) ;
#6131 = LINE ( 'NONE', #7389, #5413 ) ;
#6132 = ADVANCED_FACE ( 'NONE', ( #4639 ), #7048, .T. ) ;
#6133 = DIRECTION ( 'NONE',  ( 3.491481338843134144E-15, -0.000000000000000000, 1.000000000000000000 ) ) ;
#6134 = LINE ( 'NONE', #704, #393 ) ;
#6135 = PRESENTATION_STYLE_ASSIGNMENT (( #6726 ) ) ;
#6136 = DIRECTION ( 'NONE',  ( 1.000000000000000000, 0.000000000000000000, 0.000000000000000000 ) ) ;
#6137 = CARTESIAN_POINT ( 'NONE',  ( -4.219018876043383600E-17, 430.0000000000000568, 207.0000000000000000 ) ) ;
#6138 = VECTOR ( 'NONE', #566, 1000.000000000000000 ) ;
#6139 = EDGE_LOOP ( 'NONE', ( #2693, #3949, #5146, #3371 ) ) ;
#6140 = VERTEX_POINT ( 'NONE', #2849 ) ;
#6141 = CARTESIAN_POINT ( 'NONE',  ( -372.4999999999999432, 39.99999999999987210, -8.000000000000000000 ) ) ;
#6142 = CARTESIAN_POINT ( 'NONE',  ( -814.5000000000000000, 39.99999999999987210, 2.000000000000000000 ) ) ;
#6143 = APPLICATION_PROTOCOL_DEFINITION ( 'draft international standard', 'automotive_design', 1998, #7120 ) ;
#6144 = VECTOR ( 'NONE', #90, 1000.000000000000000 ) ;
#6145 = ORIENTED_EDGE ( 'NONE', *, *, #3123, .T. ) ;
#6146 = CARTESIAN_POINT ( 'NONE',  ( -194.2928932188135605, -1.387778780781445676E-13, -195.0000000000000000 ) ) ;
#6147 = CARTESIAN_POINT ( 'NONE',  ( -195.0000000000000000, 11.99999999999999467, 2.739915825713870881E-14 ) ) ;
#6148 = DIRECTION ( 'NONE',  ( 0.000000000000000000, 1.000000000000000000, -3.491481338843133355E-15 ) ) ;
#6149 = ORIENTED_EDGE ( 'NONE', *, *, #3551, .T. ) ;
#6150 = CIRCLE ( 'NONE', #7150, 12.00000000000001066 ) ;
#6151 = CARTESIAN_POINT ( 'NONE',  ( -207.0000000000000000, 0.000000000000000000, -206.2928932188134468 ) ) ;
#6152 = DIRECTION ( 'NONE',  ( 0.000000000000000000, 0.000000000000000000, -1.000000000000000000 ) ) ;
#6153 = LINE ( 'NONE', #3663, #2714 ) ;
#6154 = DIRECTION ( 'NONE',  ( 0.000000000000000000, -1.000000000000000000, 3.491481338843133355E-15 ) ) ;
#6155 = ORIENTED_EDGE ( 'NONE', *, *, #5440, .F. ) ;
#6156 = ORIENTED_EDGE ( 'NONE', *, *, #1703, .F. ) ;
#6157 = EDGE_CURVE ( 'NONE', #825, #5751, #5867, .T. ) ;
#6158 = DIRECTION ( 'NONE',  ( -1.000000000000000000, -3.301778511896374732E-15, -0.000000000000000000 ) ) ;
#6159 = CARTESIAN_POINT ( 'NONE',  ( -814.5000000000000000, 422.5663706143602667, 376.4336293856400175 ) ) ;
#6160 = ORIENTED_EDGE ( 'NONE', *, *, #6857, .F. ) ;
#6161 = CARTESIAN_POINT ( 'NONE',  ( -360.0000000000000568, 429.4336293856408133, 34.43362938564070674 ) ) ;
#6162 = ORIENTED_EDGE ( 'NONE', *, *, #3797, .T. ) ;
#6163 = EDGE_CURVE ( 'NONE', #1993, #1102, #3930, .T. ) ;
#6164 = EDGE_CURVE ( 'NONE', #3103, #3879, #7095, .T. ) ;
#6165 = AXIS2_PLACEMENT_3D ( 'NONE', #4795, #1223, #5504 ) ;
#6166 = ORIENTED_EDGE ( 'NONE', *, *, #7527, .F. ) ;
#6167 = CARTESIAN_POINT ( 'NONE',  ( -560.0000000000000000, -3.229450135612500076E-13, 47.43362938563924303 ) ) ;
#6168 = ORIENTED_EDGE ( 'NONE', *, *, #4774, .T. ) ;
#6169 = DIRECTION ( 'NONE',  ( -0.000000000000000000, -1.000000000000000000, 3.491481338843133355E-15 ) ) ;
#6170 = CARTESIAN_POINT ( 'NONE',  ( -360.0000000000000568, 464.9999999999998863, -8.000000000000000000 ) ) ;
#6171 = DIRECTION ( 'NONE',  ( -1.000000000000000000, 0.000000000000000000, 0.000000000000000000 ) ) ;
#6172 = AXIS2_PLACEMENT_3D ( 'NONE', #5821, #4555, #5776 ) ;
#6173 = LINE ( 'NONE', #745, #2906 ) ;
#6174 = EDGE_CURVE ( 'NONE', #7558, #3519, #3522, .T. ) ;
#6175 = DIRECTION ( 'NONE',  ( 0.000000000000000000, 1.000000000000000000, 0.000000000000000000 ) ) ;
#6176 = ORIENTED_EDGE ( 'NONE', *, *, #6957, .T. ) ;
#6177 = ORIENTED_EDGE ( 'NONE', *, *, #6985, .T. ) ;
#6178 = VECTOR ( 'NONE', #4922, 1000.000000000000000 ) ;
#6179 = DIRECTION ( 'NONE',  ( 0.000000000000000000, 0.000000000000000000, -1.000000000000000000 ) ) ;
#6180 = CARTESIAN_POINT ( 'NONE',  ( -1042.499999999996589, 47.43362938564094122, -8.000000000000000000 ) ) ;
#6181 = ORIENTED_EDGE ( 'NONE', *, *, #2643, .F. ) ;
#6182 = LINE ( 'NONE', #4358, #1491 ) ;
#6183 = AXIS2_PLACEMENT_3D ( 'NONE', #6606, #2953, #1176 ) ;
#6184 = LINE ( 'NONE', #2491, #643 ) ;
#6185 = DIRECTION ( 'NONE',  ( -0.000000000000000000, 0.000000000000000000, -1.000000000000000000 ) ) ;
#6186 = ORIENTED_EDGE ( 'NONE', *, *, #6263, .F. ) ;
#6187 = ORIENTED_EDGE ( 'NONE', *, *, #7251, .F. ) ;
#6188 = DIRECTION ( 'NONE',  ( -0.000000000000000000, -1.000000000000000000, 3.491481338843133355E-15 ) ) ;
#6189 = VECTOR ( 'NONE', #4707, 1000.000000000000000 ) ;
#6190 = AXIS2_PLACEMENT_3D ( 'NONE', #2081, #2166, #6402 ) ;
#6191 = DIRECTION ( 'NONE',  ( 0.000000000000000000, 0.000000000000000000, 1.000000000000000000 ) ) ;
#6192 = CARTESIAN_POINT ( 'NONE',  ( -1200.000000000000000, 417.4336293856408133, -8.000000000000000000 ) ) ;
#6193 = CARTESIAN_POINT ( 'NONE',  ( -699.9999999999995453, 174.9999999999998863, 2.000000000000000000 ) ) ;
#6194 = EDGE_CURVE ( 'NONE', #1385, #541, #5062, .T. ) ;
#6195 = VERTEX_POINT ( 'NONE', #2930 ) ;
#6196 = ORIENTED_EDGE ( 'NONE', *, *, #7629, .T. ) ;
#6197 = CARTESIAN_POINT ( 'NONE',  ( -1055.500000000001137, 500.0000000000011937, 394.9999999999996021 ) ) ;
#6198 = VECTOR ( 'NONE', #6127, 1000.000000000000000 ) ;
#6199 = CARTESIAN_POINT ( 'NONE',  ( -840.0000000000001137, 437.4336293856408702, 34.43362938564073517 ) ) ;
#6200 = DIRECTION ( 'NONE',  ( 0.000000000000000000, -1.000000000000000000, 3.491481338843133355E-15 ) ) ;
#6201 = CIRCLE ( 'NONE', #4685, 13.00000000000001066 ) ;
#6202 = ORIENTED_EDGE ( 'NONE', *, *, #1657, .F. ) ;
#6203 = CIRCLE ( 'NONE', #5068, 13.00000000000000533 ) ;
#6204 = EDGE_LOOP ( 'NONE', ( #6403, #1864, #5182, #3698 ) ) ;
#6205 = DIRECTION ( 'NONE',  ( 1.000000000000000000, 3.301778511896374732E-15, -0.000000000000000000 ) ) ;
#6206 = EDGE_LOOP ( 'NONE', ( #443, #5143 ) ) ;
#6207 = LINE ( 'NONE', #4311, #4654 ) ;
#6208 = PLANE ( 'NONE',  #5040 ) ;
#6209 = AXIS2_PLACEMENT_3D ( 'NONE', #5651, #2717, #4507 ) ;
#6210 = EDGE_CURVE ( 'NONE', #6969, #2553, #507, .T. ) ;
#6211 = AXIS2_PLACEMENT_3D ( 'NONE', #5529, #6798, #2636 ) ;
#6212 = DIRECTION ( 'NONE',  ( -1.000000000000000000, -3.301778511896374732E-15, -0.000000000000000000 ) ) ;
#6213 =( NAMED_UNIT ( * ) PLANE_ANGLE_UNIT ( ) SI_UNIT ( $, .RADIAN. ) );
#6214 = FACE_OUTER_BOUND ( 'NONE', #6474, .T. ) ;
#6215 = FACE_OUTER_BOUND ( 'NONE', #799, .T. ) ;
#6216 = ORIENTED_EDGE ( 'NONE', *, *, #2548, .T. ) ;
#6217 = ORIENTED_EDGE ( 'NONE', *, *, #1362, .F. ) ;
#6218 = DIRECTION ( 'NONE',  ( 0.000000000000000000, -4.270088556250666583E-15, -1.000000000000000000 ) ) ;
#6219 = EDGE_CURVE ( 'NONE', #5816, #3895, #4906, .T. ) ;
#6220 = ADVANCED_FACE ( 'NONE', ( #7770 ), #5947, .F. ) ;
#6221 = APPLICATION_PROTOCOL_DEFINITION ( 'draft international standard', 'automotive_design', 1998, #1299 ) ;
#6222 = EDGE_LOOP ( 'NONE', ( #7835, #323, #6921, #1525 ) ) ;
#6223 = LINE ( 'NONE', #3238, #988 ) ;
#6224 = CARTESIAN_POINT ( 'NONE',  ( 0.000000000000000000, 465.0000000000000000, -8.000000000000000000 ) ) ;
#6225 = DIRECTION ( 'NONE',  ( -0.000000000000000000, -0.000000000000000000, -1.000000000000000000 ) ) ;
#6226 = ORIENTED_EDGE ( 'NONE', *, *, #2508, .F. ) ;
#6227 = LINE ( 'NONE', #2656, #1767 ) ;
#6228 = CARTESIAN_POINT ( 'NONE',  ( -840.0000000000001137, 427.4336293856407565, 47.43362938564073517 ) ) ;
#6229 = EDGE_CURVE ( 'NONE', #4890, #4911, #1103, .T. ) ;
#6230 = CARTESIAN_POINT ( 'NONE',  ( -7.495346265283364239E-13, 0.000000000000000000, 207.0000000000000000 ) ) ;
#6231 = DIRECTION ( 'NONE',  ( 1.000000000000000000, 0.000000000000000000, 0.000000000000000000 ) ) ;
#6232 = ORIENTED_EDGE ( 'NONE', *, *, #5300, .F. ) ;
#6233 = ORIENTED_EDGE ( 'NONE', *, *, #7814, .T. ) ;
#6234 = FACE_OUTER_BOUND ( 'NONE', #3333, .T. ) ;
#6235 = CARTESIAN_POINT ( 'NONE',  ( -8.079249507808752284, 10.62315298492421611, -206.2928932188135605 ) ) ;
#6236 = EDGE_CURVE ( 'NONE', #3365, #159, #2909, .T. ) ;
#6237 = CARTESIAN_POINT ( 'NONE',  ( -204.9999999999999432, -8.000000000000000000, -197.5900000000000034 ) ) ;
#6238 = EDGE_LOOP ( 'NONE', ( #2640, #4653 ) ) ;
#6239 = ORIENTED_EDGE ( 'NONE', *, *, #4366, .T. ) ;
#6240 = DIRECTION ( 'NONE',  ( 0.000000000000000000, 1.000000000000000000, 0.000000000000000000 ) ) ;
#6241 = ORIENTED_EDGE ( 'NONE', *, *, #882, .F. ) ;
#6242 = CARTESIAN_POINT ( 'NONE',  ( -500.0000000000000000, 430.5663706143602667, 376.4336293856407565 ) ) ;
#6243 = ADVANCED_FACE ( 'NONE', ( #3000 ), #5983, .F. ) ;
#6244 = FACE_OUTER_BOUND ( 'NONE', #5448, .T. ) ;
#6245 = FACE_OUTER_BOUND ( 'NONE', #4767, .T. ) ;
#6246 = AXIS2_PLACEMENT_3D ( 'NONE', #1168, #7754, #5257 ) ;
#6247 = SHAPE_REPRESENTATION_RELATIONSHIP ( 'NONE' , 'NONE' ,  #5089, #1499 ) ;
#6248 = LINE ( 'NONE', #7556, #3611 ) ;
#6249 = DIRECTION ( 'NONE',  ( -2.094457619119876512E-31, 1.000000000000000000, -3.301778511896374732E-15 ) ) ;
#6250 = ORIENTED_EDGE ( 'NONE', *, *, #3305, .F. ) ;
#6251 = EDGE_CURVE ( 'NONE', #1896, #7503, #5387, .T. ) ;
#6252 = DIRECTION ( 'NONE',  ( 0.000000000000000000, 0.000000000000000000, -1.000000000000000000 ) ) ;
#6253 = ORIENTED_EDGE ( 'NONE', *, *, #500, .F. ) ;
#6254 = FACE_OUTER_BOUND ( 'NONE', #5592, .T. ) ;
#6255 = PRODUCT_CONTEXT ( 'NONE', #4592, 'mechanical' ) ;
#6256 = ORIENTED_EDGE ( 'NONE', *, *, #7559, .F. ) ;
#6257 = CARTESIAN_POINT ( 'NONE',  ( -206.9207504908144131, 10.62315297300359163, -194.2928932188135036 ) ) ;
#6258 = CIRCLE ( 'NONE', #1314, 12.99999999999999822 ) ;
#6259 = DIRECTION ( 'NONE',  ( -0.000000000000000000, 0.000000000000000000, -1.000000000000000000 ) ) ;
#6260 = CARTESIAN_POINT ( 'NONE',  ( -360.0000000000000568, 427.4336293856408133, 34.43362938564069964 ) ) ;
#6261 = VERTEX_POINT ( 'NONE', #7808 ) ;
#6262 = ADVANCED_FACE ( 'NONE', ( #2364 ), #6654, .F. ) ;
#6263 = EDGE_CURVE ( 'NONE', #2361, #2958, #1782, .T. ) ;
#6264 = CARTESIAN_POINT ( 'NONE',  ( 2.341876692568689577E-13, 67.25000000000000000, -206.2928932188135605 ) ) ;
#6265 = AXIS2_PLACEMENT_3D ( 'NONE', #6357, #1518, #3946 ) ;
#6266 = SURFACE_STYLE_USAGE ( .BOTH. , #2102 ) ;
#6267 = DIRECTION ( 'NONE',  ( -0.000000000000000000, -0.000000000000000000, -1.000000000000000000 ) ) ;
#6268 = CIRCLE ( 'NONE', #204, 13.00000000000003197 ) ;
#6269 = CARTESIAN_POINT ( 'NONE',  ( -500.0000000000014211, 430.5663706143598120, 241.4336293856406996 ) ) ;
#6270 = ORIENTED_EDGE ( 'NONE', *, *, #5903, .T. ) ;
#6271 = VERTEX_POINT ( 'NONE', #6615 ) ;
#6272 = EDGE_CURVE ( 'NONE', #6697, #7554, #6958, .T. ) ;
#6273 = DIRECTION ( 'NONE',  ( 1.000000000000000000, 0.000000000000000000, 0.000000000000000000 ) ) ;
#6274 = CARTESIAN_POINT ( 'NONE',  ( -300.0000000000000568, 499.9999999999998863, 0.000000000000000000 ) ) ;
#6275 = FACE_OUTER_BOUND ( 'NONE', #7621, .T. ) ;
#6276 = ORIENTED_EDGE ( 'NONE', *, *, #5994, .T. ) ;
#6277 = ADVANCED_FACE ( 'NONE', ( #5424 ), #603, .F. ) ;
#6278 = VERTEX_POINT ( 'NONE', #4835 ) ;
#6279 = CARTESIAN_POINT ( 'NONE',  ( -194.2928932188135889, -7.553654921950888834, -199.8519810138361095 ) ) ;
#6280 = ORIENTED_EDGE ( 'NONE', *, *, #2403, .F. ) ;
#6281 = CARTESIAN_POINT ( 'NONE',  ( 0.000000000000000000, 0.000000000000000000, -194.2928932188135320 ) ) ;
#6282 = CARTESIAN_POINT ( 'NONE',  ( -215.0000000000002274, 67.25000000000000000, -214.9999999999999716 ) ) ;
#6283 = VERTEX_POINT ( 'NONE', #7244 ) ;
#6284 = DIRECTION ( 'NONE',  ( -0.000000000000000000, -0.000000000000000000, -1.000000000000000000 ) ) ;
#6285 = CARTESIAN_POINT ( 'NONE',  ( -560.0000000000000000, -2.321664987513282626E-13, 21.43362938563917552 ) ) ;
#6286 = DIRECTION ( 'NONE',  ( -0.000000000000000000, 1.000000000000000000, -0.000000000000000000 ) ) ;
#6287 = VERTEX_POINT ( 'NONE', #636 ) ;
#6288 = DIRECTION ( 'NONE',  ( 1.000000000000000000, -0.000000000000000000, -1.290957005378089075E-16 ) ) ;
#6289 = VERTEX_POINT ( 'NONE', #1815 ) ;
#6290 = CARTESIAN_POINT ( 'NONE',  ( 73.99999999999998579, 369.9999999999994884, 207.0000000000002274 ) ) ;
#6291 = APPLICATION_PROTOCOL_DEFINITION ( 'draft international standard', 'automotive_design', 1998, #7420 ) ;
#6292 = UNCERTAINTY_MEASURE_WITH_UNIT (LENGTH_MEASURE( 1.000000000000000082E-05 ), #3039, 'distance_accuracy_value', 'NONE');
#6293 = ORIENTED_EDGE ( 'NONE', *, *, #3306, .T. ) ;
#6294 = CARTESIAN_POINT ( 'NONE',  ( -144.4999999999997442, 500.0000000000002274, 72.00000000000000000 ) ) ;
#6295 = PLANE ( 'NONE',  #1733 ) ;
#6296 = AXIS2_PLACEMENT_3D ( 'NONE', #2564, #4984, #228 ) ;
#6297 = CARTESIAN_POINT ( 'NONE',  ( -206.2928932188135889, 11.23339666253963287, -215.0000000000000284 ) ) ;
#6298 = ORIENTED_EDGE ( 'NONE', *, *, #5370, .T. ) ;
#6299 = AXIS2_PLACEMENT_3D ( 'NONE', #2765, #984, #949 ) ;
#6300 = FACE_OUTER_BOUND ( 'NONE', #3933, .T. ) ;
#6301 = CYLINDRICAL_SURFACE ( 'NONE', #990, 13.00000000000001066 ) ;
#6302 = ORIENTED_EDGE ( 'NONE', *, *, #779, .F. ) ;
#6303 = VECTOR ( 'NONE', #3528, 1000.000000000000000 ) ;
#6304 = AXIS2_PLACEMENT_3D ( 'NONE', #3477, #4711, #3999 ) ;
#6305 = CIRCLE ( 'NONE', #6548, 12.99999999999999822 ) ;
#6306 = EDGE_CURVE ( 'NONE', #943, #4207, #3646, .T. ) ;
#6307 = DIRECTION ( 'NONE',  ( 0.000000000000000000, 4.270088556250591641E-15, -1.000000000000000000 ) ) ;
#6308 = FACE_OUTER_BOUND ( 'NONE', #4512, .T. ) ;
#6309 = EDGE_LOOP ( 'NONE', ( #54, #7267, #5364, #5253 ) ) ;
#6310 = VERTEX_POINT ( 'NONE', #5466 ) ;
#6311 = VECTOR ( 'NONE', #4380, 1000.000000000000000 ) ;
#6312 = DIRECTION ( 'NONE',  ( 0.000000000000000000, 0.000000000000000000, 1.000000000000000000 ) ) ;
#6313 = CARTESIAN_POINT ( 'NONE',  ( -30.00000000000020250, 437.4336293856406996, 69.43362938564074227 ) ) ;
#6314 = DIRECTION ( 'NONE',  ( -1.000000000000000000, 0.000000000000000000, 0.000000000000000000 ) ) ;
#6315 = EDGE_CURVE ( 'NONE', #7657, #4536, #6203, .T. ) ;
#6316 = EDGE_CURVE ( 'NONE', #3166, #6278, #901, .T. ) ;
#6317 = AXIS2_PLACEMENT_3D ( 'NONE', #2666, #5004, #5086 ) ;
#6318 = AXIS2_PLACEMENT_3D ( 'NONE', #1444, #5650, #338 ) ;
#6319 = EDGE_LOOP ( 'NONE', ( #4938, #4777, #5580, #7352 ) ) ;
#6320 = VECTOR ( 'NONE', #4917, 1000.000000000000000 ) ;
#6321 = EDGE_LOOP ( 'NONE', ( #1435, #5989 ) ) ;
#6322 = CYLINDRICAL_SURFACE ( 'NONE', #6687, 13.00000000000001066 ) ;
#6323 = EDGE_LOOP ( 'NONE', ( #1948, #3224, #7758, #2745, #4305, #3490, #1877, #2098 ) ) ;
#6324 = CIRCLE ( 'NONE', #763, 13.00000000000001066 ) ;
#6325 = LINE ( 'NONE', #968, #5829 ) ;
#6326 = CYLINDRICAL_SURFACE ( 'NONE', #2370, 12.99999999999998401 ) ;
#6327 = CARTESIAN_POINT ( 'NONE',  ( 167.0000000000032117, 60.00000000000005684, -7.216449660063517513E-13 ) ) ;
#6328 = EDGE_LOOP ( 'NONE', ( #6835, #5407, #7694, #6217 ) ) ;
#6329 = VECTOR ( 'NONE', #3638, 1000.000000000000000 ) ;
#6330 = CIRCLE ( 'NONE', #3029, 12.99999999999999822 ) ;
#6331 = AXIS2_PLACEMENT_3D ( 'NONE', #5830, #2218, #401 ) ;
#6332 = LINE ( 'NONE', #5729, #2963 ) ;
#6333 = DIRECTION ( 'NONE',  ( -1.586032892321655835E-15, 1.000000000000000000, 0.000000000000000000 ) ) ;
#6334 = VERTEX_POINT ( 'NONE', #3309 ) ;
#6335 = CARTESIAN_POINT ( 'NONE',  ( -8.000000000000044409, 430.0000000000000000, 19.99999999999996092 ) ) ;
#6336 = EDGE_LOOP ( 'NONE', ( #2862, #3988 ) ) ;
#6337 = AXIS2_PLACEMENT_3D ( 'NONE', #6407, #3272, #4547 ) ;
#6338 = CIRCLE ( 'NONE', #264, 13.00000000000000533 ) ;
#6339 = VERTEX_POINT ( 'NONE', #6141 ) ;
#6340 = CARTESIAN_POINT ( 'NONE',  ( -1200.000000000000000, 417.4336293856408133, -7.999999999997085887 ) ) ;
#6341 = CARTESIAN_POINT ( 'NONE',  ( 0.000000000000000000, 437.4336293856408133, 39.43362938564054332 ) ) ;
#6342 = CARTESIAN_POINT ( 'NONE',  ( -206.2928932188135605, 67.25000000000000000, -215.0000000000002274 ) ) ;
#6343 = CIRCLE ( 'NONE', #1911, 13.00000000000001776 ) ;
#6344 = ORIENTED_EDGE ( 'NONE', *, *, #4865, .T. ) ;
#6345 = ORIENTED_EDGE ( 'NONE', *, *, #4856, .T. ) ;
#6346 = CARTESIAN_POINT ( 'NONE',  ( -64.49999999999977263, 430.5663706143591867, 72.00000000000024158 ) ) ;
#6347 = LINE ( 'NONE', #4449, #3653 ) ;
#6348 = FACE_OUTER_BOUND ( 'NONE', #2686, .T. ) ;
#6349 = EDGE_CURVE ( 'NONE', #1297, #6195, #5133, .T. ) ;
#6350 = PLANE ( 'NONE',  #5669 ) ;
#6351 = CARTESIAN_POINT ( 'NONE',  ( -199.8519810138360810, -7.553654921950768042, -194.2928932188135036 ) ) ;
#6352 = EDGE_LOOP ( 'NONE', ( #4309, #4228 ) ) ;
#6353 = ORIENTED_EDGE ( 'NONE', *, *, #3135, .F. ) ;
#6354 = EDGE_CURVE ( 'NONE', #1573, #5107, #5762, .T. ) ;
#6355 = DIRECTION ( 'NONE',  ( 0.000000000000000000, 4.270088556250598741E-15, 1.000000000000000000 ) ) ;
#6356 = CARTESIAN_POINT ( 'NONE',  ( -19.99999999999995737, -1.734723475976807094E-15, -206.2928932188135605 ) ) ;
#6357 = CARTESIAN_POINT ( 'NONE',  ( -814.5000000000000000, 422.5663706143603235, 389.4336293856400175 ) ) ;
#6358 = EDGE_LOOP ( 'NONE', ( #6918, #2450 ) ) ;
#6359 = EDGE_CURVE ( 'NONE', #7159, #1708, #2404, .T. ) ;
#6360 = EDGE_CURVE ( 'NONE', #6795, #6374, #2116, .T. ) ;
#6361 = CARTESIAN_POINT ( 'NONE',  ( -195.0000000000000000, -1.561251128379126385E-14, -194.2928932188135036 ) ) ;
#6362 = EDGE_LOOP ( 'NONE', ( #3409, #7700 ) ) ;
#6363 = AXIS2_PLACEMENT_3D ( 'NONE', #2993, #6727, #3799 ) ;
#6364 = DIRECTION ( 'NONE',  ( 3.486207565248076192E-15, 0.000000000000000000, -1.000000000000000000 ) ) ;
#6365 = CARTESIAN_POINT ( 'NONE',  ( -207.0000000000000000, -6.972505834893572635E-13, -206.2928932188134468 ) ) ;
#6366 = FACE_OUTER_BOUND ( 'NONE', #2446, .T. ) ;
#6367 = VERTEX_POINT ( 'NONE', #2746 ) ;
#6368 = DIRECTION ( 'NONE',  ( -1.000000000000000000, 0.000000000000000000, 0.000000000000000000 ) ) ;
#6369 = DIRECTION ( 'NONE',  ( -1.000000000000000000, 0.000000000000000000, 3.491481338843133355E-15 ) ) ;
#6370 = ORIENTED_EDGE ( 'NONE', *, *, #1594, .F. ) ;
#6371 = EDGE_CURVE ( 'NONE', #91, #6060, #6325, .T. ) ;
#6372 = DIRECTION ( 'NONE',  ( -0.000000000000000000, -1.000000000000000000, 3.491481338843133355E-15 ) ) ;
#6373 = ORIENTED_EDGE ( 'NONE', *, *, #4366, .F. ) ;
#6374 = VERTEX_POINT ( 'NONE', #2563 ) ;
#6375 = DIRECTION ( 'NONE',  ( -0.000000000000000000, -0.000000000000000000, -1.000000000000000000 ) ) ;
#6376 = CARTESIAN_POINT ( 'NONE',  ( -50.24999999999972289, 2.000000000000000000, -157.5857864376220050 ) ) ;
#6377 = ORIENTED_EDGE ( 'NONE', *, *, #1715, .T. ) ;
#6378 = CARTESIAN_POINT ( 'NONE',  ( 207.0000000000000000, 0.000000000000000000, -7.227366371405289201E-13 ) ) ;
#6379 = ORIENTED_EDGE ( 'NONE', *, *, #7620, .T. ) ;
#6380 = EDGE_CURVE ( 'NONE', #7124, #7561, #4354, .T. ) ;
#6381 = EDGE_LOOP ( 'NONE', ( #5208, #4390 ) ) ;
#6382 =( NAMED_UNIT ( * ) PLANE_ANGLE_UNIT ( ) SI_UNIT ( $, .RADIAN. ) );
#6383 = FACE_OUTER_BOUND ( 'NONE', #591, .T. ) ;
#6384 = CARTESIAN_POINT ( 'NONE',  ( -1055.500000000000000, 430.5663706143591867, 72.00000000000011369 ) ) ;
#6385 = CIRCLE ( 'NONE', #3857, 13.00000000000003197 ) ;
#6386 = ORIENTED_EDGE ( 'NONE', *, *, #5659, .T. ) ;
#6387 = FACE_OUTER_BOUND ( 'NONE', #4697, .T. ) ;
#6388 = CARTESIAN_POINT ( 'NONE',  ( 600.2898211189119593, 442.5663706143591298, 12.00000000000000000 ) ) ;
#6389 = ORIENTED_EDGE ( 'NONE', *, *, #5805, .T. ) ;
#6390 = ORIENTED_EDGE ( 'NONE', *, *, #7085, .T. ) ;
#6391 = EDGE_CURVE ( 'NONE', #1385, #633, #4983, .T. ) ;
#6392 = CIRCLE ( 'NONE', #56, 13.00000000000001066 ) ;
#6393 = CARTESIAN_POINT ( 'NONE',  ( 180.0000000000032117, 60.00000000000005684, 207.0000000000006253 ) ) ;
#6394 = CARTESIAN_POINT ( 'NONE',  ( 207.0000000000000000, 430.0000000000000568, 215.0000000000007105 ) ) ;
#6395 = DIRECTION ( 'NONE',  ( 1.000000000000000000, 0.000000000000000000, -3.491481338843134144E-15 ) ) ;
#6396 = CIRCLE ( 'NONE', #5636, 13.00000000000001066 ) ;
#6397 = VERTEX_POINT ( 'NONE', #4581 ) ;
#6398 = DIRECTION ( 'NONE',  ( 0.000000000000000000, -4.270088556250598741E-15, -1.000000000000000000 ) ) ;
#6399 = EDGE_LOOP ( 'NONE', ( #4344, #5932, #2089, #2801 ) ) ;
#6400 = DIRECTION ( 'NONE',  ( 0.000000000000000000, 0.000000000000000000, -1.000000000000000000 ) ) ;
#6401 = LINE ( 'NONE', #3345, #5668 ) ;
#6402 = DIRECTION ( 'NONE',  ( 1.000000000000000000, 0.000000000000000000, 0.000000000000000000 ) ) ;
#6403 = ORIENTED_EDGE ( 'NONE', *, *, #7164, .T. ) ;
#6404 = EDGE_CURVE ( 'NONE', #4949, #7558, #3764, .T. ) ;
#6405 = ADVANCED_FACE ( 'NONE', ( #2079 ), #296, .T. ) ;
#6406 = FACE_OUTER_BOUND ( 'NONE', #7397, .T. ) ;
#6407 = CARTESIAN_POINT ( 'NONE',  ( -1200.000000000000000, 417.4336293856408133, 12.00000000000000000 ) ) ;
#6408 = ORIENTED_EDGE ( 'NONE', *, *, #4716, .T. ) ;
#6409 = DIRECTION ( 'NONE',  ( 0.000000000000000000, 0.000000000000000000, -1.000000000000000000 ) ) ;
#6410 = VERTEX_POINT ( 'NONE', #7635 ) ;
#6411 = EDGE_CURVE ( 'NONE', #825, #1573, #5446, .T. ) ;
#6412 = ORIENTED_EDGE ( 'NONE', *, *, #7824, .T. ) ;
#6413 = EDGE_CURVE ( 'NONE', #5634, #4398, #7472, .T. ) ;
#6414 = DIRECTION ( 'NONE',  ( 0.000000000000000000, 0.000000000000000000, 1.000000000000000000 ) ) ;
#6415 = CARTESIAN_POINT ( 'NONE',  ( 0.000000000000000000, 422.5663706143604941, 429.4336293856406996 ) ) ;
#6416 = ORIENTED_EDGE ( 'NONE', *, *, #1664, .F. ) ;
#6417 = CARTESIAN_POINT ( 'NONE',  ( -2.793185071074506684E-14, 430.0000000000000568, 215.0000000000000000 ) ) ;
#6418 = ORIENTED_EDGE ( 'NONE', *, *, #229, .T. ) ;
#6419 = COLOUR_RGB ( '',0.7921568627450980005, 0.8196078431372548767, 0.9333333333333333481 ) ;
#6420 = VERTEX_POINT ( 'NONE', #7551 ) ;
#6421 = CARTESIAN_POINT ( 'NONE',  ( -801.4999999999995453, 174.9999999999998863, 0.000000000000000000 ) ) ;
#6422 = CARTESIAN_POINT ( 'NONE',  ( -840.0000000000001137, 427.4336293856408702, 21.43362938564066766 ) ) ;
#6423 = CARTESIAN_POINT ( 'NONE',  ( -640.0000000000000000, 429.4336293856408133, 34.43362938564070674 ) ) ;
#6424 = ORIENTED_EDGE ( 'NONE', *, *, #1105, .F. ) ;
#6425 = DIRECTION ( 'NONE',  ( -0.000000000000000000, -0.000000000000000000, -1.000000000000000000 ) ) ;
#6426 = AXIS2_PLACEMENT_3D ( 'NONE', #7186, #4141, #4188 ) ;
#6427 = AXIS2_PLACEMENT_3D ( 'NONE', #5638, #3821, #3943 ) ;
#6428 = DIRECTION ( 'NONE',  ( 0.000000000000000000, 4.270088556250661850E-15, 1.000000000000000000 ) ) ;
#6429 = EDGE_LOOP ( 'NONE', ( #3347, #4126, #6408, #131 ) ) ;
#6430 = VERTEX_POINT ( 'NONE', #6953 ) ;
#6431 = DIRECTION ( 'NONE',  ( 0.000000000000000000, 0.000000000000000000, -1.000000000000000000 ) ) ;
#6432 = VECTOR ( 'NONE', #2556, 1000.000000000000000 ) ;
#6433 = CIRCLE ( 'NONE', #5035, 10.00000000000000000 ) ;
#6434 = CIRCLE ( 'NONE', #104, 13.00000000000001066 ) ;
#6435 = PLANE ( 'NONE',  #2372 ) ;
#6436 = DIRECTION ( 'NONE',  ( 0.000000000000000000, 0.000000000000000000, -1.000000000000000000 ) ) ;
#6437 = DIRECTION ( 'NONE',  ( 0.000000000000000000, 0.000000000000000000, -1.000000000000000000 ) ) ;
#6438 = ORIENTED_EDGE ( 'NONE', *, *, #3048, .T. ) ;
#6439 = LINE ( 'NONE', #4656, #5806 ) ;
#6440 = EDGE_LOOP ( 'NONE', ( #1028, #2418, #4421, #2847 ) ) ;
#6441 = CARTESIAN_POINT ( 'NONE',  ( 11.99999999999995737, 0.000000000000000000, 0.000000000000000000 ) ) ;
#6442 = CARTESIAN_POINT ( 'NONE',  ( -7.999999999999897859, 29.25000000000068567, -166.2928932188134752 ) ) ;
#6443 = CIRCLE ( 'NONE', #5175, 13.00000000000176037 ) ;
#6444 = CYLINDRICAL_SURFACE ( 'NONE', #5178, 13.00000000000001066 ) ;
#6445 = VERTEX_POINT ( 'NONE', #751 ) ;
#6446 = ADVANCED_FACE ( 'NONE', ( #5218, #1298, #1526, #3728, #5540 ), #112, .F. ) ;
#6447 = CIRCLE ( 'NONE', #7456, 12.99999999999997691 ) ;
#6448 = DIRECTION ( 'NONE',  ( 0.7071067811865482389, -2.468850131082263371E-15, 0.7071067811865469066 ) ) ;
#6449 = CYLINDRICAL_SURFACE ( 'NONE', #4819, 12.99999999999980282 ) ;
#6450 = CIRCLE ( 'NONE', #5434, 12.00000000000000000 ) ;
#6451 = ORIENTED_EDGE ( 'NONE', *, *, #3850, .T. ) ;
#6452 = DIRECTION ( 'NONE',  ( -1.000000000000000000, 0.000000000000000000, 0.000000000000000000 ) ) ;
#6453 = VERTEX_POINT ( 'NONE', #4951 ) ;
#6454 = EDGE_CURVE ( 'NONE', #155, #1860, #6338, .T. ) ;
#6455 = VECTOR ( 'NONE', #2019, 1000.000000000000000 ) ;
#6456 = VECTOR ( 'NONE', #7059, 1000.000000000000000 ) ;
#6457 = DIRECTION ( 'NONE',  ( -0.000000000000000000, -0.000000000000000000, -1.000000000000000000 ) ) ;
#6458 = EDGE_LOOP ( 'NONE', ( #5901, #4024, #588, #1813 ) ) ;
#6459 = CYLINDRICAL_SURFACE ( 'NONE', #2907, 12.99999999999982414 ) ;
#6460 = AXIS2_PLACEMENT_3D ( 'NONE', #3725, #4236, #7394 ) ;
#6461 = ORIENTED_EDGE ( 'NONE', *, *, #6937, .T. ) ;
#6462 = ORIENTED_EDGE ( 'NONE', *, *, #3393, .F. ) ;
#6463 = AXIS2_PLACEMENT_3D ( 'NONE', #4320, #3985, #3380 ) ;
#6464 = EDGE_CURVE ( 'NONE', #4755, #7081, #3344, .T. ) ;
#6465 = EDGE_CURVE ( 'NONE', #7159, #159, #3584, .T. ) ;
#6466 = FACE_OUTER_BOUND ( 'NONE', #7142, .T. ) ;
#6467 = ORIENTED_EDGE ( 'NONE', *, *, #5050, .F. ) ;
#6468 = CIRCLE ( 'NONE', #2999, 13.00000000000001066 ) ;
#6469 = ORIENTED_EDGE ( 'NONE', *, *, #5922, .F. ) ;
#6470 = CARTESIAN_POINT ( 'NONE',  ( -7.999999999999766409, 67.25000000000002842, 0.000000000000000000 ) ) ;
#6471 = CARTESIAN_POINT ( 'NONE',  ( -214.8679174858380065, 9.705254964939934226, -202.2928928854801711 ) ) ;
#6472 =( REPRESENTATION_RELATIONSHIP ('NONE','NONE', #1641, #5089 ) REPRESENTATION_RELATIONSHIP_WITH_TRANSFORMATION ( #3843 )SHAPE_REPRESENTATION_RELATIONSHIP( ) );
#6473 = ORIENTED_EDGE ( 'NONE', *, *, #4074, .T. ) ;
#6474 = EDGE_LOOP ( 'NONE', ( #5981, #2743, #722, #5857 ) ) ;
#6475 = CARTESIAN_POINT ( 'NONE',  ( -1200.000000000000000, 417.4336293856408133, 12.00000000000000000 ) ) ;
#6476 = DIRECTION ( 'NONE',  ( -0.000000000000000000, -1.000000000000000000, 3.491481338843132961E-15 ) ) ;
#6477 = FACE_BOUND ( 'NONE', #2216, .T. ) ;
#6478 = DIRECTION ( 'NONE',  ( 1.290957005378089075E-16, 3.301778511896375126E-15, 1.000000000000000000 ) ) ;
#6479 = EDGE_LOOP ( 'NONE', ( #4129, #5635 ) ) ;
#6480 = ADVANCED_FACE ( 'NONE', ( #7753 ), #5967, .F. ) ;
#6481 = DIRECTION ( 'NONE',  ( -0.000000000000000000, -1.000000000000000000, 3.491481338843133355E-15 ) ) ;
#6482 = CARTESIAN_POINT ( 'NONE',  ( -0.1320825141619859366, 9.705254964939722839, -194.2928937188135592 ) ) ;
#6483 = CARTESIAN_POINT ( 'NONE',  ( 0.000000000000000000, 370.0000000000000000, 134.4999999999999432 ) ) ;
#6484 = CYLINDRICAL_SURFACE ( 'NONE', #5872, 12.00000000000001066 ) ;
#6485 = FACE_BOUND ( 'NONE', #5625, .T. ) ;
#6486 = DIRECTION ( 'NONE',  ( 1.000000000000000000, 0.000000000000000000, 0.000000000000000000 ) ) ;
#6487 = ORIENTED_EDGE ( 'NONE', *, *, #5689, .T. ) ;
#6488 = EDGE_CURVE ( 'NONE', #3047, #5570, #3043, .T. ) ;
#6489 = CARTESIAN_POINT ( 'NONE',  ( 11.99999999999988631, 430.0000000000000568, 215.0000000000000284 ) ) ;
#6490 = VERTEX_POINT ( 'NONE', #7674 ) ;
#6491 = CARTESIAN_POINT ( 'NONE',  ( -385.4999999999999432, 39.99999999999987210, 2.000000000000000000 ) ) ;
#6492 = FACE_OUTER_BOUND ( 'NONE', #4352, .T. ) ;
#6493 = CARTESIAN_POINT ( 'NONE',  ( -1055.500000000000000, 422.5663706143592435, 72.00000000000014211 ) ) ;
#6494 = ORIENTED_EDGE ( 'NONE', *, *, #7418, .F. ) ;
#6495 = VERTEX_POINT ( 'NONE', #6596 ) ;
#6496 = VECTOR ( 'NONE', #6517, 1000.000000000000000 ) ;
#6497 = DIRECTION ( 'NONE',  ( 1.000000000000000000, -0.000000000000000000, -0.000000000000000000 ) ) ;
#6498 = ORIENTED_EDGE ( 'NONE', *, *, #5544, .T. ) ;
#6499 = VERTEX_POINT ( 'NONE', #5925 ) ;
#6500 = LINE ( 'NONE', #1073, #6556 ) ;
#6501 = ADVANCED_FACE ( 'NONE', ( #534 ), #1129, .T. ) ;
#6502 = EDGE_CURVE ( 'NONE', #1197, #5209, #7185, .T. ) ;
#6503 = CARTESIAN_POINT ( 'NONE',  ( 0.000000000000000000, 60.00000000000000000, 147.5000000000031832 ) ) ;
#6504 = ORIENTED_EDGE ( 'NONE', *, *, #2824, .T. ) ;
#6505 = ORIENTED_EDGE ( 'NONE', *, *, #2289, .T. ) ;
#6506 = DIRECTION ( 'NONE',  ( 1.000000000000000000, 0.000000000000000000, -0.000000000000000000 ) ) ;
#6507 = AXIS2_PLACEMENT_3D ( 'NONE', #6161, #3064, #5485 ) ;
#6508 = DIRECTION ( 'NONE',  ( 1.000000000000000000, 0.000000000000000000, 0.000000000000000000 ) ) ;
#6509 = PLANE ( 'NONE',  #64 ) ;
#6510 = DIRECTION ( 'NONE',  ( 0.000000000000000000, -4.270088556250666583E-15, -1.000000000000000000 ) ) ;
#6511 = ADVANCED_FACE ( 'NONE', ( #7073 ), #5404, .T. ) ;
#6512 = ORIENTED_EDGE ( 'NONE', *, *, #2045, .T. ) ;
#6513 = VECTOR ( 'NONE', #3056, 1000.000000000000000 ) ;
#6514 = CARTESIAN_POINT ( 'NONE',  ( -834.9999999999987494, 429.4336293856395059, 404.4336293856411544 ) ) ;
#6515 = CARTESIAN_POINT ( 'NONE',  ( -1055.500000000001137, 422.5663706143603804, 394.9999999999998863 ) ) ;
#6516 = CARTESIAN_POINT ( 'NONE',  ( -166.2928932188135320, 42.25000000000071054, 1.665334536937734811E-13 ) ) ;
#6517 = DIRECTION ( 'NONE',  ( -1.000000000000000000, -0.000000000000000000, -0.000000000000000000 ) ) ;
#6518 = DIRECTION ( 'NONE',  ( 0.000000000000000000, -1.000000000000000000, 0.000000000000000000 ) ) ;
#6519 = AXIS2_PLACEMENT_3D ( 'NONE', #3670, #2550, #2505 ) ;
#6520 = EDGE_CURVE ( 'NONE', #1573, #469, #6001, .T. ) ;
#6521 = CARTESIAN_POINT ( 'NONE',  ( -157.5000000000000000, 357.4336293856408133, 0.000000000000000000 ) ) ;
#6522 = ORIENTED_EDGE ( 'NONE', *, *, #7225, .T. ) ;
#6523 = CARTESIAN_POINT ( 'NONE',  ( -2.793185071074506684E-14, 0.000000000000000000, 0.000000000000000000 ) ) ;
#6524 = ORIENTED_EDGE ( 'NONE', *, *, #3339, .T. ) ;
#6525 = FACE_BOUND ( 'NONE', #324, .T. ) ;
#6526 = CYLINDRICAL_SURFACE ( 'NONE', #4022, 13.00000000000001066 ) ;
#6527 = CARTESIAN_POINT ( 'NONE',  ( -8.079249507808752284, 10.62315298492421611, -206.2928932188135605 ) ) ;
#6528 = EDGE_LOOP ( 'NONE', ( #887, #3624, #2317, #6253 ) ) ;
#6529 = ORIENTED_EDGE ( 'NONE', *, *, #6735, .T. ) ;
#6530 = DIRECTION ( 'NONE',  ( 0.000000000000000000, 0.000000000000000000, -1.000000000000000000 ) ) ;
#6531 = DIRECTION ( 'NONE',  ( -0.000000000000000000, -0.000000000000000000, -1.000000000000000000 ) ) ;
#6532 = CARTESIAN_POINT ( 'NONE',  ( 1222.500000000000000, 442.0000000000018190, -422.5663706143591867 ) ) ;
#6533 = ORIENTED_EDGE ( 'NONE', *, *, #1036, .F. ) ;
#6534 = CARTESIAN_POINT ( 'NONE',  ( -64.49999999999866418, 422.5663706143603804, 395.0000000000000000 ) ) ;
#6535 = STYLED_ITEM ( 'NONE', ( #5380 ), #1499 ) ;
#6536 = DIRECTION ( 'NONE',  ( -1.000000000000000000, -3.301778511896374732E-15, -0.000000000000000000 ) ) ;
#6537 = EDGE_LOOP ( 'NONE', ( #4500, #2525 ) ) ;
#6538 = EDGE_LOOP ( 'NONE', ( #870, #5862 ) ) ;
#6539 = DIRECTION ( 'NONE',  ( -0.000000000000000000, 0.000000000000000000, -1.000000000000000000 ) ) ;
#6540 = CYLINDRICAL_SURFACE ( 'NONE', #3905, 13.00000000000001066 ) ;
#6541 = EDGE_CURVE ( 'NONE', #2331, #6861, #2944, .T. ) ;
#6542 = FACE_BOUND ( 'NONE', #1696, .T. ) ;
#6543 = AXIS2_PLACEMENT_3D ( 'NONE', #7764, #4634, #431 ) ;
#6544 = CARTESIAN_POINT ( 'NONE',  ( -215.0000000000000000, -8.000000000000000000, -10.00000000000004619 ) ) ;
#6545 = VERTEX_POINT ( 'NONE', #4025 ) ;
#6546 = CIRCLE ( 'NONE', #3384, 13.00000000000001776 ) ;
#6547 = CIRCLE ( 'NONE', #4530, 12.99999999999979039 ) ;
#6548 = AXIS2_PLACEMENT_3D ( 'NONE', #1049, #5959, #6508 ) ;
#6549 = CYLINDRICAL_SURFACE ( 'NONE', #3396, 12.99999999999999822 ) ;
#6550 = CARTESIAN_POINT ( 'NONE',  ( -840.0000000000001137, 427.4336293856408133, 34.43362938564069964 ) ) ;
#6551 = EDGE_CURVE ( 'NONE', #598, #6074, #5204, .T. ) ;
#6552 = LINE ( 'NONE', #5292, #897 ) ;
#6553 = DIRECTION ( 'NONE',  ( 1.000000000000000000, -0.000000000000000000, 0.000000000000000000 ) ) ;
#6554 = EDGE_CURVE ( 'NONE', #293, #7090, #2911, .T. ) ;
#6555 = DIRECTION ( 'NONE',  ( -1.000000000000000000, 0.000000000000000000, 0.000000000000000000 ) ) ;
#6556 = VECTOR ( 'NONE', #3488, 1000.000000000000000 ) ;
#6557 = MECHANICAL_DESIGN_GEOMETRIC_PRESENTATION_REPRESENTATION (  '', ( #1496 ), #3526 ) ;
#6558 = CARTESIAN_POINT ( 'NONE',  ( 0.000000000000000000, -8.000000000000015987, -194.2928932188134468 ) ) ;
#6559 = ORIENTED_EDGE ( 'NONE', *, *, #511, .T. ) ;
#6560 = DIRECTION ( 'NONE',  ( -1.000000000000000000, 0.000000000000000000, -4.270088556250602685E-15 ) ) ;
#6561 = ORIENTED_EDGE ( 'NONE', *, *, #429, .T. ) ;
#6562 = AXIS2_PLACEMENT_3D ( 'NONE', #4147, #2209, #6560 ) ;
#6563 = PRODUCT_DEFINITION_SHAPE ( 'NONE', 'NONE',  #640 ) ;
#6564 = EDGE_CURVE ( 'NONE', #1365, #2755, #4068, .T. ) ;
#6565 = DIRECTION ( 'NONE',  ( 0.000000000000000000, 4.270088556250671316E-15, 1.000000000000000000 ) ) ;
#6566 = FACE_OUTER_BOUND ( 'NONE', #2857, .T. ) ;
#6567 = FILL_AREA_STYLE ('',( #5461 ) ) ;
#6568 = AXIS2_PLACEMENT_3D ( 'NONE', #5290, #2274, #1756 ) ;
#6569 = CARTESIAN_POINT ( 'NONE',  ( 180.0000000000000000, 370.0000000000000568, 215.0000000000000000 ) ) ;
#6570 = DIRECTION ( 'NONE',  ( 0.000000000000000000, 0.000000000000000000, -1.000000000000000000 ) ) ;
#6571 = ORIENTED_EDGE ( 'NONE', *, *, #5709, .T. ) ;
#6572 = EDGE_LOOP ( 'NONE', ( #2815, #2725, #5103, #1949 ) ) ;
#6573 = CIRCLE ( 'NONE', #2644, 13.00000000000001066 ) ;
#6574 = CARTESIAN_POINT ( 'NONE',  ( -215.0000000000001421, 42.25000000000000711, -166.2928932188134752 ) ) ;
#6575 = CIRCLE ( 'NONE', #2780, 13.00000000000001066 ) ;
#6576 = CARTESIAN_POINT ( 'NONE',  ( -1055.500000000000000, 500.0000000000002274, 71.99999999999988631 ) ) ;
#6577 =( LENGTH_UNIT ( ) NAMED_UNIT ( * ) SI_UNIT ( .MILLI., .METRE. ) );
#6578 = ORIENTED_EDGE ( 'NONE', *, *, #1811, .T. ) ;
#6579 = LINE ( 'NONE', #1902, #4405 ) ;
#6580 = CIRCLE ( 'NONE', #6708, 12.99999999999980282 ) ;
#6581 = CARTESIAN_POINT ( 'NONE',  ( -513.0000000000000000, 39.99999999999987210, -8.000000000000000000 ) ) ;
#6582 = CIRCLE ( 'NONE', #1392, 12.00000000000000000 ) ;
#6583 = EDGE_LOOP ( 'NONE', ( #277, #6177, #7153, #4137 ) ) ;
#6584 = ORIENTED_EDGE ( 'NONE', *, *, #336, .T. ) ;
#6585 = LINE ( 'NONE', #4880, #5315 ) ;
#6586 = EDGE_CURVE ( 'NONE', #1218, #943, #2538, .T. ) ;
#6587 = AXIS2_PLACEMENT_3D ( 'NONE', #942, #2638, #4433 ) ;
#6588 = DIRECTION ( 'NONE',  ( 0.000000000000000000, 1.000000000000000000, 0.000000000000000000 ) ) ;
#6589 = AXIS2_PLACEMENT_3D ( 'NONE', #4187, #2201, #2312 ) ;
#6590 = CARTESIAN_POINT ( 'NONE',  ( 0.000000000000000000, 422.5663706143604941, 429.4336293856406996 ) ) ;
#6591 = CARTESIAN_POINT ( 'NONE',  ( -814.5000000000000000, 39.99999999999987210, -8.000000000000000000 ) ) ;
#6592 = VERTEX_POINT ( 'NONE', #3430 ) ;
#6593 = EDGE_CURVE ( 'NONE', #293, #5918, #5850, .T. ) ;
#6594 = CARTESIAN_POINT ( 'NONE',  ( -166.2928932188135320, 55.25000000000068923, 1.236103330391206849E-13 ) ) ;
#6595 = DIRECTION ( 'NONE',  ( 0.000000000000000000, -0.000000000000000000, 1.000000000000000000 ) ) ;
#6596 = CARTESIAN_POINT ( 'NONE',  ( -164.7499999999997726, -8.000000000000000000, -52.99999999999398881 ) ) ;
#6597 = FACE_OUTER_BOUND ( 'NONE', #503, .T. ) ;
#6598 = CARTESIAN_POINT ( 'NONE',  ( -64.49999999999977263, 422.5663706143593004, 85.00000000000011369 ) ) ;
#6599 = VERTEX_POINT ( 'NONE', #6483 ) ;
#6600 = DIRECTION ( 'NONE',  ( 1.000000000000000000, 0.000000000000000000, 0.000000000000000000 ) ) ;
#6601 = EDGE_CURVE ( 'NONE', #5714, #5777, #14, .T. ) ;
#6602 = EDGE_CURVE ( 'NONE', #5974, #5751, #6552, .T. ) ;
#6603 = ORIENTED_EDGE ( 'NONE', *, *, #6070, .T. ) ;
#6604 = CARTESIAN_POINT ( 'NONE',  ( 86.99999999999998579, 369.9999999999994884, -7.216449660063517513E-13 ) ) ;
#6605 = EDGE_LOOP ( 'NONE', ( #7614, #299 ) ) ;
#6606 = CARTESIAN_POINT ( 'NONE',  ( -19.99999999999995737, 11.99999999999999822, -206.2928932188135605 ) ) ;
#6607 = LINE ( 'NONE', #1143, #4569 ) ;
#6608 = PRODUCT_DEFINITION_CONTEXT ( 'detailed design', #492, 'design' ) ;
#6609 =( NAMED_UNIT ( * ) SI_UNIT ( $, .STERADIAN. ) SOLID_ANGLE_UNIT ( ) );
#6610 = DIRECTION ( 'NONE',  ( 1.000000000000000000, 0.000000000000000000, 0.000000000000000000 ) ) ;
#6611 = EDGE_CURVE ( 'NONE', #1784, #7766, #2277, .T. ) ;
#6612 = LINE ( 'NONE', #1661, #7726 ) ;
#6613 = EDGE_LOOP ( 'NONE', ( #7031, #641, #1149, #6578 ) ) ;
#6614 = ORIENTED_EDGE ( 'NONE', *, *, #2508, .T. ) ;
#6615 = CARTESIAN_POINT ( 'NONE',  ( -131.5000000000032117, 47.43362938564082754, -8.000000000000000000 ) ) ;
#6616 =( REPRESENTATION_RELATIONSHIP ('NONE','NONE', #1641, #7619 ) REPRESENTATION_RELATIONSHIP_WITH_TRANSFORMATION ( #4910 )SHAPE_REPRESENTATION_RELATIONSHIP( ) );
#6617 = CARTESIAN_POINT ( 'NONE',  ( -206.2928932188135889, 10.62315298492428361, -206.9207504921912459 ) ) ;
#6618 = ORIENTED_EDGE ( 'NONE', *, *, #7225, .F. ) ;
#6619 = PLANE ( 'NONE',  #6805 ) ;
#6620 = CARTESIAN_POINT ( 'NONE',  ( -50.24999999999891287, 0.000000000000000000, -52.99999999999494094 ) ) ;
#6621 = VERTEX_POINT ( 'NONE', #1681 ) ;
#6622 = CARTESIAN_POINT ( 'NONE',  ( -560.0000000000000000, 437.4336293856408133, 47.43362938564077069 ) ) ;
#6623 = CARTESIAN_POINT ( 'NONE',  ( -699.9999999999985221, 422.5663706143598688, 254.4336293856407849 ) ) ;
#6624 = B_SPLINE_CURVE_WITH_KNOTS ( 'NONE', 3,
 ( #2392, #7187, #5969, #574 ),
 .UNSPECIFIED., .F., .F.,
 ( 4, 4 ),
 ( 4.166666780121745283E-08, 1.000000000000000000 ),
 .UNSPECIFIED. ) ;
#6625 = FACE_BOUND ( 'NONE', #6352, .T. ) ;
#6626 = AXIS2_PLACEMENT_3D ( 'NONE', #2237, #1798, #5968 ) ;
#6627 = LINE ( 'NONE', #1196, #1367 ) ;
#6628 = EDGE_CURVE ( 'NONE', #5484, #6991, #4446, .T. ) ;
#6629 = EDGE_CURVE ( 'NONE', #78, #222, #7508, .T. ) ;
#6630 = ORIENTED_EDGE ( 'NONE', *, *, #3469, .T. ) ;
#6631 = CARTESIAN_POINT ( 'NONE',  ( -50.24999999999891287, -8.000000000000000000, -26.99999999999497646 ) ) ;
#6632 = DIRECTION ( 'NONE',  ( -0.000000000000000000, -0.000000000000000000, 1.000000000000000000 ) ) ;
#6633 = CARTESIAN_POINT ( 'NONE',  ( -214.8679174858380065, 9.705254964939939555, -206.2928927188135049 ) ) ;
#6634 = ORIENTED_EDGE ( 'NONE', *, *, #4419, .T. ) ;
#6635 = FACE_BOUND ( 'NONE', #1678, .T. ) ;
#6636 = EDGE_CURVE ( 'NONE', #7364, #5316, #7607, .T. ) ;
#6637 = CIRCLE ( 'NONE', #820, 12.00000000000000000 ) ;
#6638 = VERTEX_POINT ( 'NONE', #6039 ) ;
#6639 = CARTESIAN_POINT ( 'NONE',  ( 0.000000000000000000, 442.5663706143590730, 0.000000000000000000 ) ) ;
#6640 = EDGE_LOOP ( 'NONE', ( #4079, #4389, #7691, #7776 ) ) ;
#6641 = CARTESIAN_POINT ( 'NONE',  ( -200.2928934688135598, 9.705254964939930673, -214.8679174858380350 ) ) ;
#6642 = ORIENTED_EDGE ( 'NONE', *, *, #5841, .F. ) ;
#6643 = AXIS2_PLACEMENT_3D ( 'NONE', #7752, #3583, #7072 ) ;
#6644 =( NAMED_UNIT ( * ) PLANE_ANGLE_UNIT ( ) SI_UNIT ( $, .RADIAN. ) );
#6645 = EDGE_CURVE ( 'NONE', #2362, #63, #1202, .T. ) ;
#6646 = EDGE_CURVE ( 'NONE', #5227, #3011, #3475, .T. ) ;
#6647 = VECTOR ( 'NONE', #3567, 1000.000000000000000 ) ;
#6648 = DIRECTION ( 'NONE',  ( 0.000000000000000000, 1.000000000000000000, 0.000000000000000000 ) ) ;
#6649 = AXIS2_PLACEMENT_3D ( 'NONE', #2235, #5966, #4658 ) ;
#6650 = CARTESIAN_POINT ( 'NONE',  ( 180.0000000000032117, 60.00000000000005684, -7.216449660063517513E-13 ) ) ;
#6651 = CARTESIAN_POINT ( 'NONE',  ( -205.0000000000000000, -8.000000000000000000, -9.999999999999975131 ) ) ;
#6652 = EDGE_LOOP ( 'NONE', ( #7739, #5599, #2384, #7134 ) ) ;
#6653 = VERTEX_POINT ( 'NONE', #2922 ) ;
#6654 = CYLINDRICAL_SURFACE ( 'NONE', #1774, 12.99999999999979039 ) ;
#6655 = CARTESIAN_POINT ( 'NONE',  ( -560.0000000000000000, 437.4336293856408702, 34.43362938564073517 ) ) ;
#6656 = EDGE_CURVE ( 'NONE', #538, #4911, #5379, .T. ) ;
#6657 = EDGE_CURVE ( 'NONE', #854, #5598, #1658, .T. ) ;
#6658 = EDGE_LOOP ( 'NONE', ( #967, #7367, #2434, #2654 ) ) ;
#6659 = DIRECTION ( 'NONE',  ( -0.000000000000000000, -1.000000000000000000, 0.000000000000000000 ) ) ;
#6660 = CARTESIAN_POINT ( 'NONE',  ( -144.5000000000032401, 47.43362938564082754, 69.43362938564074227 ) ) ;
#6661 = DIRECTION ( 'NONE',  ( 1.000000000000000000, 0.000000000000000000, 0.000000000000000000 ) ) ;
#6662 = ORIENTED_EDGE ( 'NONE', *, *, #1179, .T. ) ;
#6663 = DIRECTION ( 'NONE',  ( 1.000000000000000000, 0.000000000000000000, 0.000000000000000000 ) ) ;
#6664 = LINE ( 'NONE', #650, #6178 ) ;
#6665 = AXIS2_PLACEMENT_3D ( 'NONE', #7011, #4007, #2775 ) ;
#6666 = DIRECTION ( 'NONE',  ( 0.000000000000000000, 2.581914010756178150E-16, 1.000000000000000000 ) ) ;
#6667 = FACE_OUTER_BOUND ( 'NONE', #2875, .T. ) ;
#6668 = ORIENTED_EDGE ( 'NONE', *, *, #414, .F. ) ;
#6669 = FACE_OUTER_BOUND ( 'NONE', #3750, .T. ) ;
#6670 = CARTESIAN_POINT ( 'NONE',  ( -8.000000000000000000, 0.000000000000000000, 19.99999999999995737 ) ) ;
#6671 = ORIENTED_EDGE ( 'NONE', *, *, #6520, .T. ) ;
#6672 = DIRECTION ( 'NONE',  ( -0.000000000000000000, -1.000000000000000000, 3.491481338843133355E-15 ) ) ;
#6673 = ORIENTED_EDGE ( 'NONE', *, *, #3469, .F. ) ;
#6674 = CARTESIAN_POINT ( 'NONE',  ( 166.9999999999999716, 370.0000000000000568, 7.999999999999417355 ) ) ;
#6675 = VERTEX_POINT ( 'NONE', #4744 ) ;
#6676 = CARTESIAN_POINT ( 'NONE',  ( -214.8679174858380065, 9.705254964939939555, -206.2928927188135049 ) ) ;
#6677 = VERTEX_POINT ( 'NONE', #2290 ) ;
#6678 = DIRECTION ( 'NONE',  ( 0.000000000000000000, 1.000000000000000000, -0.000000000000000000 ) ) ;
#6679 = EDGE_CURVE ( 'NONE', #3166, #5217, #1728, .T. ) ;
#6680 = CIRCLE ( 'NONE', #3258, 10.00000000000000711 ) ;
#6681 = VECTOR ( 'NONE', #2176, 1000.000000000000000 ) ;
#6682 = COLOUR_RGB ( '',0.7921568627450980005, 0.8196078431372548767, 0.9333333333333333481 ) ;
#6683 = FACE_BOUND ( 'NONE', #7504, .T. ) ;
#6684 = SURFACE_SIDE_STYLE ('',( #7155 ) ) ;
#6685 = DIRECTION ( 'NONE',  ( 0.000000000000000000, 0.000000000000000000, -1.000000000000000000 ) ) ;
#6686 = FACE_OUTER_BOUND ( 'NONE', #6458, .T. ) ;
#6687 = AXIS2_PLACEMENT_3D ( 'NONE', #6990, #1560, #2708 ) ;
#6688 = ORIENTED_EDGE ( 'NONE', *, *, #1046, .F. ) ;
#6689 = CIRCLE ( 'NONE', #4790, 12.99999999999999822 ) ;
#6690 = ADVANCED_FACE ( 'NONE', ( #6566 ), #4863, .T. ) ;
#6691 = ORIENTED_EDGE ( 'NONE', *, *, #447, .T. ) ;
#6692 = DIRECTION ( 'NONE',  ( -0.000000000000000000, -0.000000000000000000, -1.000000000000000000 ) ) ;
#6693 = FACE_OUTER_BOUND ( 'NONE', #6890, .T. ) ;
#6694 = CIRCLE ( 'NONE', #1379, 13.00000000000001066 ) ;
#6695 =( NAMED_UNIT ( * ) PLANE_ANGLE_UNIT ( ) SI_UNIT ( $, .RADIAN. ) );
#6696 = VECTOR ( 'NONE', #4586, 1000.000000000000000 ) ;
#6697 = VERTEX_POINT ( 'NONE', #5896 ) ;
#6698 = CARTESIAN_POINT ( 'NONE',  ( 0.000000000000000000, 422.5663706143604941, 429.4336293856406996 ) ) ;
#6699 = DIRECTION ( 'NONE',  ( 1.000000000000000000, 0.000000000000000000, 0.000000000000000000 ) ) ;
#6700 = LINE ( 'NONE', #5027, #1612 ) ;
#6701 = CIRCLE ( 'NONE', #6073, 13.00000000000001066 ) ;
#6702 = EDGE_LOOP ( 'NONE', ( #3792, #5273, #2119, #4641 ) ) ;
#6703 = EDGE_CURVE ( 'NONE', #6621, #2793, #7347, .T. ) ;
#6704 = EDGE_CURVE ( 'NONE', #4848, #6445, #6607, .T. ) ;
#6705 = DIRECTION ( 'NONE',  ( 1.000000000000000000, 0.000000000000000000, 0.000000000000000000 ) ) ;
#6706 = FACE_BOUND ( 'NONE', #2998, .T. ) ;
#6707 = FACE_OUTER_BOUND ( 'NONE', #2897, .T. ) ;
#6708 = AXIS2_PLACEMENT_3D ( 'NONE', #6493, #1730, #468 ) ;
#6709 = DIRECTION ( 'NONE',  ( -1.000000000000000000, 0.000000000000000000, 0.000000000000000000 ) ) ;
#6710 = AXIS2_PLACEMENT_3D ( 'NONE', #2328, #7162, #6530 ) ;
#6711 = ORIENTED_EDGE ( 'NONE', *, *, #2470, .T. ) ;
#6712 = EDGE_CURVE ( 'NONE', #959, #5052, #6054, .T. ) ;
#6713 = VECTOR ( 'NONE', #974, 1000.000000000000000 ) ;
#6714 = DIRECTION ( 'NONE',  ( 0.000000000000000000, 1.000000000000000000, 0.000000000000000000 ) ) ;
#6715 = DIRECTION ( 'NONE',  ( 1.000000000000000000, -3.491481338843133355E-15, 0.000000000000000000 ) ) ;
#6716 = EDGE_LOOP ( 'NONE', ( #346, #1487, #7798, #4454 ) ) ;
#6717 = DIRECTION ( 'NONE',  ( 0.000000000000000000, 4.270088556250591641E-15, -1.000000000000000000 ) ) ;
#6718 = ORIENTED_EDGE ( 'NONE', *, *, #4616, .F. ) ;
#6719 = CARTESIAN_POINT ( 'NONE',  ( 0.000000000000000000, 370.0000000000000000, 147.4999999999999716 ) ) ;
#6720 = ADVANCED_FACE ( 'NONE', ( #6525, #2878, #7800, #6683, #7273, #7198, #1098, #3514, #5938, #7239, #1177, #1847, #5344, #3559, #4271, #5460, #7763 ), #5976, .T. ) ;
#6721 = ORIENTED_EDGE ( 'NONE', *, *, #5419, .F. ) ;
#6722 = PLANE ( 'NONE',  #3660 ) ;
#6723 = ORIENTED_EDGE ( 'NONE', *, *, #6391, .F. ) ;
#6724 = DIRECTION ( 'NONE',  ( -0.000000000000000000, -1.000000000000000000, -0.000000000000000000 ) ) ;
#6725 = CARTESIAN_POINT ( 'NONE',  ( -0.1320825130146120741, 9.705254974873684048, -206.2928932188135605 ) ) ;
#6726 = SURFACE_STYLE_USAGE ( .BOTH. , #1890 ) ;
#6727 = DIRECTION ( 'NONE',  ( 0.000000000000000000, -1.000000000000000000, -3.491481338843133355E-15 ) ) ;
#6728 = ADVANCED_FACE ( 'NONE', ( #5417 ), #4199, .T. ) ;
#6729 = DIRECTION ( 'NONE',  ( 0.000000000000000000, 4.270088556250598741E-15, 1.000000000000000000 ) ) ;
#6730 = EDGE_LOOP ( 'NONE', ( #5389, #5131, #4791, #6561 ) ) ;
#6731 = EDGE_LOOP ( 'NONE', ( #3666, #4588, #4981, #3862, #1288, #3966, #7499, #6559 ) ) ;
#6732 = DIRECTION ( 'NONE',  ( -0.000000000000000000, -0.000000000000000000, 1.000000000000000000 ) ) ;
#6733 = DIRECTION ( 'NONE',  ( -0.000000000000000000, -0.000000000000000000, -1.000000000000000000 ) ) ;
#6734 = CONTEXT_DEPENDENT_SHAPE_REPRESENTATION ( #656, #3593 ) ;
#6735 = EDGE_CURVE ( 'NONE', #3920, #3521, #2405, .T. ) ;
#6736 = EDGE_LOOP ( 'NONE', ( #1296, #7658, #5743, #4301 ) ) ;
#6737 = CARTESIAN_POINT ( 'NONE',  ( -1055.500000000000000, 430.5663706143591298, 59.00000000000031264 ) ) ;
#6738 = CYLINDRICAL_SURFACE ( 'NONE', #1656, 20.00000000000001776 ) ;
#6739 = CYLINDRICAL_SURFACE ( 'NONE', #384, 13.00000000000001066 ) ;
#6740 = ORIENTED_EDGE ( 'NONE', *, *, #893, .T. ) ;
#6741 = CARTESIAN_POINT ( 'NONE',  ( -10.00000000000000000, -8.000000000000000000, -9.999999999999998224 ) ) ;
#6742 = CARTESIAN_POINT ( 'NONE',  ( -8.707106781186512379, -7.098823800577204864E-13, -207.0000000000000000 ) ) ;
#6743 = CARTESIAN_POINT ( 'NONE',  ( 0.000000000000000000, 437.4336293856424618, -430.5663706143591867 ) ) ;
#6744 = ADVANCED_FACE ( 'NONE', ( #1213 ), #3636, .T. ) ;
#6745 = EDGE_CURVE ( 'NONE', #1932, #2959, #3111, .T. ) ;
#6746 = CARTESIAN_POINT ( 'NONE',  ( -166.2928932188135320, 29.25000000000073541, 2.094565743484262772E-13 ) ) ;
#6747 = VERTEX_POINT ( 'NONE', #2558 ) ;
#6748 = VERTEX_POINT ( 'NONE', #1293 ) ;
#6749 = DIRECTION ( 'NONE',  ( -1.290957005378089075E-16, -3.301778511896375126E-15, -1.000000000000000000 ) ) ;
#6750 = LINE ( 'NONE', #1316, #7792 ) ;
#6751 = ORIENTED_EDGE ( 'NONE', *, *, #698, .T. ) ;
#6752 = DIRECTION ( 'NONE',  ( -1.000000000000000000, 0.000000000000000000, 0.000000000000000000 ) ) ;
#6753 = EDGE_CURVE ( 'NONE', #190, #5341, #1408, .T. ) ;
#6754 = EDGE_LOOP ( 'NONE', ( #1588, #2885, #1076, #5347, #7017, #7573 ) ) ;
#6755 = ORIENTED_EDGE ( 'NONE', *, *, #2769, .F. ) ;
#6756 = FACE_OUTER_BOUND ( 'NONE', #4638, .T. ) ;
#6757 = ORIENTED_EDGE ( 'NONE', *, *, #6646, .F. ) ;
#6758 = FACE_BOUND ( 'NONE', #4328, .T. ) ;
#6759 = CARTESIAN_POINT ( 'NONE',  ( -814.5000000000002274, 430.5663706143598688, 254.4336293856395059 ) ) ;
#6760 = AXIS2_PLACEMENT_3D ( 'NONE', #2796, #2749, #2204 ) ;
#6761 = EDGE_CURVE ( 'NONE', #4207, #3203, #3549, .T. ) ;
#6762 = DIRECTION ( 'NONE',  ( 0.000000000000000000, 0.000000000000000000, 1.000000000000000000 ) ) ;
#6763 = CARTESIAN_POINT ( 'NONE',  ( 207.0000000000000000, 430.0000000000000000, -7.233796894823285584E-13 ) ) ;
#6764 = DIRECTION ( 'NONE',  ( 0.000000000000000000, -0.000000000000000000, 1.000000000000000000 ) ) ;
#6765 = CIRCLE ( 'NONE', #3989, 13.00000000000001066 ) ;
#6766 = EDGE_LOOP ( 'NONE', ( #87, #4578 ) ) ;
#6767 = ORIENTED_EDGE ( 'NONE', *, *, #6070, .F. ) ;
#6768 = CARTESIAN_POINT ( 'NONE',  ( -207.0000000000001421, 42.25000000000003553, -166.2928932188134752 ) ) ;
#6769 = DIRECTION ( 'NONE',  ( 1.000000000000000000, 0.000000000000000000, 0.000000000000000000 ) ) ;
#6770 = CONTEXT_DEPENDENT_SHAPE_REPRESENTATION ( #2511, #7257 ) ;
#6771 = ORIENTED_EDGE ( 'NONE', *, *, #258, .T. ) ;
#6772 = CIRCLE ( 'NONE', #7793, 12.99999999999998401 ) ;
#6773 = DIRECTION ( 'NONE',  ( 1.000000000000000000, 0.000000000000000000, 0.000000000000000000 ) ) ;
#6774 = LINE ( 'NONE', #4286, #4060 ) ;
#6775 = CARTESIAN_POINT ( 'NONE',  ( -207.0000000000001705, 55.25000000000004263, -166.2928932188134752 ) ) ;
#6776 = EDGE_LOOP ( 'NONE', ( #1224, #231, #5311, #473 ) ) ;
#6777 = ORIENTED_EDGE ( 'NONE', *, *, #724, .T. ) ;
#6778 = DIRECTION ( 'NONE',  ( 1.000000000000000000, 0.000000000000000000, 0.000000000000000000 ) ) ;
#6779 = DIRECTION ( 'NONE',  ( -0.000000000000000000, -0.000000000000000000, 1.000000000000000000 ) ) ;
#6780 = EDGE_CURVE ( 'NONE', #6028, #7608, #6134, .T. ) ;
#6781 = DIRECTION ( 'NONE',  ( 0.000000000000000000, 0.000000000000000000, 1.000000000000000000 ) ) ;
#6782 = DIRECTION ( 'NONE',  ( 0.000000000000000000, 1.000000000000000000, 3.491481338843133355E-15 ) ) ;
#6783 = ORIENTED_EDGE ( 'NONE', *, *, #836, .T. ) ;
#6784 = ORIENTED_EDGE ( 'NONE', *, *, #3113, .T. ) ;
#6785 = ADVANCED_FACE ( 'NONE', ( #4898 ), #1329, .F. ) ;
#6786 = DIRECTION ( 'NONE',  ( -0.000000000000000000, -0.000000000000000000, -1.000000000000000000 ) ) ;
#6787 = CARTESIAN_POINT ( 'NONE',  ( -8.000000000000000000, 60.00000000000000000, 67.50000000000319744 ) ) ;
#6788 = CARTESIAN_POINT ( 'NONE',  ( -1055.499999999999773, 357.4336293856409270, -8.000000000000000000 ) ) ;
#6789 = VERTEX_POINT ( 'NONE', #741 ) ;
#6790 = AXIS2_PLACEMENT_3D ( 'NONE', #3002, #5426, #519 ) ;
#6791 = VERTEX_POINT ( 'NONE', #3795 ) ;
#6792 = ADVANCED_FACE ( 'NONE', ( #2521 ), #6100, .F. ) ;
#6793 = EDGE_CURVE ( 'NONE', #1002, #3474, #7429, .T. ) ;
#6794 = LINE ( 'NONE', #141, #6311 ) ;
#6795 = VERTEX_POINT ( 'NONE', #5611 ) ;
#6796 = LINE ( 'NONE', #785, #3253 ) ;
#6797 = LINE ( 'NONE', #819, #7190 ) ;
#6798 = DIRECTION ( 'NONE',  ( -1.000000000000000000, -3.301778511896374732E-15, -0.000000000000000000 ) ) ;
#6799 = VECTOR ( 'NONE', #3216, 1000.000000000000000 ) ;
#6800 = SURFACE_STYLE_FILL_AREA ( #1928 ) ;
#6801 = CARTESIAN_POINT ( 'NONE',  ( -8.079249508497175825, 10.62315297896383903, -194.2928937188135592 ) ) ;
#6802 = EDGE_LOOP ( 'NONE', ( #2097, #5692, #378, #6512 ) ) ;
#6803 = AXIS2_PLACEMENT_3D ( 'NONE', #1843, #6678, #1253 ) ;
#6804 = VERTEX_POINT ( 'NONE', #7481 ) ;
#6805 = AXIS2_PLACEMENT_3D ( 'NONE', #4208, #3699, #6110 ) ;
#6806 = AXIS2_PLACEMENT_3D ( 'NONE', #4252, #84, #7339 ) ;
#6807 = PLANE ( 'NONE',  #3221 ) ;
#6808 = ORIENTED_EDGE ( 'NONE', *, *, #4748, .F. ) ;
#6809 = CARTESIAN_POINT ( 'NONE',  ( -1148.500000000000000, 357.4336293856409270, -8.000000000000000000 ) ) ;
#6810 = AXIS2_PLACEMENT_3D ( 'NONE', #6819, #770, #3248 ) ;
#6811 = CIRCLE ( 'NONE', #5553, 20.00000000000000000 ) ;
#6812 = DIRECTION ( 'NONE',  ( -3.469446951953611033E-15, 0.000000000000000000, 1.000000000000000000 ) ) ;
#6813 = DIRECTION ( 'NONE',  ( -0.000000000000000000, -0.000000000000000000, 1.000000000000000000 ) ) ;
#6814 = ORIENTED_EDGE ( 'NONE', *, *, #599, .T. ) ;
#6815 = EDGE_LOOP ( 'NONE', ( #1920, #2189 ) ) ;
#6816 = CARTESIAN_POINT ( 'NONE',  ( -547.0000000000000000, 464.9999999999998863, -8.000000000000000000 ) ) ;
#6817 = DIRECTION ( 'NONE',  ( 0.000000000000000000, 1.000000000000000000, 1.047444401652940007E-14 ) ) ;
#6818 = CARTESIAN_POINT ( 'NONE',  ( 3.053113317719180486E-13, 42.25000000000073186, -31.29289321881345387 ) ) ;
#6819 = CARTESIAN_POINT ( 'NONE',  ( -1055.500000000001137, 422.5663706143603235, 382.0000000000001137 ) ) ;
#6820 = CIRCLE ( 'NONE', #2269, 13.00000000000176037 ) ;
#6821 = AXIS2_PLACEMENT_3D ( 'NONE', #2740, #3897, #6312 ) ;
#6822 = VERTEX_POINT ( 'NONE', #5496 ) ;
#6823 = ORIENTED_EDGE ( 'NONE', *, *, #3874, .T. ) ;
#6824 = EDGE_CURVE ( 'NONE', #2758, #3767, #5836, .T. ) ;
#6825 = LINE ( 'NONE', #325, #3665 ) ;
#6826 = CARTESIAN_POINT ( 'NONE',  ( -712.9999999999995453, 174.9999999999998863, 2.000000000000000000 ) ) ;
#6827 = VECTOR ( 'NONE', #6856, 1000.000000000000000 ) ;
#6828 = CARTESIAN_POINT ( 'NONE',  ( -899.9999999999998863, 464.9999999999998863, 0.000000000000000000 ) ) ;
#6829 = ADVANCED_FACE ( 'NONE', ( #4976 ), #7318, .F. ) ;
#6830 = CIRCLE ( 'NONE', #6587, 13.00000000000001066 ) ;
#6831 = VERTEX_POINT ( 'NONE', #3759 ) ;
#6832 = AXIS2_PLACEMENT_3D ( 'NONE', #2411, #3694, #5502 ) ;
#6833 = ORIENTED_EDGE ( 'NONE', *, *, #6411, .T. ) ;
#6834 = DIRECTION ( 'NONE',  ( -0.000000000000000000, -0.000000000000000000, -1.000000000000000000 ) ) ;
#6835 = ORIENTED_EDGE ( 'NONE', *, *, #4960, .T. ) ;
#6836 = CARTESIAN_POINT ( 'NONE',  ( -814.4999999999995453, 174.9999999999998863, 0.000000000000000000 ) ) ;
#6837 = PRESENTATION_STYLE_ASSIGNMENT (( #2042 ) ) ;
#6838 = AXIS2_PLACEMENT_3D ( 'NONE', #6660, #3086, #3654 ) ;
#6839 = AXIS2_PLACEMENT_3D ( 'NONE', #68, #4467, #3833 ) ;
#6840 = DIRECTION ( 'NONE',  ( 1.000000000000000000, 0.000000000000000000, -0.000000000000000000 ) ) ;
#6841 = ADVANCED_FACE ( 'NONE', ( #6245 ), #218, .F. ) ;
#6842 = ADVANCED_FACE ( 'NONE', ( #4314 ), #2044, .F. ) ;
#6843 =( NAMED_UNIT ( * ) SI_UNIT ( $, .STERADIAN. ) SOLID_ANGLE_UNIT ( ) );
#6844 = DIRECTION ( 'NONE',  ( -1.000000000000000000, 0.000000000000000000, 0.000000000000000000 ) ) ;
#6845 = LINE ( 'NONE', #2170, #5444 ) ;
#6846 = ORIENTED_EDGE ( 'NONE', *, *, #5933, .F. ) ;
#6847 = DIRECTION ( 'NONE',  ( 0.000000000000000000, 1.000000000000000000, -3.491481338843133355E-15 ) ) ;
#6848 = ORIENTED_EDGE ( 'NONE', *, *, #1269, .T. ) ;
#6849 = DIRECTION ( 'NONE',  ( -1.000000000000000000, 0.000000000000000000, -0.000000000000000000 ) ) ;
#6850 = VERTEX_POINT ( 'NONE', #5577 ) ;
#6851 = ADVANCED_FACE ( 'NONE', ( #2001 ), #146, .F. ) ;
#6852 = CARTESIAN_POINT ( 'NONE',  ( -164.7499999999997726, 0.000000000000000000, -26.99999999999398170 ) ) ;
#6853 = CYLINDRICAL_SURFACE ( 'NONE', #5158, 13.00000000000001066 ) ;
#6854 = CARTESIAN_POINT ( 'NONE',  ( -215.0000000000002274, 67.25000000000000000, -206.2928932188134468 ) ) ;
#6855 = ORIENTED_EDGE ( 'NONE', *, *, #3840, .T. ) ;
#6856 = DIRECTION ( 'NONE',  ( 0.000000000000000000, 1.000000000000000000, 3.491481338843134144E-15 ) ) ;
#6857 = EDGE_CURVE ( 'NONE', #1454, #623, #4950, .T. ) ;
#6858 = DIRECTION ( 'NONE',  ( -1.290957005378089075E-16, -3.301778511896375126E-15, -1.000000000000000000 ) ) ;
#6859 = FACE_OUTER_BOUND ( 'NONE', #1737, .T. ) ;
#6860 = VERTEX_POINT ( 'NONE', #787 ) ;
#6861 = VERTEX_POINT ( 'NONE', #2595 ) ;
#6862 = CARTESIAN_POINT ( 'NONE',  ( -19.99999999999995381, -1.734723475976807094E-15, -194.2928932188135320 ) ) ;
#6863 = CARTESIAN_POINT ( 'NONE',  ( -814.5000000000002274, 500.0000000000009095, 254.4336293856392786 ) ) ;
#6864 = DIRECTION ( 'NONE',  ( 0.000000000000000000, -1.000000000000000000, 0.000000000000000000 ) ) ;
#6865 = ADVANCED_FACE ( 'NONE', ( #4428 ), #3270, .F. ) ;
#6866 = ORIENTED_EDGE ( 'NONE', *, *, #6116, .T. ) ;
#6867 = VERTEX_POINT ( 'NONE', #4729 ) ;
#6868 = CARTESIAN_POINT ( 'NONE',  ( -8.000000000000000000, 60.00000000000000000, 160.5000000000031832 ) ) ;
#6869 = EDGE_LOOP ( 'NONE', ( #3456, #877 ) ) ;
#6870 = CARTESIAN_POINT ( 'NONE',  ( -2.775557561562893875E-14, 67.25000000000000000, -215.0000000000002274 ) ) ;
#6871 = CARTESIAN_POINT ( 'NONE',  ( -50.24999999999972289, -8.000000000000000000, -157.5857864376220050 ) ) ;
#6872 = VERTEX_POINT ( 'NONE', #450 ) ;
#6873 = LINE ( 'NONE', #7022, #3942 ) ;
#6874 = AXIS2_PLACEMENT_3D ( 'NONE', #5851, #3466, #1647 ) ;
#6875 =( LENGTH_UNIT ( ) NAMED_UNIT ( * ) SI_UNIT ( .MILLI., .METRE. ) );
#6876 = CARTESIAN_POINT ( 'NONE',  ( -50.24999999999972289, 2.000000000000000000, -157.5857864376220050 ) ) ;
#6877 = DIRECTION ( 'NONE',  ( 1.000000000000000000, 3.338921167859689429E-15, 5.916456789157586789E-31 ) ) ;
#6878 = ORIENTED_EDGE ( 'NONE', *, *, #7208, .T. ) ;
#6879 = FACE_OUTER_BOUND ( 'NONE', #2616, .T. ) ;
#6880 = ORIENTED_EDGE ( 'NONE', *, *, #5922, .T. ) ;
#6881 = AXIS2_PLACEMENT_3D ( 'NONE', #3101, #92, #4340 ) ;
#6882 = EDGE_CURVE ( 'NONE', #2607, #7042, #7141, .T. ) ;
#6883 = ADVANCED_FACE ( 'NONE', ( #2826 ), #5213, .F. ) ;
#6884 = CARTESIAN_POINT ( 'NONE',  ( 99.99999999999997158, 369.9999999999994884, 7.999999999999651834 ) ) ;
#6885 = ORIENTED_EDGE ( 'NONE', *, *, #1137, .F. ) ;
#6886 = LINE ( 'NONE', #156, #1622 ) ;
#6887 = VECTOR ( 'NONE', #7262, 1000.000000000000000 ) ;
#6888 = CARTESIAN_POINT ( 'NONE',  ( 0.000000000000000000, 0.000000000000000000, 0.000000000000000000 ) ) ;
#6889 = CARTESIAN_POINT ( 'NONE',  ( -206.2928932188135889, 10.46679555759147817, -214.9558754459629029 ) ) ;
#6890 = EDGE_LOOP ( 'NONE', ( #5129, #7047, #1001, #3366 ) ) ;
#6891 = EDGE_CURVE ( 'NONE', #5266, #7179, #6343, .T. ) ;
#6892 = EDGE_CURVE ( 'NONE', #4003, #1385, #7708, .T. ) ;
#6893 = DIRECTION ( 'NONE',  ( -0.000000000000000000, -1.000000000000000000, 3.491481338843132961E-15 ) ) ;
#6894 = AXIS2_PLACEMENT_3D ( 'NONE', #4133, #2306, #7748 ) ;
#6895 = DIRECTION ( 'NONE',  ( -1.000000000000000000, 0.000000000000000000, 0.000000000000000000 ) ) ;
#6896 = ORIENTED_EDGE ( 'NONE', *, *, #5556, .F. ) ;
#6897 = LINE ( 'NONE', #7376, #3651 ) ;
#6898 = CARTESIAN_POINT ( 'NONE',  ( 11.99999999999995559, 430.0000000000000568, 207.0000000000000284 ) ) ;
#6899 = ORIENTED_EDGE ( 'NONE', *, *, #3257, .T. ) ;
#6900 = ORIENTED_EDGE ( 'NONE', *, *, #3135, .T. ) ;
#6901 = CARTESIAN_POINT ( 'NONE',  ( -166.2928932188135605, 55.25000000000000711, -207.0000000000001421 ) ) ;
#6902 = DIRECTION ( 'NONE',  ( 0.000000000000000000, 0.000000000000000000, -1.000000000000000000 ) ) ;
#6903 = CARTESIAN_POINT ( 'NONE',  ( 11.99999999999995737, 430.0000000000000000, -4.169946658411192145E-14 ) ) ;
#6904 = ORIENTED_EDGE ( 'NONE', *, *, #7719, .T. ) ;
#6905 = ORIENTED_EDGE ( 'NONE', *, *, #6219, .F. ) ;
#6906 = DIRECTION ( 'NONE',  ( 0.000000000000000000, -4.270088556250023661E-15, -1.000000000000000000 ) ) ;
#6907 = ORIENTED_EDGE ( 'NONE', *, *, #405, .F. ) ;
#6908 = CARTESIAN_POINT ( 'NONE',  ( 11.99999999999995559, 0.000000000000000000, 207.0000000000000284 ) ) ;
#6909 = DIRECTION ( 'NONE',  ( 1.000000000000000000, 0.000000000000000000, 0.000000000000000000 ) ) ;
#6910 = CARTESIAN_POINT ( 'NONE',  ( -640.0000000000000000, -2.775557561562891351E-13, 34.43362938563920750 ) ) ;
#6911 = ORIENTED_EDGE ( 'NONE', *, *, #6251, .F. ) ;
#6912 = STYLED_ITEM ( 'NONE', ( #4468 ), #4823 ) ;
#6913 = CARTESIAN_POINT ( 'NONE',  ( -1135.500000000001364, 422.5663706143603235, 382.0000000000001137 ) ) ;
#6914 = FACE_OUTER_BOUND ( 'NONE', #4465, .T. ) ;
#6915 = ORIENTED_EDGE ( 'NONE', *, *, #6122, .F. ) ;
#6916 = LINE ( 'NONE', #390, #7667 ) ;
#6917 = ORIENTED_EDGE ( 'NONE', *, *, #2529, .F. ) ;
#6918 = ORIENTED_EDGE ( 'NONE', *, *, #4576, .F. ) ;
#6919 = AXIS2_PLACEMENT_3D ( 'NONE', #2691, #4514, #5739 ) ;
#6920 = UNCERTAINTY_MEASURE_WITH_UNIT (LENGTH_MEASURE( 1.000000000000000082E-05 ), #2772, 'distance_accuracy_value', 'NONE');
#6921 = ORIENTED_EDGE ( 'NONE', *, *, #3552, .T. ) ;
#6922 = FACE_OUTER_BOUND ( 'NONE', #306, .T. ) ;
#6923 = DIRECTION ( 'NONE',  ( -1.000000000000000000, 0.000000000000000000, 0.000000000000000000 ) ) ;
#6924 = ADVANCED_FACE ( 'NONE', ( #7783 ), #3538, .F. ) ;
#6925 = LINE ( 'NONE', #1578, #128 ) ;
#6926 = AXIS2_PLACEMENT_3D ( 'NONE', #3570, #7287, #2933 ) ;
#6927 = VERTEX_POINT ( 'NONE', #1639 ) ;
#6928 = VECTOR ( 'NONE', #467, 1000.000000000000000 ) ;
#6929 = EDGE_LOOP ( 'NONE', ( #2629, #5500 ) ) ;
#6930 = DIRECTION ( 'NONE',  ( 0.000000000000000000, 0.000000000000000000, -1.000000000000000000 ) ) ;
#6931 = SURFACE_STYLE_FILL_AREA ( #5745 ) ;
#6932 = CARTESIAN_POINT ( 'NONE',  ( -19.99999999999995737, 11.99999999999999822, -206.2928932188135605 ) ) ;
#6933 = VECTOR ( 'NONE', #3962, 1000.000000000000000 ) ;
#6934 = AXIS2_PLACEMENT_3D ( 'NONE', #6623, #1308, #12 ) ;
#6935 = CARTESIAN_POINT ( 'NONE',  ( 87.00000000000321165, 59.99999999999949551, 207.0000000000002842 ) ) ;
#6936 = EDGE_CURVE ( 'NONE', #3741, #91, #529, .T. ) ;
#6937 = EDGE_CURVE ( 'NONE', #4441, #3052, #4696, .T. ) ;
#6938 = CARTESIAN_POINT ( 'NONE',  ( -300.0000000000000000, 464.9999999999999432, 0.000000000000000000 ) ) ;
#6939 = ORIENTED_EDGE ( 'NONE', *, *, #336, .F. ) ;
#6940 = VERTEX_POINT ( 'NONE', #1120 ) ;
#6941 = CIRCLE ( 'NONE', #233, 13.00000000000001066 ) ;
#6942 = VECTOR ( 'NONE', #803, 1000.000000000000000 ) ;
#6943 = CARTESIAN_POINT ( 'NONE',  ( -699.9999999999985221, 430.5663706143598688, 254.4336293856407281 ) ) ;
#6944 = FACE_OUTER_BOUND ( 'NONE', #1595, .T. ) ;
#6945 = LINE ( 'NONE', #849, #307 ) ;
#6946 = AXIS2_PLACEMENT_3D ( 'NONE', #1674, #1004, #5792 ) ;
#6947 = ADVANCED_FACE ( 'NONE', ( #2342 ), #7066, .F. ) ;
#6948 = ORIENTED_EDGE ( 'NONE', *, *, #609, .F. ) ;
#6949 = AXIS2_PLACEMENT_3D ( 'NONE', #6503, #3655, #2934 ) ;
#6950 = CARTESIAN_POINT ( 'NONE',  ( 207.0000000000000000, 0.000000000000000000, 215.0000000000007105 ) ) ;
#6951 = VERTEX_POINT ( 'NONE', #2307 ) ;
#6952 = AXIS2_PLACEMENT_3D ( 'NONE', #5078, #6188, #2608 ) ;
#6953 = CARTESIAN_POINT ( 'NONE',  ( -20.70710678118654258, 0.000000000000000000, -194.2928932188135320 ) ) ;
#6954 = DIRECTION ( 'NONE',  ( 0.000000000000000000, -1.000000000000000000, 0.000000000000000000 ) ) ;
#6955 = FACE_OUTER_BOUND ( 'NONE', #1261, .T. ) ;
#6956 = ORIENTED_EDGE ( 'NONE', *, *, #2337, .T. ) ;
#6957 = EDGE_CURVE ( 'NONE', #7811, #1306, #4136, .T. ) ;
#6958 = CIRCLE ( 'NONE', #7343, 13.00000000000001066 ) ;
#6959 = CARTESIAN_POINT ( 'NONE',  ( -8.707106781186524813, 10.46679555759156521, -214.9558754459629313 ) ) ;
#6960 = CARTESIAN_POINT ( 'NONE',  ( 0.000000000000000000, 60.00000000000000000, 67.50000000000319744 ) ) ;
#6961 = ORIENTED_EDGE ( 'NONE', *, *, #1105, .T. ) ;
#6962 = CARTESIAN_POINT ( 'NONE',  ( -1135.500000000000227, 430.5663706143591867, 72.00000000000011369 ) ) ;
#6963 = VERTEX_POINT ( 'NONE', #6544 ) ;
#6964 = VECTOR ( 'NONE', #7154, 1000.000000000000000 ) ;
#6965 = VERTEX_POINT ( 'NONE', #4614 ) ;
#6966 = EDGE_CURVE ( 'NONE', #4536, #6495, #6873, .T. ) ;
#6967 = DIRECTION ( 'NONE',  ( 0.000000000000000000, 1.000000000000000000, 0.000000000000000000 ) ) ;
#6968 = CARTESIAN_POINT ( 'NONE',  ( -50.24999999999891287, -8.000000000000000000, -39.99999999999495515 ) ) ;
#6969 = VERTEX_POINT ( 'NONE', #7109 ) ;
#6970 = LINE ( 'NONE', #3399, #1643 ) ;
#6971 = AXIS2_PLACEMENT_3D ( 'NONE', #1083, #5916, #5400 ) ;
#6972 = ORIENTED_EDGE ( 'NONE', *, *, #3113, .F. ) ;
#6973 = ORIENTED_EDGE ( 'NONE', *, *, #320, .F. ) ;
#6974 = DIRECTION ( 'NONE',  ( -0.000000000000000000, 1.000000000000000000, -0.000000000000000000 ) ) ;
#6975 = FACE_OUTER_BOUND ( 'NONE', #515, .T. ) ;
#6976 = FACE_OUTER_BOUND ( 'NONE', #7353, .T. ) ;
#6977 = PRODUCT_RELATED_PRODUCT_CATEGORY ( 'part', '', ( #2952 ) ) ;
#6978 = ORIENTED_EDGE ( 'NONE', *, *, #1715, .F. ) ;
#6979 = CARTESIAN_POINT ( 'NONE',  ( -19.99999999999995737, -8.000000000000000000, 2.449293598294701385E-15 ) ) ;
#6980 = CARTESIAN_POINT ( 'NONE',  ( 99.99999999999997158, 369.9999999999994884, -7.216449660063517513E-13 ) ) ;
#6981 = ORIENTED_EDGE ( 'NONE', *, *, #2314, .T. ) ;
#6982 = ORIENTED_EDGE ( 'NONE', *, *, #6315, .T. ) ;
#6983 = FACE_OUTER_BOUND ( 'NONE', #2040, .T. ) ;
#6984 = CARTESIAN_POINT ( 'NONE',  ( 154.0000000000031832, 60.00000000000005684, 215.0000000000000000 ) ) ;
#6985 = EDGE_CURVE ( 'NONE', #7538, #7179, #4102, .T. ) ;
#6986 = EDGE_CURVE ( 'NONE', #3450, #1325, #1531, .T. ) ;
#6987 = CARTESIAN_POINT ( 'NONE',  ( -700.0000000000000000, 422.5663706143603235, 389.4336293856408133 ) ) ;
#6988 = ORIENTED_EDGE ( 'NONE', *, *, #2337, .F. ) ;
#6989 = ADVANCED_BREP_SHAPE_REPRESENTATION ( '', ( #6076, #2120 ), #5296 ) ;
#6990 = CARTESIAN_POINT ( 'NONE',  ( -639.9999999999998863, 464.9999999999998863, 429.4336293856406996 ) ) ;
#6991 = VERTEX_POINT ( 'NONE', #7631 ) ;
#6992 = DIRECTION ( 'NONE',  ( -0.000000000000000000, -1.000000000000000000, 0.000000000000000000 ) ) ;
#6993 = DIRECTION ( 'NONE',  ( -0.000000000000000000, -0.000000000000000000, -1.000000000000000000 ) ) ;
#6994 = EDGE_CURVE ( 'NONE', #44, #4004, #7666, .T. ) ;
#6995 = DIRECTION ( 'NONE',  ( 1.000000000000000000, 0.000000000000000000, 0.000000000000000000 ) ) ;
#6996 = ORIENTED_EDGE ( 'NONE', *, *, #2923, .F. ) ;
#6997 = DIRECTION ( 'NONE',  ( 0.000000000000000000, 0.000000000000000000, -1.000000000000000000 ) ) ;
#6998 = CARTESIAN_POINT ( 'NONE',  ( -77.50000000000324007, 47.43362938564082754, 69.43362938564074227 ) ) ;
#6999 = VERTEX_POINT ( 'NONE', #2861 ) ;
#7000 = CYLINDRICAL_SURFACE ( 'NONE', #3866, 12.99999999999979039 ) ;
#7001 = ORIENTED_EDGE ( 'NONE', *, *, #4959, .F. ) ;
#7002 = VERTEX_POINT ( 'NONE', #3460 ) ;
#7003 = DIRECTION ( 'NONE',  ( 0.000000000000000000, 0.000000000000000000, 1.000000000000000000 ) ) ;
#7004 = FACE_OUTER_BOUND ( 'NONE', #2506, .T. ) ;
#7005 = VERTEX_POINT ( 'NONE', #5881 ) ;
#7006 = CARTESIAN_POINT ( 'NONE',  ( 0.000000000000000000, 430.5663706143604941, 429.4336293856406428 ) ) ;
#7007 = ORIENTED_EDGE ( 'NONE', *, *, #1448, .F. ) ;
#7008 = ORIENTED_EDGE ( 'NONE', *, *, #670, .F. ) ;
#7009 = CYLINDRICAL_SURFACE ( 'NONE', #6331, 13.00000000000003908 ) ;
#7010 = DIRECTION ( 'NONE',  ( 0.000000000000000000, -3.491481338843133355E-15, -1.000000000000000000 ) ) ;
#7011 = CARTESIAN_POINT ( 'NONE',  ( 167.0000000000032117, 60.00000000000005684, 215.0000000000000000 ) ) ;
#7012 = AXIS2_PLACEMENT_3D ( 'NONE', #1472, #6436, #5680 ) ;
#7013 = ORIENTED_EDGE ( 'NONE', *, *, #1822, .T. ) ;
#7014 = LINE ( 'NONE', #4606, #2883 ) ;
#7015 = FACE_OUTER_BOUND ( 'NONE', #4958, .T. ) ;
#7016 = ORIENTED_EDGE ( 'NONE', *, *, #7125, .T. ) ;
#7017 = ORIENTED_EDGE ( 'NONE', *, *, #5450, .T. ) ;
#7018 = CIRCLE ( 'NONE', #1321, 10.00000000000000000 ) ;
#7019 = DIRECTION ( 'NONE',  ( -1.000000000000000000, -0.000000000000000000, -0.000000000000000000 ) ) ;
#7020 = CARTESIAN_POINT ( 'NONE',  ( -77.50000000000001421, 357.4336293856408133, -8.000000000000000000 ) ) ;
#7021 = CARTESIAN_POINT ( 'NONE',  ( -10.00000000000007105, -8.000000000000000000, 1.152819845712018057E-15 ) ) ;
#7022 = CARTESIAN_POINT ( 'NONE',  ( -164.7499999999997726, 2.000000000000000000, -52.99999999999398881 ) ) ;
#7023 = VECTOR ( 'NONE', #3390, 1000.000000000000000 ) ;
#7024 = VERTEX_POINT ( 'NONE', #5286 ) ;
#7025 = EDGE_CURVE ( 'NONE', #2790, #2431, #5581, .T. ) ;
#7026 = CARTESIAN_POINT ( 'NONE',  ( -814.5000000000000000, 430.5663706143602667, 376.4336293856399607 ) ) ;
#7027 = EDGE_LOOP ( 'NONE', ( #4516, #6978 ) ) ;
#7028 = DIRECTION ( 'NONE',  ( 0.000000000000000000, -0.000000000000000000, 1.000000000000000000 ) ) ;
#7029 = DIRECTION ( 'NONE',  ( -1.000000000000000000, 0.000000000000000000, -0.000000000000000000 ) ) ;
#7030 = CARTESIAN_POINT ( 'NONE',  ( 11.99999999999995559, 430.0000000000000568, 195.0000000000000000 ) ) ;
#7031 = ORIENTED_EDGE ( 'NONE', *, *, #5517, .F. ) ;
#7032 = CARTESIAN_POINT ( 'NONE',  ( -827.4999999999995453, 174.9999999999998863, -8.000000000000000000 ) ) ;
#7033 = EDGE_CURVE ( 'NONE', #5393, #7261, #1999, .T. ) ;
#7034 = EDGE_CURVE ( 'NONE', #1313, #5341, #4534, .T. ) ;
#7035 = CARTESIAN_POINT ( 'NONE',  ( -1055.500000000000000, 500.0000000000002274, 71.99999999999988631 ) ) ;
#7036 = ORIENTED_EDGE ( 'NONE', *, *, #1506, .F. ) ;
#7037 = CARTESIAN_POINT ( 'NONE',  ( -20.70710678118654258, 0.000000000000000000, 0.000000000000000000 ) ) ;
#7038 = EDGE_LOOP ( 'NONE', ( #7460, #2051 ) ) ;
#7039 = AXIS2_PLACEMENT_3D ( 'NONE', #922, #3329, #5746 ) ;
#7040 = CARTESIAN_POINT ( 'NONE',  ( -385.4999999999999432, 39.99999999999987210, -8.000000000000000000 ) ) ;
#7041 = CARTESIAN_POINT ( 'NONE',  ( 74.00000000000319744, 59.99999999999949551, 7.999999999999741540 ) ) ;
#7042 = VERTEX_POINT ( 'NONE', #607 ) ;
#7043 = EDGE_CURVE ( 'NONE', #1787, #4750, #7178, .T. ) ;
#7044 = DIRECTION ( 'NONE',  ( 1.000000000000000000, 0.000000000000000000, 0.000000000000000000 ) ) ;
#7045 = ORIENTED_EDGE ( 'NONE', *, *, #5481, .T. ) ;
#7046 =( GEOMETRIC_REPRESENTATION_CONTEXT ( 3 ) GLOBAL_UNCERTAINTY_ASSIGNED_CONTEXT ( ( #584 ) ) GLOBAL_UNIT_ASSIGNED_CONTEXT ( ( #6875, #1964, #6843 ) ) REPRESENTATION_CONTEXT ( 'NONE', 'WORKASPACE' ) );
#7047 = ORIENTED_EDGE ( 'NONE', *, *, #5205, .T. ) ;
#7048 = PLANE ( 'NONE',  #4185 ) ;
#7049 = DIRECTION ( 'NONE',  ( 1.000000000000000000, 0.000000000000000000, -3.469446951953614583E-15 ) ) ;
#7050 = PLANE ( 'NONE',  #7039 ) ;
#7051 = ORIENTED_EDGE ( 'NONE', *, *, #7286, .T. ) ;
#7052 = LINE ( 'NONE', #2251, #5438 ) ;
#7053 = LINE ( 'NONE', #957, #6303 ) ;
#7054 = CIRCLE ( 'NONE', #5026, 13.00000000000000533 ) ;
#7055 = CIRCLE ( 'NONE', #3899, 13.00000000000000533 ) ;
#7056 = FACE_OUTER_BOUND ( 'NONE', #5800, .T. ) ;
#7057 = ORIENTED_EDGE ( 'NONE', *, *, #1929, .F. ) ;
#7058 = ORIENTED_EDGE ( 'NONE', *, *, #1638, .F. ) ;
#7059 = DIRECTION ( 'NONE',  ( -1.000000000000000000, -0.000000000000000000, -0.000000000000000000 ) ) ;
#7060 = VECTOR ( 'NONE', #5174, 1000.000000000000000 ) ;
#7061 = VECTOR ( 'NONE', #4489, 1000.000000000000000 ) ;
#7062 = AXIS2_PLACEMENT_3D ( 'NONE', #4394, #3281, #7529 ) ;
#7063 = VECTOR ( 'NONE', #7506, 1000.000000000000000 ) ;
#7064 = CARTESIAN_POINT ( 'NONE',  ( 0.000000000000000000, 370.0000000000000000, 54.49999999999995737 ) ) ;
#7065 = FACE_BOUND ( 'NONE', #1800, .T. ) ;
#7066 = CYLINDRICAL_SURFACE ( 'NONE', #7351, 13.00000000000003908 ) ;
#7067 = EDGE_CURVE ( 'NONE', #3047, #1102, #16, .T. ) ;
#7068 = AXIS2_PLACEMENT_3D ( 'NONE', #7236, #4973, #3680 ) ;
#7069 = ORIENTED_EDGE ( 'NONE', *, *, #3376, .F. ) ;
#7070 = MECHANICAL_DESIGN_GEOMETRIC_PRESENTATION_REPRESENTATION (  '', ( #5305 ), #997 ) ;
#7071 = DIRECTION ( 'NONE',  ( -1.000000000000000000, 0.000000000000000000, 0.000000000000000000 ) ) ;
#7072 = DIRECTION ( 'NONE',  ( -1.000000000000000000, 0.000000000000000000, 0.000000000000000000 ) ) ;
#7073 = FACE_OUTER_BOUND ( 'NONE', #6702, .T. ) ;
#7074 = DIRECTION ( 'NONE',  ( -0.000000000000000000, -1.000000000000000000, 3.491481338843132961E-15 ) ) ;
#7075 = VECTOR ( 'NONE', #6834, 1000.000000000000000 ) ;
#7076 = FACE_OUTER_BOUND ( 'NONE', #173, .T. ) ;
#7077 = PRODUCT_RELATED_PRODUCT_CATEGORY ( 'part', '', ( #625 ) ) ;
#7078 = AXIS2_PLACEMENT_3D ( 'NONE', #6094, #3629, #6600 ) ;
#7079 = DIRECTION ( 'NONE',  ( 0.000000000000000000, 0.000000000000000000, 1.000000000000000000 ) ) ;
#7080 = AXIS2_PLACEMENT_3D ( 'NONE', #4184, #4337, #6120 ) ;
#7081 = VERTEX_POINT ( 'NONE', #2423 ) ;
#7082 = CYLINDRICAL_SURFACE ( 'NONE', #7321, 13.00000000000001066 ) ;
#7083 = ORIENTED_EDGE ( 'NONE', *, *, #6157, .T. ) ;
#7084 = CIRCLE ( 'NONE', #2154, 12.99999999999990052 ) ;
#7085 = EDGE_CURVE ( 'NONE', #5988, #838, #7833, .T. ) ;
#7086 = EDGE_CURVE ( 'NONE', #6675, #3219, #2376, .T. ) ;
#7087 = AXIS2_PLACEMENT_3D ( 'NONE', #2858, #5210, #7626 ) ;
#7088 = CYLINDRICAL_SURFACE ( 'NONE', #611, 13.00000000000001066 ) ;
#7089 = CARTESIAN_POINT ( 'NONE',  ( -19.99999999999995737, -1.734723475976807094E-15, 0.000000000000000000 ) ) ;
#7090 = VERTEX_POINT ( 'NONE', #129 ) ;
#7091 = FACE_OUTER_BOUND ( 'NONE', #2844, .T. ) ;
#7092 = AXIS2_PLACEMENT_3D ( 'NONE', #1295, #6764, #746 ) ;
#7093 = ORIENTED_EDGE ( 'NONE', *, *, #5255, .T. ) ;
#7094 = ORIENTED_EDGE ( 'NONE', *, *, #6404, .F. ) ;
#7095 = CIRCLE ( 'NONE', #2275, 13.00000000000001066 ) ;
#7096 = FACE_OUTER_BOUND ( 'NONE', #4885, .T. ) ;
#7097 = ORIENTED_EDGE ( 'NONE', *, *, #4244, .T. ) ;
#7098 = ADVANCED_FACE ( 'NONE', ( #6667 ), #7342, .F. ) ;
#7099 = ORIENTED_EDGE ( 'NONE', *, *, #30, .T. ) ;
#7100 = DIRECTION ( 'NONE',  ( 0.7071067811865476838, 2.468850131082265344E-15, -0.7071067811865473507 ) ) ;
#7101 = AXIS2_PLACEMENT_3D ( 'NONE', #2710, #380, #3117 ) ;
#7102 = CARTESIAN_POINT ( 'NONE',  ( -700.0000000000000000, 430.5663706143602667, 376.4336293856407565 ) ) ;
#7103 = ORIENTED_EDGE ( 'NONE', *, *, #46, .F. ) ;
#7104 = ORIENTED_EDGE ( 'NONE', *, *, #3437, .T. ) ;
#7105 = CYLINDRICAL_SURFACE ( 'NONE', #3922, 10.00000000000000000 ) ;
#7106 = LINE ( 'NONE', #5245, #4151 ) ;
#7107 = ADVANCED_FACE ( 'NONE', ( #4255, #6033, #3134, #4924, #4332, #1235, #1311, #1163, #2977, #1792, #3017, #5557, #7255, #3579, #2460, #5995, #4765 ), #4883, .T. ) ;
#7108 = FACE_BOUND ( 'NONE', #5428, .T. ) ;
#7109 = CARTESIAN_POINT ( 'NONE',  ( -500.0000000000000000, 422.5663706143602667, 376.4336293856408133 ) ) ;
#7110 = EDGE_LOOP ( 'NONE', ( #2731, #7250, #240, #4471 ) ) ;
#7111 = CARTESIAN_POINT ( 'NONE',  ( 3.053113317719180486E-13, 42.25000000000071765, -166.2928932188134752 ) ) ;
#7112 = DIRECTION ( 'NONE',  ( -1.000000000000000000, 0.000000000000000000, 0.000000000000000000 ) ) ;
#7113 = DIRECTION ( 'NONE',  ( -0.000000000000000000, -1.000000000000000000, 3.491481338843132961E-15 ) ) ;
#7114 = DIRECTION ( 'NONE',  ( -1.000000000000000000, -3.295974604355930718E-15, 0.000000000000000000 ) ) ;
#7115 = CARTESIAN_POINT ( 'NONE',  ( 153.9999999999999716, 370.0000000000000568, 215.0000000000000000 ) ) ;
#7116 = CARTESIAN_POINT ( 'NONE',  ( -144.5000000000000284, 357.4336293856408133, 69.43362938564074227 ) ) ;
#7117 = ORIENTED_EDGE ( 'NONE', *, *, #3476, .F. ) ;
#7118 = LINE ( 'NONE', #7037, #1495 ) ;
#7119 = EDGE_LOOP ( 'NONE', ( #1414, #3819, #1589, #1968 ) ) ;
#7120 = APPLICATION_CONTEXT ( 'automotive_design' ) ;
#7121 = DIRECTION ( 'NONE',  ( 1.084202172485505420E-16, 3.491481338843133355E-15, 1.000000000000000000 ) ) ;
#7122 = DIRECTION ( 'NONE',  ( 0.000000000000000000, 0.000000000000000000, -1.000000000000000000 ) ) ;
#7123 = DIRECTION ( 'NONE',  ( -0.000000000000000000, -0.000000000000000000, -1.000000000000000000 ) ) ;
#7124 = VERTEX_POINT ( 'NONE', #7222 ) ;
#7125 = EDGE_CURVE ( 'NONE', #5227, #1662, #6627, .T. ) ;
#7126 = VERTEX_POINT ( 'NONE', #5441 ) ;
#7127 = CARTESIAN_POINT ( 'NONE',  ( -1055.500000000001137, 430.5663706143602667, 369.0000000000002842 ) ) ;
#7128 = CARTESIAN_POINT ( 'NONE',  ( 74.00000000000319744, 59.99999999999949551, -7.216449660063517513E-13 ) ) ;
#7129 = DIRECTION ( 'NONE',  ( 3.312679586204116592E-15, 5.975107548857277613E-16, 1.000000000000000000 ) ) ;
#7130 = VERTEX_POINT ( 'NONE', #3664 ) ;
#7131 = CARTESIAN_POINT ( 'NONE',  ( 153.9999999999999716, 370.0000000000000568, -7.216449660063517513E-13 ) ) ;
#7132 = CARTESIAN_POINT ( 'NONE',  ( -487.0000000000000000, 39.99999999999987210, 2.000000000000000000 ) ) ;
#7133 = EDGE_LOOP ( 'NONE', ( #139, #3334 ) ) ;
#7134 = ORIENTED_EDGE ( 'NONE', *, *, #6164, .F. ) ;
#7135 = EDGE_CURVE ( 'NONE', #2958, #7203, #7345, .T. ) ;
#7136 = ADVANCED_FACE ( 'NONE', ( #4369 ), #1507, .F. ) ;
#7137 = DIRECTION ( 'NONE',  ( -0.000000000000000000, 1.000000000000000000, -0.000000000000000000 ) ) ;
#7138 = AXIS2_PLACEMENT_3D ( 'NONE', #4933, #7384, #1836 ) ;
#7139 = DIRECTION ( 'NONE',  ( -1.000000000000000000, -0.000000000000000000, 0.000000000000000000 ) ) ;
#7140 = DIRECTION ( 'NONE',  ( -0.000000000000000000, 1.000000000000000000, -3.491481338843133355E-15 ) ) ;
#7141 = LINE ( 'NONE', #5798, #2168 ) ;
#7142 = EDGE_LOOP ( 'NONE', ( #7615, #21, #2093, #1352 ) ) ;
#7143 = VECTOR ( 'NONE', #1943, 1000.000000000000000 ) ;
#7144 = CARTESIAN_POINT ( 'NONE',  ( -20.70710678118652837, -4.545684236434899717, -206.4946715356963125 ) ) ;
#7145 = CARTESIAN_POINT ( 'NONE',  ( 154.0000000000031832, 60.00000000000005684, 207.0000000000005116 ) ) ;
#7146 = CARTESIAN_POINT ( 'NONE',  ( -500.0000000000014211, 430.5663706143598688, 254.4336293856407281 ) ) ;
#7147 = DIRECTION ( 'NONE',  ( 0.000000000000000000, 0.000000000000000000, -1.000000000000000000 ) ) ;
#7148 = CARTESIAN_POINT ( 'NONE',  ( 0.000000000000000000, 0.000000000000000000, -8.000000000000000000 ) ) ;
#7149 = CARTESIAN_POINT ( 'NONE',  ( -19.99999999999995737, -8.000000000000000000, -194.2928932188135320 ) ) ;
#7150 = AXIS2_PLACEMENT_3D ( 'NONE', #1138, #7797, #7193 ) ;
#7151 = ORIENTED_EDGE ( 'NONE', *, *, #7234, .F. ) ;
#7152 = LINE ( 'NONE', #1725, #3911 ) ;
#7153 = ORIENTED_EDGE ( 'NONE', *, *, #6891, .F. ) ;
#7154 = DIRECTION ( 'NONE',  ( -0.000000000000000000, -0.000000000000000000, 1.000000000000000000 ) ) ;
#7155 = SURFACE_STYLE_FILL_AREA ( #2480 ) ;
#7156 = CARTESIAN_POINT ( 'NONE',  ( -372.4999999999999432, 39.99999999999987210, 2.000000000000000000 ) ) ;
#7157 = EDGE_CURVE ( 'NONE', #397, #6951, #2613, .T. ) ;
#7158 = DIRECTION ( 'NONE',  ( -0.000000000000000000, -1.000000000000000000, 3.491481338843133355E-15 ) ) ;
#7159 = VERTEX_POINT ( 'NONE', #166 ) ;
#7160 = CIRCLE ( 'NONE', #4008, 13.00000000000000533 ) ;
#7161 = ORIENTED_EDGE ( 'NONE', *, *, #7274, .F. ) ;
#7162 = DIRECTION ( 'NONE',  ( -0.000000000000000000, -1.000000000000000000, 3.491481338843133355E-15 ) ) ;
#7163 = FACE_BOUND ( 'NONE', #4111, .T. ) ;
#7164 = EDGE_CURVE ( 'NONE', #2950, #3069, #618, .T. ) ;
#7165 = EDGE_LOOP ( 'NONE', ( #3237, #2302, #5215, #683 ) ) ;
#7166 = CARTESIAN_POINT ( 'NONE',  ( 0.000000000000000000, 442.5663706143591298, 12.00000000000000000 ) ) ;
#7167 = COLOUR_RGB ( '',0.7921568627450980005, 0.8196078431372548767, 0.9333333333333333481 ) ;
#7168 = CARTESIAN_POINT ( 'NONE',  ( -347.0000000000000568, 464.9999999999998863, 0.000000000000000000 ) ) ;
#7169 = ORIENTED_EDGE ( 'NONE', *, *, #1486, .F. ) ;
#7170 = EDGE_LOOP ( 'NONE', ( #6168, #2547, #4934, #4760, #1668, #3692 ) ) ;
#7171 = LINE ( 'NONE', #2420, #379 ) ;
#7172 = DIRECTION ( 'NONE',  ( -2.137915722948478865E-31, -6.123233995736766036E-17, 1.000000000000000000 ) ) ;
#7173 = DIRECTION ( 'NONE',  ( 0.000000000000000000, 0.000000000000000000, 1.000000000000000000 ) ) ;
#7174 = FACE_BOUND ( 'NONE', #6238, .T. ) ;
#7175 = VECTOR ( 'NONE', #5110, 1000.000000000000000 ) ;
#7176 = ADVANCED_FACE ( 'NONE', ( #3178 ), #5629, .T. ) ;
#7177 = EDGE_CURVE ( 'NONE', #7643, #2839, #1629, .T. ) ;
#7178 = LINE ( 'NONE', #4178, #996 ) ;
#7179 = VERTEX_POINT ( 'NONE', #200 ) ;
#7180 = VECTOR ( 'NONE', #65, 1000.000000000000000 ) ;
#7181 = CIRCLE ( 'NONE', #7704, 12.99999999999979039 ) ;
#7182 = AXIS2_PLACEMENT_3D ( 'NONE', #2378, #6779, #4803 ) ;
#7183 = DIRECTION ( 'NONE',  ( 1.000000000000000000, 0.000000000000000000, 0.000000000000000000 ) ) ;
#7184 = DIRECTION ( 'NONE',  ( 0.000000000000000000, -0.000000000000000000, 1.000000000000000000 ) ) ;
#7185 = LINE ( 'NONE', #2346, #1276 ) ;
#7186 = CARTESIAN_POINT ( 'NONE',  ( -385.4999999999999432, 39.99999999999987210, -8.000000000000000000 ) ) ;
#7187 = CARTESIAN_POINT ( 'NONE',  ( -8.079249508497175825, 10.62315297896383370, -198.2928935521468929 ) ) ;
#7188 = ADVANCED_FACE ( 'NONE', ( #1391 ), #6350, .T. ) ;
#7189 = VECTOR ( 'NONE', #1785, 1000.000000000000000 ) ;
#7190 = VECTOR ( 'NONE', #1368, 1000.000000000000000 ) ;
#7191 = CARTESIAN_POINT ( 'NONE',  ( -207.0000000000000284, 11.99999999999995914, -206.2928932188135036 ) ) ;
#7192 = ORIENTED_EDGE ( 'NONE', *, *, #544, .T. ) ;
#7193 = DIRECTION ( 'NONE',  ( 0.000000000000000000, 0.000000000000000000, -1.000000000000000000 ) ) ;
#7194 = ORIENTED_EDGE ( 'NONE', *, *, #5385, .F. ) ;
#7195 = VECTOR ( 'NONE', #4422, 1000.000000000000000 ) ;
#7196 = AXIS2_PLACEMENT_3D ( 'NONE', #7030, #1602, #1480 ) ;
#7197 = CARTESIAN_POINT ( 'NONE',  ( 234.9999999999999432, 429.4336293856416091, -195.5663706143592151 ) ) ;
#7198 = FACE_BOUND ( 'NONE', #5614, .T. ) ;
#7199 = CIRCLE ( 'NONE', #5681, 13.00000000000000533 ) ;
#7200 = DIRECTION ( 'NONE',  ( -0.000000000000000000, 3.491481338843133355E-15, 1.000000000000000000 ) ) ;
#7201 = LINE ( 'NONE', #5942, #506 ) ;
#7202 = EDGE_LOOP ( 'NONE', ( #4619, #2327, #6377, #1541 ) ) ;
#7203 = VERTEX_POINT ( 'NONE', #1350 ) ;
#7204 = CIRCLE ( 'NONE', #5562, 13.00000000000001066 ) ;
#7205 = DIRECTION ( 'NONE',  ( 0.000000000000000000, -4.270088556250598741E-15, -1.000000000000000000 ) ) ;
#7206 = AXIS2_PLACEMENT_3D ( 'NONE', #5030, #7450, #2023 ) ;
#7207 = DIRECTION ( 'NONE',  ( 0.000000000000000000, 0.000000000000000000, 1.000000000000000000 ) ) ;
#7208 = EDGE_CURVE ( 'NONE', #1334, #7005, #2128, .T. ) ;
#7209 = CARTESIAN_POINT ( 'NONE',  ( 680.2499999999996589, 21.27347739554573991, 8.000000000004765965 ) ) ;
#7210 = ORIENTED_EDGE ( 'NONE', *, *, #4716, .F. ) ;
#7211 = DIRECTION ( 'NONE',  ( 0.000000000000000000, 4.270088556250671316E-15, 1.000000000000000000 ) ) ;
#7212 = AXIS2_PLACEMENT_3D ( 'NONE', #6417, #2215, #4597 ) ;
#7213 = FACE_OUTER_BOUND ( 'NONE', #1726, .T. ) ;
#7214 = VECTOR ( 'NONE', #3909, 1000.000000000000000 ) ;
#7215 = EDGE_LOOP ( 'NONE', ( #3628, #3848 ) ) ;
#7216 = ADVANCED_FACE ( 'NONE', ( #2026 ), #1427, .F. ) ;
#7217 = LINE ( 'NONE', #7291, #2655 ) ;
#7218 = AXIS2_PLACEMENT_3D ( 'NONE', #4316, #6058, #6729 ) ;
#7219 = CARTESIAN_POINT ( 'NONE',  ( 0.000000000000000000, 437.4336293856424618, -430.5663706143591867 ) ) ;
#7220 = AXIS2_PLACEMENT_3D ( 'NONE', #4106, #1797, #7830 ) ;
#7221 = PLANE ( 'NONE',  #6894 ) ;
#7222 = CARTESIAN_POINT ( 'NONE',  ( -204.9999999999999432, 0.000000000000000000, 2.363280683709619247E-14 ) ) ;
#7223 = ORIENTED_EDGE ( 'NONE', *, *, #6404, .T. ) ;
#7224 = EDGE_CURVE ( 'NONE', #7130, #4409, #1238, .T. ) ;
#7225 = EDGE_CURVE ( 'NONE', #6090, #2552, #6059, .T. ) ;
#7226 = FACE_OUTER_BOUND ( 'NONE', #3573, .T. ) ;
#7227 = DIRECTION ( 'NONE',  ( 0.000000000000000000, -4.270088556250591641E-15, 1.000000000000000000 ) ) ;
#7228 = CARTESIAN_POINT ( 'NONE',  ( -214.9558754459628744, 10.46679555759145686, -206.2928932188135036 ) ) ;
#7229 = CYLINDRICAL_SURFACE ( 'NONE', #5736, 12.99999999999990052 ) ;
#7230 = CYLINDRICAL_SURFACE ( 'NONE', #5251, 13.00000000000001066 ) ;
#7231 = EDGE_LOOP ( 'NONE', ( #4194, #5865 ) ) ;
#7232 = DIRECTION ( 'NONE',  ( 0.000000000000000000, -0.000000000000000000, 1.000000000000000000 ) ) ;
#7233 = ORIENTED_EDGE ( 'NONE', *, *, #6163, .T. ) ;
#7234 = EDGE_CURVE ( 'NONE', #5696, #1534, #6050, .T. ) ;
#7235 = EDGE_CURVE ( 'NONE', #2037, #3491, #2576, .T. ) ;
#7236 = CARTESIAN_POINT ( 'NONE',  ( 3.053113317719180486E-13, 42.25000000000071765, -166.2928932188134752 ) ) ;
#7237 = VERTEX_POINT ( 'NONE', #4964 ) ;
#7238 = CARTESIAN_POINT ( 'NONE',  ( -215.0000000000000284, 11.99999999999992895, 1.387778780781445676E-14 ) ) ;
#7239 = FACE_BOUND ( 'NONE', #6815, .T. ) ;
#7240 = CYLINDRICAL_SURFACE ( 'NONE', #539, 13.00000000000001066 ) ;
#7241 = FACE_OUTER_BOUND ( 'NONE', #6736, .T. ) ;
#7242 = VERTEX_POINT ( 'NONE', #5081 ) ;
#7243 = EDGE_LOOP ( 'NONE', ( #6751, #2659, #5510, #6524 ) ) ;
#7244 = CARTESIAN_POINT ( 'NONE',  ( -814.5000000000000000, 430.5663706143603804, 402.4336293856399607 ) ) ;
#7245 = DIRECTION ( 'NONE',  ( 0.000000000000000000, 0.000000000000000000, -1.000000000000000000 ) ) ;
#7246 = EDGE_LOOP ( 'NONE', ( #2250, #3250 ) ) ;
#7247 = DIRECTION ( 'NONE',  ( -0.000000000000000000, 1.000000000000000000, -3.491481338843133355E-15 ) ) ;
#7248 = LINE ( 'NONE', #4916, #1521 ) ;
#7249 = DIRECTION ( 'NONE',  ( -1.000000000000000000, 8.673617379884035472E-16, 0.000000000000000000 ) ) ;
#7250 = ORIENTED_EDGE ( 'NONE', *, *, #3883, .T. ) ;
#7251 = EDGE_CURVE ( 'NONE', #5918, #6287, #7500, .T. ) ;
#7252 = CARTESIAN_POINT ( 'NONE',  ( 11.99999999999995559, 0.000000000000000000, 195.0000000000000000 ) ) ;
#7253 = CYLINDRICAL_SURFACE ( 'NONE', #3007, 13.00000000000001066 ) ;
#7254 = DIRECTION ( 'NONE',  ( 0.000000000000000000, 4.270088556250591641E-15, -1.000000000000000000 ) ) ;
#7255 = FACE_BOUND ( 'NONE', #4268, .T. ) ;
#7256 = ORIENTED_EDGE ( 'NONE', *, *, #6122, .T. ) ;
#7257 = PRODUCT_DEFINITION_SHAPE ( 'NONE', 'NONE',  #7851 ) ;
#7258 = EDGE_CURVE ( 'NONE', #6940, #7285, #6897, .T. ) ;
#7259 = DIRECTION ( 'NONE',  ( 0.000000000000000000, 0.000000000000000000, -1.000000000000000000 ) ) ;
#7260 = CARTESIAN_POINT ( 'NONE',  ( -899.9999999999998863, 464.9999999999998863, -8.000000000000000000 ) ) ;
#7261 = VERTEX_POINT ( 'NONE', #5712 ) ;
#7262 = DIRECTION ( 'NONE',  ( -0.000000000000000000, -1.000000000000000000, -0.000000000000000000 ) ) ;
#7263 = AXIS2_PLACEMENT_3D ( 'NONE', #2584, #3786, #3183 ) ;
#7264 = ADVANCED_FACE ( 'NONE', ( #1464 ), #883, .T. ) ;
#7265 = ORIENTED_EDGE ( 'NONE', *, *, #7517, .T. ) ;
#7266 = CARTESIAN_POINT ( 'NONE',  ( -0.1320825141619859366, 9.705254964939722839, -198.2928935521468929 ) ) ;
#7267 = ORIENTED_EDGE ( 'NONE', *, *, #2184, .T. ) ;
#7268 = LINE ( 'NONE', #6676, #4920 ) ;
#7269 = EDGE_LOOP ( 'NONE', ( #2016, #212, #2256, #3295 ) ) ;
#7270 = CIRCLE ( 'NONE', #6265, 13.00000000000001066 ) ;
#7271 = PLANE ( 'NONE',  #6803 ) ;
#7272 = DIRECTION ( 'NONE',  ( -1.000000000000000000, 0.000000000000000000, 0.000000000000000000 ) ) ;
#7273 = FACE_BOUND ( 'NONE', #2066, .T. ) ;
#7274 = EDGE_CURVE ( 'NONE', #4723, #6747, #226, .T. ) ;
#7275 = EDGE_CURVE ( 'NONE', #6963, #236, #6680, .T. ) ;
#7276 = CIRCLE ( 'NONE', #4628, 13.00000000000001066 ) ;
#7277 = FACE_OUTER_BOUND ( 'NONE', #2395, .T. ) ;
#7278 = LINE ( 'NONE', #6137, #1395 ) ;
#7279 = ORIENTED_EDGE ( 'NONE', *, *, #300, .T. ) ;
#7280 = ORIENTED_EDGE ( 'NONE', *, *, #6628, .F. ) ;
#7281 = CARTESIAN_POINT ( 'NONE',  ( -8.707107281186509340, 10.62315297896399180, -206.9207504915028153 ) ) ;
#7282 = B_SPLINE_CURVE_WITH_KNOTS ( 'NONE', 3,
 ( #6257, #5703, #3880, #274, #1381, #3808, #1455, #5023, #119, #2566 ),
 .UNSPECIFIED., .F., .F.,
 ( 4, 2, 2, 2, 4 ),
 ( 0.000000000000000000, 0.2500000000000000000, 0.5000000000000000000, 0.7500000000000000000, 1.000000000000000000 ),
 .UNSPECIFIED. ) ;
#7283 = FACE_BOUND ( 'NONE', #6358, .T. ) ;
#7284 =( NAMED_UNIT ( * ) PLANE_ANGLE_UNIT ( ) SI_UNIT ( $, .RADIAN. ) );
#7285 = VERTEX_POINT ( 'NONE', #3451 ) ;
#7286 = EDGE_CURVE ( 'NONE', #7566, #1724, #7695, .T. ) ;
#7287 = DIRECTION ( 'NONE',  ( -0.1147372517530137331, -0.9933958742918985729, 0.000000000000000000 ) ) ;
#7288 = DIRECTION ( 'NONE',  ( 1.000000000000000000, 3.338921167859689429E-15, 5.916456789157586789E-31 ) ) ;
#7289 = CYLINDRICAL_SURFACE ( 'NONE', #3411, 13.00000000000003197 ) ;
#7290 = ORIENTED_EDGE ( 'NONE', *, *, #3607, .T. ) ;
#7291 = CARTESIAN_POINT ( 'NONE',  ( 0.000000000000000000, 437.4336293856406996, 69.43362938564074227 ) ) ;
#7292 = FACE_BOUND ( 'NONE', #2151, .T. ) ;
#7293 = CIRCLE ( 'NONE', #6665, 13.00000000000001066 ) ;
#7294 = CARTESIAN_POINT ( 'NONE',  ( -1055.500000000001137, 500.0000000000011937, 381.9999999999998295 ) ) ;
#7295 = EDGE_CURVE ( 'NONE', #938, #6289, #1108, .T. ) ;
#7296 = PRESENTATION_LAYER_ASSIGNMENT (  '', '', ( #7682 ) ) ;
#7297 = CARTESIAN_POINT ( 'NONE',  ( -20.70710678118653902, 2.072589458139005192, -201.8968029214178443 ) ) ;
#7298 = ORIENTED_EDGE ( 'NONE', *, *, #6541, .T. ) ;
#7299 = LINE ( 'NONE', #2549, #5812 ) ;
#7300 = CARTESIAN_POINT ( 'NONE',  ( 87.00000000000321165, 59.99999999999949551, -7.216449660063517513E-13 ) ) ;
#7301 = ORIENTED_EDGE ( 'NONE', *, *, #4665, .T. ) ;
#7302 = CARTESIAN_POINT ( 'NONE',  ( -373.0000000000000568, 464.9999999999998863, 0.000000000000000000 ) ) ;
#7303 = CIRCLE ( 'NONE', #5917, 13.00000000000003197 ) ;
#7304 = ADVANCED_FACE ( 'NONE', ( #6387 ), #7579, .F. ) ;
#7305 = VECTOR ( 'NONE', #2645, 1000.000000000000000 ) ;
#7306 = EDGE_LOOP ( 'NONE', ( #4539, #2984, #577, #5525 ) ) ;
#7307 = CARTESIAN_POINT ( 'NONE',  ( -0.1320825130146120741, 9.705254974873684048, -206.2928932188135605 ) ) ;
#7308 = ORIENTED_EDGE ( 'NONE', *, *, #7701, .T. ) ;
#7309 = CARTESIAN_POINT ( 'NONE',  ( -1042.500000000000000, 357.4336293856409270, 0.000000000000000000 ) ) ;
#7310 = B_SPLINE_CURVE_WITH_KNOTS ( 'NONE', 3,
 ( #2817, #6471, #2855, #3454 ),
 .UNSPECIFIED., .F., .F.,
 ( 4, 4 ),
 ( 4.166666548825282040E-08, 1.000000000000000000 ),
 .UNSPECIFIED. ) ;
#7311 = ORIENTED_EDGE ( 'NONE', *, *, #2426, .F. ) ;
#7312 = EDGE_CURVE ( 'NONE', #6638, #295, #2145, .T. ) ;
#7313 = DIRECTION ( 'NONE',  ( -0.000000000000000000, -0.000000000000000000, -1.000000000000000000 ) ) ;
#7314 = AXIS2_PLACEMENT_3D ( 'NONE', #2736, #364, #1586 ) ;
#7316 = LINE ( 'NONE', #1926, #1117 ) ;
#7315 = CIRCLE ( 'NONE', #3132, 12.99999999999979039 ) ;
#7317 = AXIS2_PLACEMENT_3D ( 'NONE', #5554, #6115, #1942 ) ;
#7318 = PLANE ( 'NONE',  #6839 ) ;
#7319 = DIRECTION ( 'NONE',  ( -0.000000000000000000, -1.000000000000000000, 3.491481338843133355E-15 ) ) ;
#7320 = CARTESIAN_POINT ( 'NONE',  ( -801.4999999999995453, 174.9999999999998863, -8.000000000000000000 ) ) ;
#7321 = AXIS2_PLACEMENT_3D ( 'NONE', #7724, #1654, #2285 ) ;
#7322 = ORIENTED_EDGE ( 'NONE', *, *, #3960, .T. ) ;
#7323 = VECTOR ( 'NONE', #5236, 1000.000000000000000 ) ;
#7324 = VERTEX_POINT ( 'NONE', #6534 ) ;
#7325 = EDGE_CURVE ( 'NONE', #1035, #3521, #7053, .T. ) ;
#7326 = EDGE_CURVE ( 'NONE', #3251, #5777, #404, .T. ) ;
#7327 = CARTESIAN_POINT ( 'NONE',  ( -8.707106781186524813, 11.99999999999986855, -207.0000000000000284 ) ) ;
#7328 = LINE ( 'NONE', #1969, #2496 ) ;
#7329 = CIRCLE ( 'NONE', #6821, 10.00000000000000888 ) ;
#7330 = AXIS2_PLACEMENT_3D ( 'NONE', #7601, #3835, #6844 ) ;
#7331 = VERTEX_POINT ( 'NONE', #2854 ) ;
#7332 = DIRECTION ( 'NONE',  ( -1.000000000000000000, -3.301778511896374732E-15, -0.000000000000000000 ) ) ;
#7333 = CARTESIAN_POINT ( 'NONE',  ( -1169.999999999999773, 437.4336293856406996, 69.43362938564057174 ) ) ;
#7334 = DIRECTION ( 'NONE',  ( -3.469446951953609456E-15, -1.000000000000000000, 0.000000000000000000 ) ) ;
#7335 = VERTEX_POINT ( 'NONE', #6979 ) ;
#7336 = CIRCLE ( 'NONE', #2397, 13.00000000000001066 ) ;
#7337 = ADVANCED_FACE ( 'NONE', ( #7741 ), #1549, .T. ) ;
#7338 = FACE_BOUND ( 'NONE', #480, .T. ) ;
#7339 = DIRECTION ( 'NONE',  ( 0.000000000000000000, -3.491481338843134933E-15, 1.000000000000000000 ) ) ;
#7340 = CARTESIAN_POINT ( 'NONE',  ( 86.99999999999998579, 369.9999999999994884, 207.0000000000002842 ) ) ;
#7341 = VECTOR ( 'NONE', #2360, 1000.000000000000000 ) ;
#7342 = CYLINDRICAL_SURFACE ( 'NONE', #1621, 12.99999999999999822 ) ;
#7343 = AXIS2_PLACEMENT_3D ( 'NONE', #4870, #1185, #592 ) ;
#7344 = ORIENTED_EDGE ( 'NONE', *, *, #4211, .F. ) ;
#7345 = B_SPLINE_CURVE_WITH_KNOTS ( 'NONE', 3,
 ( #6081, #655, #3057, #5478, #49, #7297, #4295, #1278, #3708, #6118 ),
 .UNSPECIFIED., .F., .F.,
 ( 4, 2, 2, 2, 4 ),
 ( 0.000000000000000000, 0.2500000000000000000, 0.5000000000000000000, 0.7500000000000000000, 1.000000000000000000 ),
 .UNSPECIFIED. ) ;
#7346 = DIRECTION ( 'NONE',  ( -0.000000000000000000, -0.000000000000000000, -1.000000000000000000 ) ) ;
#7347 = CIRCLE ( 'NONE', #3811, 13.00000000000001066 ) ;
#7348 = FACE_OUTER_BOUND ( 'NONE', #3939, .T. ) ;
#7349 = ORIENTED_EDGE ( 'NONE', *, *, #5049, .F. ) ;
#7350 = CARTESIAN_POINT ( 'NONE',  ( -8.000000000000000000, 430.0000000000000568, 195.0000000000000000 ) ) ;
#7351 = AXIS2_PLACEMENT_3D ( 'NONE', #4065, #372, #7749 ) ;
#7352 = ORIENTED_EDGE ( 'NONE', *, *, #1319, .T. ) ;
#7353 = EDGE_LOOP ( 'NONE', ( #335, #383, #5012, #1568 ) ) ;
#7354 = ADVANCED_FACE ( 'NONE', ( #5277 ), #475, .F. ) ;
#7355 = DIRECTION ( 'NONE',  ( -0.000000000000000000, 1.000000000000000000, 3.491481338843133750E-15 ) ) ;
#7356 = EDGE_LOOP ( 'NONE', ( #2675, #1618, #5765, #5813 ) ) ;
#7357 = AXIS2_PLACEMENT_3D ( 'NONE', #147, #7319, #4315 ) ;
#7358 = DIRECTION ( 'NONE',  ( 0.000000000000000000, 0.000000000000000000, -1.000000000000000000 ) ) ;
#7359 = CARTESIAN_POINT ( 'NONE',  ( -50.24999999999972289, -8.000000000000000000, -144.5857864376220050 ) ) ;
#7360 = DIRECTION ( 'NONE',  ( -0.000000000000000000, -1.000000000000000000, 3.491481338843132961E-15 ) ) ;
#7361 = CARTESIAN_POINT ( 'NONE',  ( -699.9999999999985221, 430.5663706143598120, 241.4336293856406996 ) ) ;
#7362 = CARTESIAN_POINT ( 'NONE',  ( 0.000000000000000000, 429.4336293856408702, 11.99999999999995559 ) ) ;
#7363 = VERTEX_POINT ( 'NONE', #7131 ) ;
#7364 = VERTEX_POINT ( 'NONE', #321 ) ;
#7365 = DIRECTION ( 'NONE',  ( -1.737738517507759613E-16, -3.301703183264736560E-15, -1.000000000000000000 ) ) ;
#7366 = LINE ( 'NONE', #4439, #1613 ) ;
#7367 = ORIENTED_EDGE ( 'NONE', *, *, #3991, .T. ) ;
#7368 = DIRECTION ( 'NONE',  ( 0.000000000000000000, -0.000000000000000000, 1.000000000000000000 ) ) ;
#7369 = CARTESIAN_POINT ( 'NONE',  ( 99.99999999999997158, 369.9999999999994884, 207.0000000000003411 ) ) ;
#7370 = EDGE_CURVE ( 'NONE', #6927, #772, #5906, .T. ) ;
#7371 = PLANE ( 'NONE',  #5319 ) ;
#7372 = VERTEX_POINT ( 'NONE', #2777 ) ;
#7373 = DIRECTION ( 'NONE',  ( 0.000000000000000000, 0.000000000000000000, -1.000000000000000000 ) ) ;
#7374 = DIRECTION ( 'NONE',  ( 0.000000000000000000, -1.000000000000000000, -3.491481338843133355E-15 ) ) ;
#7375 = DIRECTION ( 'NONE',  ( 0.000000000000000000, 0.000000000000000000, -1.000000000000000000 ) ) ;
#7376 = CARTESIAN_POINT ( 'NONE',  ( -360.0000000000000568, 427.4336293856408702, 21.43362938564066766 ) ) ;
#7377 = ADVANCED_FACE ( 'NONE', ( #2261 ), #5787, .T. ) ;
#7378 = EDGE_CURVE ( 'NONE', #3569, #5107, #7014, .T. ) ;
#7379 = EDGE_LOOP ( 'NONE', ( #3826, #7036 ) ) ;
#7380 = EDGE_LOOP ( 'NONE', ( #3590, #1918, #2205, #5421 ) ) ;
#7381 = CARTESIAN_POINT ( 'NONE',  ( -64.49999999999977263, 500.0000000000002274, 72.00000000000001421 ) ) ;
#7382 = VECTOR ( 'NONE', #7074, 1000.000000000000000 ) ;
#7383 = CARTESIAN_POINT ( 'NONE',  ( -64.49999999999866418, 430.5663706143603235, 382.0000000000001705 ) ) ;
#7384 = DIRECTION ( 'NONE',  ( -0.000000000000000000, -1.000000000000000000, 3.491481338843133355E-15 ) ) ;
#7385 = ORIENTED_EDGE ( 'NONE', *, *, #7653, .F. ) ;
#7386 = ORIENTED_EDGE ( 'NONE', *, *, #5977, .F. ) ;
#7387 = CARTESIAN_POINT ( 'NONE',  ( -64.50000000000324007, 47.43362938564082754, -8.000000000000000000 ) ) ;
#7388 = ORIENTED_EDGE ( 'NONE', *, *, #7234, .T. ) ;
#7389 = CARTESIAN_POINT ( 'NONE',  ( -1200.000000000000000, -1.469576158976823797E-13, 0.000000000000000000 ) ) ;
#7390 = DIRECTION ( 'NONE',  ( 0.000000000000000000, 0.000000000000000000, 1.000000000000000000 ) ) ;
#7391 = VECTOR ( 'NONE', #1878, 1000.000000000000000 ) ;
#7392 = DIRECTION ( 'NONE',  ( 3.301778511896375126E-15, -1.000000000000000000, 0.000000000000000000 ) ) ;
#7393 = VECTOR ( 'NONE', #1566, 1000.000000000000000 ) ;
#7394 = DIRECTION ( 'NONE',  ( 0.000000000000000000, 4.270088556250671316E-15, 1.000000000000000000 ) ) ;
#7395 = VECTOR ( 'NONE', #4367, 1000.000000000000000 ) ;
#7396 = ORIENTED_EDGE ( 'NONE', *, *, #5064, .F. ) ;
#7397 = EDGE_LOOP ( 'NONE', ( #6783, #4860, #4903, #4596 ) ) ;
#7398 = CARTESIAN_POINT ( 'NONE',  ( 2.623882111172651515E-13, 55.25000000000072475, -166.2928932188134752 ) ) ;
#7399 = CARTESIAN_POINT ( 'NONE',  ( 207.0000000000000284, 60.00000000000000000, 147.5000000000031832 ) ) ;
#7400 = ORIENTED_EDGE ( 'NONE', *, *, #5869, .T. ) ;
#7401 = EDGE_CURVE ( 'NONE', #3997, #5853, #3410, .T. ) ;
#7402 = DIRECTION ( 'NONE',  ( 0.000000000000000000, 1.000000000000000000, 0.000000000000000000 ) ) ;
#7403 = DIRECTION ( 'NONE',  ( -0.000000000000000000, 0.000000000000000000, -1.000000000000000000 ) ) ;
#7404 = CARTESIAN_POINT ( 'NONE',  ( -8.707106781186512379, 0.000000000000000000, -207.0000000000000000 ) ) ;
#7405 = ORIENTED_EDGE ( 'NONE', *, *, #743, .F. ) ;
#7406 = ORIENTED_EDGE ( 'NONE', *, *, #7025, .F. ) ;
#7407 = CARTESIAN_POINT ( 'NONE',  ( 166.9999999999999716, 370.0000000000000568, 7.999999999999417355 ) ) ;
#7408 = B_SPLINE_CURVE_WITH_KNOTS ( 'NONE', 3,
 ( #2737, #365, #285, #4490, #2779, #5159, #2699, #6351, #523, #4128 ),
 .UNSPECIFIED., .F., .F.,
 ( 4, 2, 2, 2, 4 ),
 ( 0.000000000000000000, 0.2500000000000000000, 0.5000000000000000000, 0.7500000000000000000, 1.000000000000000000 ),
 .UNSPECIFIED. ) ;
#7409 = EDGE_CURVE ( 'NONE', #5401, #2670, #2222, .T. ) ;
#7410 = DIRECTION ( 'NONE',  ( -0.000000000000000000, -0.000000000000000000, -1.000000000000000000 ) ) ;
#7411 = DIRECTION ( 'NONE',  ( 1.000000000000000000, 0.000000000000000000, 0.000000000000000000 ) ) ;
#7412 = ORIENTED_EDGE ( 'NONE', *, *, #742, .T. ) ;
#7413 = ORIENTED_EDGE ( 'NONE', *, *, #7378, .F. ) ;
#7414 = AXIS2_PLACEMENT_3D ( 'NONE', #6106, #6531, #1856 ) ;
#7415 = FACE_OUTER_BOUND ( 'NONE', #6328, .T. ) ;
#7416 = LINE ( 'NONE', #7260, #6144 ) ;
#7417 = EDGE_CURVE ( 'NONE', #3491, #2580, #4054, .T. ) ;
#7418 = EDGE_CURVE ( 'NONE', #2625, #3895, #6500, .T. ) ;
#7419 = DIRECTION ( 'NONE',  ( 1.000000000000000000, 0.000000000000000000, -0.000000000000000000 ) ) ;
#7420 = APPLICATION_CONTEXT ( 'automotive_design' ) ;
#7421 = ORIENTED_EDGE ( 'NONE', *, *, #5730, .T. ) ;
#7422 = ORIENTED_EDGE ( 'NONE', *, *, #501, .T. ) ;
#7423 = CARTESIAN_POINT ( 'NONE',  ( -194.2928932188136173, 4.936529451241413291, -213.8678171597081530 ) ) ;
#7424 = ORIENTED_EDGE ( 'NONE', *, *, #376, .F. ) ;
#7425 = DIRECTION ( 'NONE',  ( 0.000000000000000000, 4.270088556250598741E-15, 1.000000000000000000 ) ) ;
#7426 = EDGE_CURVE ( 'NONE', #5484, #6621, #2894, .T. ) ;
#7427 =( NAMED_UNIT ( * ) SI_UNIT ( $, .STERADIAN. ) SOLID_ANGLE_UNIT ( ) );
#7428 = CIRCLE ( 'NONE', #604, 13.00000000000001066 ) ;
#7429 = LINE ( 'NONE', #3227, #4820 ) ;
#7430 = AXIS2_PLACEMENT_3D ( 'NONE', #4082, #2955, #6610 ) ;
#7431 = DIRECTION ( 'NONE',  ( 1.000000000000000000, 0.000000000000000000, 0.000000000000000000 ) ) ;
#7432 = CYLINDRICAL_SURFACE ( 'NONE', #4901, 12.99999999999998401 ) ;
#7433 = CYLINDRICAL_SURFACE ( 'NONE', #5325, 10.00000000000000533 ) ;
#7434 = ORIENTED_EDGE ( 'NONE', *, *, #7756, .T. ) ;
#7435 = CYLINDRICAL_SURFACE ( 'NONE', #7544, 13.00000000000001066 ) ;
#7436 = AXIS2_PLACEMENT_3D ( 'NONE', #3265, #4503, #6909 ) ;
#7437 = ORIENTED_EDGE ( 'NONE', *, *, #1448, .T. ) ;
#7438 = CIRCLE ( 'NONE', #1991, 13.00000000000001776 ) ;
#7439 = CIRCLE ( 'NONE', #7182, 13.00000000000001066 ) ;
#7440 = ADVANCED_FACE ( 'NONE', ( #6026, #1189, #521, #558, #1225 ), #4797, .T. ) ;
#7441 = FACE_OUTER_BOUND ( 'NONE', #3260, .T. ) ;
#7442 = ITEM_DEFINED_TRANSFORMATION ( 'NONE', 'NONE', #5149,  #2120 ) ;
#7443 = EDGE_LOOP ( 'NONE', ( #1901, #2888, #6412, #6270 ) ) ;
#7444 = LINE ( 'NONE', #2017, #3652 ) ;
#7445 = AXIS2_PLACEMENT_3D ( 'NONE', #2545, #5036, #1981 ) ;
#7446 = VECTOR ( 'NONE', #6817, 1000.000000000000000 ) ;
#7447 = LINE ( 'NONE', #2018, #7175 ) ;
#7448 = CARTESIAN_POINT ( 'NONE',  ( -1135.500000000001364, 500.0000000000011937, 394.9999999999996021 ) ) ;
#7449 = EDGE_LOOP ( 'NONE', ( #5301, #6757, #7016, #1732 ) ) ;
#7450 = DIRECTION ( 'NONE',  ( 1.000000000000000000, 0.000000000000000000, -0.000000000000000000 ) ) ;
#7451 = EDGE_CURVE ( 'NONE', #6872, #122, #7774, .T. ) ;
#7452 = VECTOR ( 'NONE', #5366, 1000.000000000000000 ) ;
#7453 = DIRECTION ( 'NONE',  ( -0.000000000000000000, 1.000000000000000000, -3.491481338843133355E-15 ) ) ;
#7454 = FACE_BOUND ( 'NONE', #3391, .T. ) ;
#7455 = DIRECTION ( 'NONE',  ( 0.000000000000000000, 0.000000000000000000, 1.000000000000000000 ) ) ;
#7456 = AXIS2_PLACEMENT_3D ( 'NONE', #5987, #597, #5320 ) ;
#7457 = DIRECTION ( 'NONE',  ( 0.000000000000000000, 4.270088556250671316E-15, 1.000000000000000000 ) ) ;
#7458 = AXIS2_PLACEMENT_3D ( 'NONE', #5482, #6714, #1165 ) ;
#7459 = ORIENTED_EDGE ( 'NONE', *, *, #3461, .T. ) ;
#7460 = ORIENTED_EDGE ( 'NONE', *, *, #1547, .T. ) ;
#7461 = PRODUCT_RELATED_PRODUCT_CATEGORY ( 'part', '', ( #5429 ) ) ;
#7462 = CARTESIAN_POINT ( 'NONE',  ( -573.0000000000001137, 464.9999999999998863, -8.000000000000000000 ) ) ;
#7463 = AXIS2_PLACEMENT_3D ( 'NONE', #5233, #2137, #5075 ) ;
#7464 = CARTESIAN_POINT ( 'NONE',  ( -626.9999999999998863, 464.9999999999998863, 429.4336293856406996 ) ) ;
#7465 = CIRCLE ( 'NONE', #3279, 13.00000000000001066 ) ;
#7466 = DIRECTION ( 'NONE',  ( -0.000000000000000000, 0.1147372517529902658, 0.9933958742919012375 ) ) ;
#7467 = B_SPLINE_CURVE_WITH_KNOTS ( 'NONE', 3,
 ( #5645, #5095, #902, #4541, #5726, #3951, #2747, #2711, #215, #3986 ),
 .UNSPECIFIED., .F., .F.,
 ( 4, 2, 2, 2, 4 ),
 ( 0.000000000000000000, 0.2500000000000000000, 0.5000000000000000000, 0.7500000000000000000, 1.000000000000000000 ),
 .UNSPECIFIED. ) ;
#7468 = AXIS2_PLACEMENT_3D ( 'NONE', #3050, #5472, #5508 ) ;
#7469 = ORIENTED_EDGE ( 'NONE', *, *, #6174, .T. ) ;
#7470 = EDGE_CURVE ( 'NONE', #6278, #3741, #3782, .T. ) ;
#7471 = ADVANCED_FACE ( 'NONE', ( #4282 ), #6619, .F. ) ;
#7472 = CIRCLE ( 'NONE', #7101, 13.00000000000001066 ) ;
#7473 = ORIENTED_EDGE ( 'NONE', *, *, #2184, .F. ) ;
#7474 = FACE_OUTER_BOUND ( 'NONE', #2115, .T. ) ;
#7475 = VERTEX_POINT ( 'NONE', #5390 ) ;
#7476 = FACE_OUTER_BOUND ( 'NONE', #7119, .T. ) ;
#7477 = DIRECTION ( 'NONE',  ( 1.000000000000000000, 0.000000000000000000, 0.000000000000000000 ) ) ;
#7478 = CIRCLE ( 'NONE', #5073, 20.00000000000001776 ) ;
#7479 = ORIENTED_EDGE ( 'NONE', *, *, #2135, .T. ) ;
#7480 = VECTOR ( 'NONE', #4943, 1000.000000000000227 ) ;
#7481 = CARTESIAN_POINT ( 'NONE',  ( -700.0000000000000000, 422.5663706143602667, 376.4336293856408133 ) ) ;
#7482 = SHAPE_REPRESENTATION_RELATIONSHIP ( 'NONE' , 'NONE' ,  #7619, #4823 ) ;
#7483 = DIRECTION ( 'NONE',  ( 0.000000000000000000, 0.000000000000000000, -1.000000000000000000 ) ) ;
#7484 = EDGE_CURVE ( 'NONE', #6638, #6927, #3006, .T. ) ;
#7485 = ADVANCED_FACE ( 'NONE', ( #4756 ), #7812, .F. ) ;
#7486 = DIRECTION ( 'NONE',  ( -1.000000000000000000, 0.000000000000000000, 0.000000000000000000 ) ) ;
#7487 = ORIENTED_EDGE ( 'NONE', *, *, #1594, .T. ) ;
#7488 = CYLINDRICAL_SURFACE ( 'NONE', #2592, 20.00000000000001776 ) ;
#7489 = ORIENTED_EDGE ( 'NONE', *, *, #3220, .F. ) ;
#7490 = CARTESIAN_POINT ( 'NONE',  ( -10.00000000000007105, -8.000000000000000000, 1.152819845712018057E-15 ) ) ;
#7491 = APPLICATION_PROTOCOL_DEFINITION ( 'draft international standard', 'automotive_design', 1998, #2004 ) ;
#7492 = ORIENTED_EDGE ( 'NONE', *, *, #5238, .T. ) ;
#7493 = CARTESIAN_POINT ( 'NONE',  ( -50.24999999999891287, 2.000000000000000000, -39.99999999999495515 ) ) ;
#7494 = DIRECTION ( 'NONE',  ( 1.000000000000000000, 0.000000000000000000, 0.000000000000000000 ) ) ;
#7495 = DIRECTION ( 'NONE',  ( 1.710114944253866048E-46, 3.491481338843133355E-15, 1.000000000000000000 ) ) ;
#7496 = EDGE_LOOP ( 'NONE', ( #1011, #7405, #918, #4824 ) ) ;
#7497 = DIRECTION ( 'NONE',  ( 1.000000000000000000, 0.000000000000000000, -3.469446951953611428E-15 ) ) ;
#7498 = CARTESIAN_POINT ( 'NONE',  ( -64.49999999999977263, 500.0000000000002274, 72.00000000000001421 ) ) ;
#7499 = ORIENTED_EDGE ( 'NONE', *, *, #6354, .F. ) ;
#7500 = LINE ( 'NONE', #2064, #7061 ) ;
#7501 = EDGE_CURVE ( 'NONE', #633, #186, #6579, .T. ) ;
#7502 = FACE_OUTER_BOUND ( 'NONE', #7243, .T. ) ;
#7503 = VERTEX_POINT ( 'NONE', #3084 ) ;
#7504 = EDGE_LOOP ( 'NONE', ( #439, #24 ) ) ;
#7505 = DIRECTION ( 'NONE',  ( 0.000000000000000000, 1.000000000000000000, -3.491481338843133355E-15 ) ) ;
#7506 = DIRECTION ( 'NONE',  ( -0.000000000000000000, -0.000000000000000000, -1.000000000000000000 ) ) ;
#7507 = LINE ( 'NONE', #291, #179 ) ;
#7508 = B_SPLINE_CURVE_WITH_KNOTS ( 'NONE', 3,
 ( #4815, #2389, #7228, #6633 ),
 .UNSPECIFIED., .F., .F.,
 ( 4, 4 ),
 ( 0.000000000000000000, 1.000000000000000000 ),
 .UNSPECIFIED. ) ;
#7509 = ADVANCED_FACE ( 'NONE', ( #595 ), #5986, .T. ) ;
#7510 = EDGE_LOOP ( 'NONE', ( #7298, #1430, #755, #4335 ) ) ;
#7511 = ORIENTED_EDGE ( 'NONE', *, *, #7629, .F. ) ;
#7512 = DIRECTION ( 'NONE',  ( 1.290957005378089075E-16, 3.301778511896374732E-15, 1.000000000000000000 ) ) ;
#7513 = ORIENTED_EDGE ( 'NONE', *, *, #6360, .F. ) ;
#7514 = DIRECTION ( 'NONE',  ( -0.000000000000000000, -0.000000000000000000, -1.000000000000000000 ) ) ;
#7515 = DIRECTION ( 'NONE',  ( 1.000000000000000000, -0.000000000000000000, 3.486207565248076192E-15 ) ) ;
#7516 = ORIENTED_EDGE ( 'NONE', *, *, #4672, .T. ) ;
#7517 = EDGE_CURVE ( 'NONE', #6599, #5761, #352, .T. ) ;
#7518 = SHAPE_REPRESENTATION_RELATIONSHIP ( 'NONE' , 'NONE' ,  #4837, #284 ) ;
#7519 = CARTESIAN_POINT ( 'NONE',  ( -500.0000000000014211, 430.5663706143599256, 267.4336293856407565 ) ) ;
#7520 = CARTESIAN_POINT ( 'NONE',  ( 207.0000000000000000, 0.000000000000000000, -7.233796894823285584E-13 ) ) ;
#7521 = VERTEX_POINT ( 'NONE', #5507 ) ;
#7522 = FACE_OUTER_BOUND ( 'NONE', #6128, .T. ) ;
#7523 = ORIENTED_EDGE ( 'NONE', *, *, #5640, .F. ) ;
#7524 = AXIS2_PLACEMENT_3D ( 'NONE', #1763, #6041, #5336 ) ;
#7525 = CARTESIAN_POINT ( 'NONE',  ( -10.00000000000007105, -8.000000000000000000, 1.152819845712018057E-15 ) ) ;
#7526 = EDGE_CURVE ( 'NONE', #7324, #676, #6547, .T. ) ;
#7527 = EDGE_CURVE ( 'NONE', #3353, #6490, #7315, .T. ) ;
#7528 = VERTEX_POINT ( 'NONE', #4324 ) ;
#7529 = DIRECTION ( 'NONE',  ( 0.000000000000000000, 0.000000000000000000, -1.000000000000000000 ) ) ;
#7530 = AXIS2_PLACEMENT_3D ( 'NONE', #1389, #4450, #5034 ) ;
#7531 = DIRECTION ( 'NONE',  ( 1.000000000000000000, 1.224646799147353207E-16, -0.000000000000000000 ) ) ;
#7532 = LINE ( 'NONE', #1457, #4427 ) ;
#7533 = ORIENTED_EDGE ( 'NONE', *, *, #653, .F. ) ;
#7534 = ORIENTED_EDGE ( 'NONE', *, *, #7033, .F. ) ;
#7535 = CARTESIAN_POINT ( 'NONE',  ( -500.0000000000004547, 174.9999999999998863, 2.000000000000000000 ) ) ;
#7536 = CIRCLE ( 'NONE', #1077, 13.00000000000000178 ) ;
#7537 = CYLINDRICAL_SURFACE ( 'NONE', #7705, 12.99999999999984546 ) ;
#7538 = VERTEX_POINT ( 'NONE', #5471 ) ;
#7539 = EDGE_CURVE ( 'NONE', #7126, #6490, #5430, .T. ) ;
#7540 = DIRECTION ( 'NONE',  ( 0.000000000000000000, -0.000000000000000000, 1.000000000000000000 ) ) ;
#7541 = DIRECTION ( 'NONE',  ( -0.000000000000000000, -0.000000000000000000, -1.000000000000000000 ) ) ;
#7542 = ORIENTED_EDGE ( 'NONE', *, *, #4931, .F. ) ;
#7543 = ORIENTED_EDGE ( 'NONE', *, *, #2478, .F. ) ;
#7544 = AXIS2_PLACEMENT_3D ( 'NONE', #2172, #3232, #7680 ) ;
#7545 = FACE_OUTER_BOUND ( 'NONE', #7681, .T. ) ;
#7546 = DIRECTION ( 'NONE',  ( -1.000000000000000000, 0.000000000000000000, 0.000000000000000000 ) ) ;
#7547 = FACE_OUTER_BOUND ( 'NONE', #2221, .T. ) ;
#7548 = EDGE_LOOP ( 'NONE', ( #5839, #111, #1322, #3401 ) ) ;
#7549 = CARTESIAN_POINT ( 'NONE',  ( -194.2928932188135889, 0.6298530038906722250, -211.6315031747651574 ) ) ;
#7550 = VERTEX_POINT ( 'NONE', #6737 ) ;
#7551 = CARTESIAN_POINT ( 'NONE',  ( -700.0000000000000000, 430.5663706143603804, 402.4336293856407565 ) ) ;
#7552 = LINE ( 'NONE', #6281, #4021 ) ;
#7553 = DIRECTION ( 'NONE',  ( 1.000000000000000000, 0.000000000000000000, 0.000000000000000000 ) ) ;
#7554 = VERTEX_POINT ( 'NONE', #5355 ) ;
#7555 = AXIS2_PLACEMENT_3D ( 'NONE', #3696, #6066, #2366 ) ;
#7556 = CARTESIAN_POINT ( 'NONE',  ( -215.0000000000000000, -7.378142307684655533E-13, 0.000000000000000000 ) ) ;
#7557 = DIRECTION ( 'NONE',  ( 0.000000000000000000, 0.000000000000000000, -1.000000000000000000 ) ) ;
#7558 = VERTEX_POINT ( 'NONE', #1820 ) ;
#7559 = EDGE_CURVE ( 'NONE', #6965, #1561, #1358, .T. ) ;
#7560 = CARTESIAN_POINT ( 'NONE',  ( 0.000000000000000000, -8.000000000000015987, -194.2928932188134468 ) ) ;
#7561 = VERTEX_POINT ( 'NONE', #4875 ) ;
#7562 = VECTOR ( 'NONE', #1340, 1000.000000000000000 ) ;
#7563 = ORIENTED_EDGE ( 'NONE', *, *, #6780, .T. ) ;
#7564 = CARTESIAN_POINT ( 'NONE',  ( -207.0000000000001990, 67.25000000000002842, -214.9999999999999716 ) ) ;
#7565 = CARTESIAN_POINT ( 'NONE',  ( 0.000000000000000000, 60.00000000000000000, 80.50000000000319744 ) ) ;
#7566 = VERTEX_POINT ( 'NONE', #6698 ) ;
#7567 = CIRCLE ( 'NONE', #986, 13.00000000000001066 ) ;
#7568 = DIRECTION ( 'NONE',  ( -1.000000000000000000, 0.000000000000000000, 0.000000000000000000 ) ) ;
#7569 = AXIS2_PLACEMENT_3D ( 'NONE', #642, #3612, #4168 ) ;
#7570 = ORIENTED_EDGE ( 'NONE', *, *, #4998, .F. ) ;
#7571 = ADVANCED_FACE ( 'NONE', ( #1266 ), #5620, .T. ) ;
#7572 = EDGE_CURVE ( 'NONE', #5330, #6653, #7181, .T. ) ;
#7573 = ORIENTED_EDGE ( 'NONE', *, *, #1846, .F. ) ;
#7574 = DIRECTION ( 'NONE',  ( -0.000000000000000000, 0.000000000000000000, -1.000000000000000000 ) ) ;
#7575 = CARTESIAN_POINT ( 'NONE',  ( -398.4999999999999432, 39.99999999999987210, -8.000000000000000000 ) ) ;
#7576 = AXIS2_PLACEMENT_3D ( 'NONE', #2499, #1870, #4847 ) ;
#7577 = MECHANICAL_DESIGN_GEOMETRIC_PRESENTATION_REPRESENTATION (  '', ( #1874 ), #362 ) ;
#7578 = ORIENTED_EDGE ( 'NONE', *, *, #5678, .T. ) ;
#7579 = CYLINDRICAL_SURFACE ( 'NONE', #2759, 13.00000000000001066 ) ;
#7580 = CARTESIAN_POINT ( 'NONE',  ( -840.0000000000001137, 429.4336293856407565, 47.43362938564074227 ) ) ;
#7581 = EDGE_LOOP ( 'NONE', ( #7169, #4947, #4646, #1394 ) ) ;
#7582 = VERTEX_POINT ( 'NONE', #5109 ) ;
#7583 = EDGE_CURVE ( 'NONE', #2607, #5386, #2253, .T. ) ;
#7584 = AXIS2_PLACEMENT_3D ( 'NONE', #294, #3864, #5607 ) ;
#7585 = AXIS2_PLACEMENT_3D ( 'NONE', #970, #5852, #7553 ) ;
#7586 = CARTESIAN_POINT ( 'NONE',  ( -899.9999999999998863, 499.9999999999998863, 0.000000000000000000 ) ) ;
#7587 = DIRECTION ( 'NONE',  ( -1.000000000000000000, 0.000000000000000000, -3.491481338843133355E-15 ) ) ;
#7588 = LINE ( 'NONE', #5044, #2462 ) ;
#7589 = ORIENTED_EDGE ( 'NONE', *, *, #288, .T. ) ;
#7590 = ADVANCED_FACE ( 'NONE', ( #6922 ), #2604, .F. ) ;
#7591 = AXIS2_PLACEMENT_3D ( 'NONE', #4644, #925, #4011 ) ;
#7592 = DIRECTION ( 'NONE',  ( 0.000000000000000000, -1.000000000000000000, 3.491481338843133355E-15 ) ) ;
#7593 = EDGE_LOOP ( 'NONE', ( #4249, #6103, #5022, #4724 ) ) ;
#7594 = AXIS2_PLACEMENT_3D ( 'NONE', #2226, #4648, #1635 ) ;
#7595 = CARTESIAN_POINT ( 'NONE',  ( -195.0000000000000000, -1.561251128379126385E-14, 2.775557561562891351E-14 ) ) ;
#7596 = CARTESIAN_POINT ( 'NONE',  ( 0.000000000000000000, 0.000000000000000000, 0.000000000000000000 ) ) ;
#7597 = FACE_OUTER_BOUND ( 'NONE', #2928, .T. ) ;
#7598 = EDGE_LOOP ( 'NONE', ( #2245, #950, #7256, #6614 ) ) ;
#7599 = AXIS2_PLACEMENT_3D ( 'NONE', #5310, #7733, #2293 ) ;
#7600 = VECTOR ( 'NONE', #3044, 1000.000000000000000 ) ;
#7601 = CARTESIAN_POINT ( 'NONE',  ( -839.9999999999998863, 464.9999999999998863, 2.000000000000000000 ) ) ;
#7602 = DIRECTION ( 'NONE',  ( 1.000000000000000000, 0.000000000000000000, 0.000000000000000000 ) ) ;
#7603 = VERTEX_POINT ( 'NONE', #6809 ) ;
#7604 = FACE_OUTER_BOUND ( 'NONE', #7269, .T. ) ;
#7605 = EDGE_LOOP ( 'NONE', ( #6256, #5733, #415, #5464 ) ) ;
#7606 = CIRCLE ( 'NONE', #1146, 13.00000000000001066 ) ;
#7607 = CIRCLE ( 'NONE', #7737, 12.99999999999999822 ) ;
#7608 = VERTEX_POINT ( 'NONE', #3121 ) ;
#7609 = DIRECTION ( 'NONE',  ( 1.000000000000000000, 0.000000000000000000, 0.000000000000000000 ) ) ;
#7610 = CARTESIAN_POINT ( 'NONE',  ( -360.0000000000000568, 464.9999999999998863, 2.000000000000000000 ) ) ;
#7611 = VERTEX_POINT ( 'NONE', #6146 ) ;
#7612 = FACE_OUTER_BOUND ( 'NONE', #3771, .T. ) ;
#7613 = AXIS2_PLACEMENT_3D ( 'NONE', #180, #6212, #7392 ) ;
#7614 = ORIENTED_EDGE ( 'NONE', *, *, #995, .F. ) ;
#7615 = ORIENTED_EDGE ( 'NONE', *, *, #4757, .F. ) ;
#7616 = CYLINDRICAL_SURFACE ( 'NONE', #1272, 13.00000000000001066 ) ;
#7617 = DIRECTION ( 'NONE',  ( -0.000000000000000000, -0.000000000000000000, -1.000000000000000000 ) ) ;
#7618 = ORIENTED_EDGE ( 'NONE', *, *, #7539, .F. ) ;
#7619 = SHAPE_REPRESENTATION ( 'Part4', ( #2120 ), #7046 ) ;
#7620 = EDGE_CURVE ( 'NONE', #1306, #5107, #7282, .T. ) ;
#7621 = EDGE_LOOP ( 'NONE', ( #4197, #1663, #6473, #5875 ) ) ;
#7622 = DIRECTION ( 'NONE',  ( -0.000000000000000000, -1.000000000000000000, -0.000000000000000000 ) ) ;
#7623 = LINE ( 'NONE', #3894, #4799 ) ;
#7624 = VERTEX_POINT ( 'NONE', #3167 ) ;
#7625 = ORIENTED_EDGE ( 'NONE', *, *, #2814, .F. ) ;
#7626 = DIRECTION ( 'NONE',  ( -1.000000000000000000, 0.000000000000000000, 0.000000000000000000 ) ) ;
#7627 = CARTESIAN_POINT ( 'NONE',  ( -814.5000000000000000, 39.99999999999987210, 2.000000000000000000 ) ) ;
#7628 = FACE_OUTER_BOUND ( 'NONE', #5720, .T. ) ;
#7629 = EDGE_CURVE ( 'NONE', #7550, #1325, #6182, .T. ) ;
#7630 = EDGE_CURVE ( 'NONE', #3166, #2733, #7444, .T. ) ;
#7631 = CARTESIAN_POINT ( 'NONE',  ( 74.00000000000319744, 59.99999999999949551, -7.216449660063517513E-13 ) ) ;
#7632 = ORIENTED_EDGE ( 'NONE', *, *, #7043, .T. ) ;
#7633 = CARTESIAN_POINT ( 'NONE',  ( -20.70710678118653192, -8.000000000000138556, -197.4263430436264457 ) ) ;
#7634 = ORIENTED_EDGE ( 'NONE', *, *, #161, .F. ) ;
#7635 = CARTESIAN_POINT ( 'NONE',  ( -373.0000000000000568, 464.9999999999998863, -8.000000000000000000 ) ) ;
#7636 = CARTESIAN_POINT ( 'NONE',  ( -1135.500000000001364, 500.0000000000011937, 369.0000000000000568 ) ) ;
#7637 = DIRECTION ( 'NONE',  ( -0.000000000000000000, -0.000000000000000000, 1.000000000000000000 ) ) ;
#7638 = ORIENTED_EDGE ( 'NONE', *, *, #5903, .F. ) ;
#7639 = FACE_OUTER_BOUND ( 'NONE', #7548, .T. ) ;
#7640 = DIRECTION ( 'NONE',  ( -0.000000000000000000, -1.000000000000000000, 3.491481338843133355E-15 ) ) ;
#7641 = EDGE_LOOP ( 'NONE', ( #5848, #6046, #5740, #5723 ) ) ;
#7642 = DIRECTION ( 'NONE',  ( 0.000000000000000000, 0.000000000000000000, -1.000000000000000000 ) ) ;
#7643 = VERTEX_POINT ( 'NONE', #3731 ) ;
#7644 = EDGE_CURVE ( 'NONE', #6963, #4966, #4955, .T. ) ;
#7645 = DIRECTION ( 'NONE',  ( -0.000000000000000000, -0.000000000000000000, 1.000000000000000000 ) ) ;
#7646 = DIRECTION ( 'NONE',  ( -1.000000000000000000, 0.000000000000000000, 0.000000000000000000 ) ) ;
#7647 = VERTEX_POINT ( 'NONE', #3200 ) ;
#7648 = DIRECTION ( 'NONE',  ( 0.000000000000000000, 0.000000000000000000, 1.000000000000000000 ) ) ;
#7649 = ORIENTED_EDGE ( 'NONE', *, *, #2783, .F. ) ;
#7650 = ORIENTED_EDGE ( 'NONE', *, *, #1520, .F. ) ;
#7651 = CYLINDRICAL_SURFACE ( 'NONE', #130, 20.00000000000000000 ) ;
#7652 = DIRECTION ( 'NONE',  ( 1.000000000000000000, 0.000000000000000000, 0.000000000000000000 ) ) ;
#7653 = EDGE_CURVE ( 'NONE', #159, #3365, #4150, .T. ) ;
#7654 = ORIENTED_EDGE ( 'NONE', *, *, #1460, .F. ) ;
#7655 = DIRECTION ( 'NONE',  ( 0.000000000000000000, 1.000000000000000000, -3.491481338843133355E-15 ) ) ;
#7656 = DIRECTION ( 'NONE',  ( -1.000000000000000000, 0.000000000000000000, 0.000000000000000000 ) ) ;
#7657 = VERTEX_POINT ( 'NONE', #6852 ) ;
#7658 = ORIENTED_EDGE ( 'NONE', *, *, #7085, .F. ) ;
#7659 = AXIS2_PLACEMENT_3D ( 'NONE', #4186, #454, #1087 ) ;
#7660 = EDGE_CURVE ( 'NONE', #5280, #4971, #2502, .T. ) ;
#7661 = CIRCLE ( 'NONE', #5128, 12.99999999999979039 ) ;
#7662 = CARTESIAN_POINT ( 'NONE',  ( -64.49999999999866418, 500.0000000000011937, 369.0000000000001705 ) ) ;
#7663 = CARTESIAN_POINT ( 'NONE',  ( -50.24999999999891287, 0.000000000000000000, -39.99999999999495515 ) ) ;
#7664 = DIRECTION ( 'NONE',  ( -1.000000000000000000, 0.000000000000000000, -0.000000000000000000 ) ) ;
#7665 = AXIS2_PLACEMENT_3D ( 'NONE', #5868, #3766, #3842 ) ;
#7666 = LINE ( 'NONE', #2196, #1155 ) ;
#7667 = VECTOR ( 'NONE', #6288, 1000.000000000000000 ) ;
#7668 = EDGE_LOOP ( 'NONE', ( #2263, #6162, #149, #1824 ) ) ;
#7669 = EDGE_CURVE ( 'NONE', #6074, #7130, #6223, .T. ) ;
#7670 = ADVANCED_FACE ( 'NONE', ( #1339 ), #3768, .F. ) ;
#7671 = DIRECTION ( 'NONE',  ( -0.000000000000000000, 1.000000000000000000, 3.491481338843133355E-15 ) ) ;
#7672 = ORIENTED_EDGE ( 'NONE', *, *, #3534, .T. ) ;
#7673 = CYLINDRICAL_SURFACE ( 'NONE', #6649, 13.00000000000000533 ) ;
#7674 = CARTESIAN_POINT ( 'NONE',  ( -144.4999999999987494, 422.5663706143603804, 395.0000000000000000 ) ) ;
#7675 = DIRECTION ( 'NONE',  ( -1.000000000000000000, 0.000000000000000000, 0.000000000000000000 ) ) ;
#7676 = DIRECTION ( 'NONE',  ( 0.000000000000000000, -0.000000000000000000, 1.000000000000000000 ) ) ;
#7677 = LINE ( 'NONE', #5971, #569 ) ;
#7678 = ORIENTED_EDGE ( 'NONE', *, *, #6057, .F. ) ;
#7679 = EDGE_CURVE ( 'NONE', #4274, #6028, #6886, .T. ) ;
#7680 = DIRECTION ( 'NONE',  ( 0.000000000000000000, 0.000000000000000000, 1.000000000000000000 ) ) ;
#7681 = EDGE_LOOP ( 'NONE', ( #5195, #2062, #977, #4854 ) ) ;
#7682 = STYLED_ITEM ( 'NONE', ( #1736 ), #4069 ) ;
#7683 = B_SPLINE_CURVE_WITH_KNOTS ( 'NONE', 3,
 ( #6102, #1930, #3761, #3157, #674, #4980, #4351, #3114, #148, #6801 ),
 .UNSPECIFIED., .F., .F.,
 ( 4, 2, 2, 2, 4 ),
 ( 0.000000000000000000, 0.2500000000000002220, 0.5000000000000002220, 0.7500000000000002220, 1.000000000000000222 ),
 .UNSPECIFIED. ) ;
#7684 = FACE_OUTER_BOUND ( 'NONE', #6572, .T. ) ;
#7685 = CARTESIAN_POINT ( 'NONE',  ( 0.000000000000000000, 0.000000000000000000, -8.000000000000000000 ) ) ;
#7686 = ORIENTED_EDGE ( 'NONE', *, *, #3393, .T. ) ;
#7687 = CARTESIAN_POINT ( 'NONE',  ( -51.50000000000324007, 47.43362938564082754, 69.43362938564074227 ) ) ;
#7688 = ORIENTED_EDGE ( 'NONE', *, *, #1761, .F. ) ;
#7689 = ADVANCED_FACE ( 'NONE', ( #5660 ), #232, .F. ) ;
#7690 = CARTESIAN_POINT ( 'NONE',  ( -300.0000000000000568, 499.9999999999998863, -8.000000000000000000 ) ) ;
#7691 = ORIENTED_EDGE ( 'NONE', *, *, #5098, .T. ) ;
#7692 = CARTESIAN_POINT ( 'NONE',  ( -166.2928932188135605, 42.25000000000000000, -215.0000000000001137 ) ) ;
#7693 = ORIENTED_EDGE ( 'NONE', *, *, #2280, .T. ) ;
#7694 = ORIENTED_EDGE ( 'NONE', *, *, #3055, .T. ) ;
#7695 = LINE ( 'NONE', #5318, #5167 ) ;
#7696 = CIRCLE ( 'NONE', #858, 12.99999999999980282 ) ;
#7697 = VECTOR ( 'NONE', #4595, 1000.000000000000000 ) ;
#7698 = CARTESIAN_POINT ( 'NONE',  ( -19.99999999999996092, -8.000000000000001776, -206.2928932188135605 ) ) ;
#7699 = EDGE_LOOP ( 'NONE', ( #2374, #5619, #6166, #1380 ) ) ;
#7700 = ORIENTED_EDGE ( 'NONE', *, *, #7559, .T. ) ;
#7701 = EDGE_CURVE ( 'NONE', #5751, #1765, #1574, .T. ) ;
#7702 = PLANE ( 'NONE',  #3798 ) ;
#7703 = AXIS2_PLACEMENT_3D ( 'NONE', #805, #7540, #5597 ) ;
#7704 = AXIS2_PLACEMENT_3D ( 'NONE', #191, #4513, #1972 ) ;
#7705 = AXIS2_PLACEMENT_3D ( 'NONE', #7498, #164, #921 ) ;
#7706 = DIRECTION ( 'NONE',  ( -0.000000000000000000, -1.000000000000000000, 3.491481338843132961E-15 ) ) ;
#7707 = CARTESIAN_POINT ( 'NONE',  ( -194.2928932188135605, -1.561251128379126385E-14, -194.2928932188134468 ) ) ;
#7708 = LINE ( 'NONE', #2230, #906 ) ;
#7709 = AXIS2_PLACEMENT_3D ( 'NONE', #2590, #7512, #2628 ) ;
#7710 = ORIENTED_EDGE ( 'NONE', *, *, #1270, .F. ) ;
#7711 = VECTOR ( 'NONE', #626, 1000.000000000000000 ) ;
#7712 = CARTESIAN_POINT ( 'NONE',  ( 0.000000000000000000, -2.793185071074506684E-14, 0.000000000000000000 ) ) ;
#7713 = DIRECTION ( 'NONE',  ( -1.000000000000000000, 0.000000000000000000, -4.270088556250598741E-15 ) ) ;
#7714 = DIRECTION ( 'NONE',  ( 1.000000000000000000, 3.491481338843133355E-15, 0.000000000000000000 ) ) ;
#7715 = CARTESIAN_POINT ( 'NONE',  ( -1199.999999999999773, 442.5663706143591298, 12.00000000000000000 ) ) ;
#7716 = AXIS2_PLACEMENT_3D ( 'NONE', #4493, #4373, #1985 ) ;
#7717 = FACE_BOUND ( 'NONE', #40, .T. ) ;
#7718 = EDGE_CURVE ( 'NONE', #1402, #7538, #7438, .T. ) ;
#7719 = EDGE_CURVE ( 'NONE', #7558, #4911, #5860, .T. ) ;
#7720 = AXIS2_PLACEMENT_3D ( 'NONE', #4055, #322, #6428 ) ;
#7721 = DIRECTION ( 'NONE',  ( -1.000000000000000000, 0.000000000000000000, -4.270088556250598741E-15 ) ) ;
#7722 = AXIS2_PLACEMENT_3D ( 'NONE', #7535, #4521, #4484 ) ;
#7723 = ORIENTED_EDGE ( 'NONE', *, *, #3781, .T. ) ;
#7724 = CARTESIAN_POINT ( 'NONE',  ( -360.0000000000000568, 464.9999999999998863, 2.000000000000000000 ) ) ;
#7725 = ORIENTED_EDGE ( 'NONE', *, *, #1269, .F. ) ;
#7726 = VECTOR ( 'NONE', #4201, 1000.000000000000000 ) ;
#7727 = AXIS2_PLACEMENT_3D ( 'NONE', #4088, #6497, #472 ) ;
#7728 = DIRECTION ( 'NONE',  ( 0.000000000000000000, -0.000000000000000000, 1.000000000000000000 ) ) ;
#7729 = ADVANCED_FACE ( 'NONE', ( #1539 ), #4594, .F. ) ;
#7730 = ADVANCED_FACE ( 'NONE', ( #2131 ), #5144, .T. ) ;
#7731 = DIRECTION ( 'NONE',  ( -1.000000000000000000, -0.000000000000000000, -0.000000000000000000 ) ) ;
#7732 = DIRECTION ( 'NONE',  ( 1.000000000000000000, 0.000000000000000000, 0.000000000000000000 ) ) ;
#7733 = DIRECTION ( 'NONE',  ( -0.000000000000000000, 0.000000000000000000, -1.000000000000000000 ) ) ;
#7734 = AXIS2_PLACEMENT_3D ( 'NONE', #2123, #909, #7602 ) ;
#7735 = ORIENTED_EDGE ( 'NONE', *, *, #3297, .T. ) ;
#7736 = ORIENTED_EDGE ( 'NONE', *, *, #1530, .T. ) ;
#7737 = AXIS2_PLACEMENT_3D ( 'NONE', #3623, #615, #4220 ) ;
#7738 = DIRECTION ( 'NONE',  ( -0.000000000000000000, 0.000000000000000000, -1.000000000000000000 ) ) ;
#7739 = ORIENTED_EDGE ( 'NONE', *, *, #2671, .F. ) ;
#7740 = ORIENTED_EDGE ( 'NONE', *, *, #4695, .T. ) ;
#7741 = FACE_OUTER_BOUND ( 'NONE', #7668, .T. ) ;
#7742 = VECTOR ( 'NONE', #5845, 1000.000000000000000 ) ;
#7743 = LINE ( 'NONE', #6072, #1008 ) ;
#7744 = ORIENTED_EDGE ( 'NONE', *, *, #1319, .F. ) ;
#7745 = ORIENTED_EDGE ( 'NONE', *, *, #3009, .F. ) ;
#7746 = CARTESIAN_POINT ( 'NONE',  ( -144.5000000000032401, 47.43362938564082754, -8.000000000000000000 ) ) ;
#7747 = FACE_OUTER_BOUND ( 'NONE', #168, .T. ) ;
#7748 = DIRECTION ( 'NONE',  ( 0.000000000000000000, -1.000000000000000000, -3.491481338843133355E-15 ) ) ;
#7749 = DIRECTION ( 'NONE',  ( 0.000000000000000000, 0.000000000000000000, -1.000000000000000000 ) ) ;
#7750 = ORIENTED_EDGE ( 'NONE', *, *, #1704, .F. ) ;
#7751 = LINE ( 'NONE', #3427, #7452 ) ;
#7752 = CARTESIAN_POINT ( 'NONE',  ( -814.4999999999995453, 174.9999999999998863, -8.000000000000000000 ) ) ;
#7753 = FACE_OUTER_BOUND ( 'NONE', #3772, .T. ) ;
#7754 = DIRECTION ( 'NONE',  ( -0.000000000000000000, 0.000000000000000000, -1.000000000000000000 ) ) ;
#7755 = CARTESIAN_POINT ( 'NONE',  ( -826.9999999999998863, 464.9999999999998863, 0.000000000000000000 ) ) ;
#7756 = EDGE_CURVE ( 'NONE', #6126, #825, #915, .T. ) ;
#7757 = CARTESIAN_POINT ( 'NONE',  ( -166.2928932188135605, 29.25000000000002487, -215.0000000000000568 ) ) ;
#7758 = ORIENTED_EDGE ( 'NONE', *, *, #4401, .T. ) ;
#7759 = AXIS2_PLACEMENT_3D ( 'NONE', #1372, #2523, #673 ) ;
#7760 = CARTESIAN_POINT ( 'NONE',  ( 11.99999999999991296, 0.000000000000000000, 207.0000000000000284 ) ) ;
#7761 = ORIENTED_EDGE ( 'NONE', *, *, #6712, .F. ) ;
#7762 = EDGE_CURVE ( 'NONE', #6060, #1724, #4554, .T. ) ;
#7763 = FACE_OUTER_BOUND ( 'NONE', #7110, .T. ) ;
#7764 = CARTESIAN_POINT ( 'NONE',  ( -207.0000000000001421, 42.25000000000004974, -31.29289321881345387 ) ) ;
#7765 = DIRECTION ( 'NONE',  ( -0.000000000000000000, -1.000000000000000000, 3.491481338843132961E-15 ) ) ;
#7766 = VERTEX_POINT ( 'NONE', #5307 ) ;
#7767 = ORIENTED_EDGE ( 'NONE', *, *, #6349, .T. ) ;
#7768 = ADVANCED_FACE ( 'NONE', ( #7684 ), #7088, .F. ) ;
#7769 = EDGE_CURVE ( 'NONE', #4572, #5227, #5189, .T. ) ;
#7770 = FACE_OUTER_BOUND ( 'NONE', #5312, .T. ) ;
#7771 = CYLINDRICAL_SURFACE ( 'NONE', #5630, 12.99999999999980282 ) ;
#7772 = DIRECTION ( 'NONE',  ( 3.538835890992685980E-16, -0.9999999999999998890, -2.893970583957416835E-15 ) ) ;
#7773 = ORIENTED_EDGE ( 'NONE', *, *, #182, .T. ) ;
#7774 = LINE ( 'NONE', #3004, #7189 ) ;
#7775 = DIRECTION ( 'NONE',  ( -0.000000000000000000, -0.000000000000000000, -1.000000000000000000 ) ) ;
#7776 = ORIENTED_EDGE ( 'NONE', *, *, #800, .T. ) ;
#7777 = ORIENTED_EDGE ( 'NONE', *, *, #6937, .F. ) ;
#7778 = EDGE_CURVE ( 'NONE', #3, #6339, #1239, .T. ) ;
#7779 = DIRECTION ( 'NONE',  ( -1.000000000000000000, 4.845403715540893213E-31, -1.387778780781445676E-16 ) ) ;
#7780 = AXIS2_PLACEMENT_3D ( 'NONE', #6788, #3822, #4303 ) ;
#7781 = CARTESIAN_POINT ( 'NONE',  ( -8.000000000000000000, 0.000000000000000000, -206.2928932188135605 ) ) ;
#7782 = CARTESIAN_POINT ( 'NONE',  ( 0.000000000000000000, 0.000000000000000000, 0.000000000000000000 ) ) ;
#7783 = FACE_OUTER_BOUND ( 'NONE', #4544, .T. ) ;
#7784 = ORIENTED_EDGE ( 'NONE', *, *, #2807, .T. ) ;
#7785 = AXIS2_PLACEMENT_3D ( 'NONE', #6230, #804, #3209 ) ;
#7786 = ADVANCED_FACE ( 'NONE', ( #2248 ), #2762, .F. ) ;
#7787 = DIRECTION ( 'NONE',  ( 3.338921167859688640E-15, -1.000000000000000000, 0.000000000000000000 ) ) ;
#7788 = CARTESIAN_POINT ( 'NONE',  ( 73.99999999999998579, 369.9999999999994884, -7.216449660063517513E-13 ) ) ;
#7789 = CARTESIAN_POINT ( 'NONE',  ( 3.482344524265709458E-13, 29.25000000000071410, -166.2928932188134752 ) ) ;
#7790 = DIRECTION ( 'NONE',  ( 0.000000000000000000, 4.270088556250653172E-15, 1.000000000000000000 ) ) ;
#7791 = CARTESIAN_POINT ( 'NONE',  ( -700.0000000000000000, 39.99999999999987210, -8.000000000000000000 ) ) ;
#7792 = VECTOR ( 'NONE', #727, 1000.000000000000000 ) ;
#7793 = AXIS2_PLACEMENT_3D ( 'NONE', #2084, #5016, #5060 ) ;
#7794 = DIRECTION ( 'NONE',  ( -0.000000000000000000, -0.000000000000000000, -1.000000000000000000 ) ) ;
#7795 = ORIENTED_EDGE ( 'NONE', *, *, #4546, .T. ) ;
#7796 = EDGE_CURVE ( 'NONE', #340, #5239, #6433, .T. ) ;
#7797 = DIRECTION ( 'NONE',  ( 0.000000000000000000, 1.000000000000000000, 0.000000000000000000 ) ) ;
#7798 = ORIENTED_EDGE ( 'NONE', *, *, #6780, .F. ) ;
#7799 = EDGE_CURVE ( 'NONE', #4356, #2929, #3512, .T. ) ;
#7800 = FACE_BOUND ( 'NONE', #2471, .T. ) ;
#7801 = UNCERTAINTY_MEASURE_WITH_UNIT (LENGTH_MEASURE( 1.000000000000000082E-05 ), #3110, 'distance_accuracy_value', 'NONE');
#7802 =( LENGTH_UNIT ( ) NAMED_UNIT ( * ) SI_UNIT ( .MILLI., .METRE. ) );
#7803 = DIRECTION ( 'NONE',  ( 0.000000000000000000, 1.000000000000000000, -3.491481338843133355E-15 ) ) ;
#7804 = LINE ( 'NONE', #3444, #7341 ) ;
#7805 = ORIENTED_EDGE ( 'NONE', *, *, #6057, .T. ) ;
#7806 = AXIS2_PLACEMENT_3D ( 'NONE', #3001, #678, #3647 ) ;
#7807 = ORIENTED_EDGE ( 'NONE', *, *, #1895, .F. ) ;
#7808 = CARTESIAN_POINT ( 'NONE',  ( -814.5000000000002274, 422.5663706143599256, 267.4336293856413249 ) ) ;
#7809 = DIRECTION ( 'NONE',  ( 0.000000000000000000, 1.000000000000000000, 0.000000000000000000 ) ) ;
#7810 = SHAPE_REPRESENTATION_RELATIONSHIP ( 'NONE' , 'NONE' ,  #5690, #4069 ) ;
#7811 = VERTEX_POINT ( 'NONE', #1494 ) ;
#7812 = CYLINDRICAL_SURFACE ( 'NONE', #3259, 13.00000000000001776 ) ;
#7813 = EDGE_CURVE ( 'NONE', #7242, #2074, #5738, .T. ) ;
#7814 = EDGE_CURVE ( 'NONE', #2325, #4274, #4673, .T. ) ;
#7815 = CARTESIAN_POINT ( 'NONE',  ( 0.000000000000000000, 465.0000000000000000, -8.000000000000000000 ) ) ;
#7816 = ORIENTED_EDGE ( 'NONE', *, *, #7177, .F. ) ;
#7817 = ORIENTED_EDGE ( 'NONE', *, *, #5933, .T. ) ;
#7818 = CARTESIAN_POINT ( 'NONE',  ( -839.9999999999998863, 464.9999999999998863, -8.000000000000000000 ) ) ;
#7819 = FACE_OUTER_BOUND ( 'NONE', #6640, .T. ) ;
#7820 = CIRCLE ( 'NONE', #5914, 13.00000000000001066 ) ;
#7821 = DIRECTION ( 'NONE',  ( 0.000000000000000000, 4.270088556250653172E-15, 1.000000000000000000 ) ) ;
#7822 = AXIS2_PLACEMENT_3D ( 'NONE', #6376, #5661, #3926 ) ;
#7823 = DIRECTION ( 'NONE',  ( 0.000000000000000000, 1.000000000000000000, -3.491481338843133355E-15 ) ) ;
#7824 = EDGE_CURVE ( 'NONE', #4723, #7002, #394, .T. ) ;
#7825 = ORIENTED_EDGE ( 'NONE', *, *, #4334, .F. ) ;
#7826 = VECTOR ( 'NONE', #714, 1000.000000000000000 ) ;
#7827 = VECTOR ( 'NONE', #2421, 1000.000000000000000 ) ;
#7828 = DIRECTION ( 'NONE',  ( 0.000000000000000000, 1.000000000000000000, -4.270088556250600319E-15 ) ) ;
#7829 = CARTESIAN_POINT ( 'NONE',  ( -51.50000000000324007, 47.43362938564082754, 0.000000000000000000 ) ) ;
#7830 = DIRECTION ( 'NONE',  ( 1.000000000000000000, 0.000000000000000000, 0.000000000000000000 ) ) ;
#7831 = DIRECTION ( 'NONE',  ( -1.000000000000000000, 0.000000000000000000, 0.000000000000000000 ) ) ;
#7832 = DIRECTION ( 'NONE',  ( -0.000000000000000000, -1.032160468206199275E-14, 1.000000000000000000 ) ) ;
#7833 = CIRCLE ( 'NONE', #7576, 12.99999999999981704 ) ;
#7834 = VECTOR ( 'NONE', #840, 1000.000000000000000 ) ;
#7835 = ORIENTED_EDGE ( 'NONE', *, *, #5288, .F. ) ;
#7836 = PLANE ( 'NONE',  #2778 ) ;
#7837 = VERTEX_POINT ( 'NONE', #2211 ) ;
#7838 = CARTESIAN_POINT ( 'NONE',  ( -20.70710678118653547, 10.62315297300361472, -206.9207504908144131 ) ) ;
#7839 = ORIENTED_EDGE ( 'NONE', *, *, #5008, .T. ) ;
#7840 = VECTOR ( 'NONE', #5923, 1000.000000000000000 ) ;
#7841 = PRODUCT_DEFINITION_SHAPE ( 'NONE', 'NONE',  #4652 ) ;
#7842 = DIRECTION ( 'NONE',  ( -0.000000000000000000, 1.000000000000000000, -3.491481338843133355E-15 ) ) ;
#7843 = VECTOR ( 'NONE', #958, 1000.000000000000000 ) ;
#7844 = CIRCLE ( 'NONE', #4429, 12.99999999999990052 ) ;
#7845 = NEXT_ASSEMBLY_USAGE_OCCURRENCE ( 'NAUO1', ' ', ' ', #3587, #640, $ ) ;
#7846 = NEXT_ASSEMBLY_USAGE_OCCURRENCE ( 'NAUO2', ' ', ' ', #3587, #3236, $ ) ;
#7847 = NEXT_ASSEMBLY_USAGE_OCCURRENCE ( 'NAUO3', ' ', ' ', #3587, #1212, $ ) ;
#7848 = NEXT_ASSEMBLY_USAGE_OCCURRENCE ( 'NAUO4', ' ', ' ', #3587, #1212, $ ) ;
#7849 = NEXT_ASSEMBLY_USAGE_OCCURRENCE ( 'NAUO5', ' ', ' ', #3587, #4652, $ ) ;
#7850 = NEXT_ASSEMBLY_USAGE_OCCURRENCE ( 'NAUO6', ' ', ' ', #3587, #4652, $ ) ;
#7851 = NEXT_ASSEMBLY_USAGE_OCCURRENCE ( 'NAUO7', ' ', ' ', #3587, #2610, $ ) ;
ENDSEC;
END-ISO-10303-21;
